order_id,order_date,pickup_lat,pickup_lon,drop_lat,drop_lon,country,city,rider_id,vehicle_type,scheduled_time_min,actual_time_min,base_distance_km,fuel_cost_est,delivery_status,skill_fragile_handling,skill_urgency_handling,skill_night_driving,skill_weather_resilience,route_difficulty_score,traffic_volatility,weather_severity,delivery_urgency,goods_type,fatigue_index,delay_recovery_time_min,override_by_dispatch,customer_rating,customer_feedback_text,delivery_success,delay_minutes
b1ab8464,2026-01-06,27.082321,71.41595,23.409286,88.133529,India,Ahmedabad,R4110,scooter,275,312,91.05,754.5,delayed,0.61,0.61,0.7,0.66,0.69,0.53,0.91,low,fragile,0.12,39,0,4.4,Excellent service under tough conditions,1,54.0
d7b83ed0,2025-11-19,31.777961,90.739617,19.583859,91.116768,India,Delhi,R6040,bike,180,200,68.93,494.23,delayed,0.92,0.59,0.8,0.61,0.33,0.77,0.53,low,perishable,0.21,29,0,3.1,Late delivery and poor communication,1,43.0
4a008a44,2025-12-14,19.134998,75.546032,28.063487,88.294283,India,Delhi,R5686,scooter,367,367,114.56,573.69,on-time,0.8,0.32,0.39,0.47,0.85,0.2,0.72,medium,high_value,0.24,33,0,2.9,Driver was polite and professional,1,48.0
06e2750e,2026-01-07,33.544003,76.303574,29.546968,95.751987,India,Hyderabad,R4519,bike,345,359,116.04,757.16,delayed,0.73,0.5,0.67,0.3,0.66,0.2,0.44,low,high_value,0.14,16,0,3.4,Handled package carefully,1,36.0
2de2dcbb,2025-11-24,8.463578,82.595076,26.848618,81.836967,India,Mumbai,R9259,bike,296,296,94.8,828.68,on-time,0.49,0.53,0.63,0.6,0.32,0.55,0.63,high,standard,0.63,55,0,4.0,Delivery delayed but driver communicated well,1,45.0
df46dc7b,2025-12-29,12.328937,96.856996,8.600337,81.473151,India,Kolkata,R5166,van,33,33,12.16,84.57,on-time,0.49,0.54,0.82,0.47,0.92,0.86,0.34,medium,standard,0.77,51,0,2.9,Excellent service under tough conditions,1,67.0
16378f9c,2025-12-20,25.716301,81.850854,19.131654,68.748174,India,Ahmedabad,R8407,bike,108,108,36.64,190.41,on-time,0.43,0.65,0.88,0.74,0.59,0.43,0.3,medium,high_value,0.4,44,1,4.1,Handled package carefully,1,40.0
ecc5eade,2025-11-25,8.827426,95.855162,22.183725,89.640636,India,Bengaluru,R1725,van,10,23,3.07,16.14,delayed,0.88,0.62,0.21,0.31,0.25,0.36,0.58,medium,fragile,0.8,16,0,4.7,Handled package carefully,1,40.0
b87a1d93,2025-12-06,23.762777,86.092625,15.894807,92.72312,India,Ahmedabad,R5731,van,260,294,74.53,441.38,delayed,0.73,0.66,0.71,0.65,0.67,0.59,0.5,medium,high_value,0.27,56,0,3.2,Driver was polite and professional,1,49.0
ee655ab1,2025-12-13,15.973233,70.229691,11.683312,77.696884,India,Mumbai,R3055,van,183,210,54.52,403.32,delayed,0.79,0.76,0.24,0.86,0.39,0.84,0.58,low,perishable,0.36,10,0,3.6,Delivery delayed but driver communicated well,1,50.0
f435f3ef,2025-12-23,18.001836,68.086469,31.983715,89.211312,India,Chennai,R4465,bike,55,55,14.55,122.71,on-time,0.41,0.79,0.61,0.4,0.8,0.77,0.29,low,standard,0.22,14,0,3.1,Late delivery and poor communication,1,52.0
a25712bd,2025-12-29,12.25646,91.986455,25.040584,72.55352,India,Chennai,R5148,bike,276,276,106.42,690.6,on-time,0.93,0.73,0.42,0.58,0.81,0.9,0.37,medium,standard,0.6,6,1,3.4,Handled package carefully,1,63.0
8fda3315,2025-11-15,36.831979,76.879954,36.076803,83.39475,India,Pune,R6900,bike,433,464,117.79,732.61,delayed,0.86,0.87,0.43,0.35,0.93,0.12,0.08,low,high_value,0.44,49,1,2.6,Late delivery and poor communication,1,39.0
6f210e63,2026-01-01,9.195493,94.217484,30.233071,78.331997,India,Kolkata,R1474,bike,83,83,23.84,179.31,on-time,0.52,0.31,0.46,0.68,0.58,0.19,0.05,medium,fragile,0.59,29,0,4.9,Delivery delayed but driver communicated well,1,32.0
6859ee45,2026-01-07,23.349276,79.653425,15.27733,81.171692,India,Kolkata,R8783,bike,136,155,48.43,419.94,delayed,0.5,0.42,0.67,0.63,0.54,0.59,0.25,medium,fragile,0.71,11,0,3.5,Delivery delayed but driver communicated well,1,47.0
b0b57246,2025-12-04,18.603352,74.627643,12.858784,88.448723,India,Ahmedabad,R9433,van,195,195,50.71,418.11,on-time,0.5,0.3,0.45,0.54,0.77,0.76,0.07,medium,perishable,0.54,44,0,4.5,Driver was polite and professional,1,52.0
0d68ee22,2026-01-06,21.87265,70.386595,22.71997,78.710465,India,Hyderabad,R7038,van,374,374,97.0,807.93,on-time,0.57,0.69,0.75,0.61,0.3,0.33,0.1,medium,standard,0.6,27,0,2.9,Rude behavior by driver,1,28.0
95925d17,2025-11-24,8.460565,80.457156,29.192865,85.85352,India,Mumbai,R6562,van,102,102,40.74,235.71,on-time,0.69,0.84,0.5,0.84,0.61,0.29,0.81,medium,high_value,0.85,52,0,4.5,Excellent service under tough conditions,1,54.0
3c59c06a,2025-11-12,13.175154,72.811491,14.384361,93.064539,India,Delhi,R5778,scooter,267,305,73.5,640.2,delayed,0.64,0.45,0.25,0.42,0.61,0.73,0.04,medium,high_value,0.34,15,1,4.7,Driver was polite and professional,1,42.0
4cb920b4,2025-12-04,15.285955,84.505233,30.921579,95.821217,India,Mumbai,R3449,van,166,205,47.86,293.11,delayed,0.56,0.86,0.79,0.31,0.27,0.15,0.66,medium,standard,0.39,40,1,4.3,Late delivery and poor communication,1,31.0
a582805d,2025-12-21,35.431082,80.966864,34.130516,68.892277,India,Hyderabad,R7639,scooter,103,103,35.86,268.4,on-time,0.74,0.34,0.41,0.82,0.51,0.4,0.27,medium,high_value,0.67,53,0,4.8,Driver was polite and professional,1,41.0
85ef5034,2025-12-19,13.722045,82.044376,35.094427,69.776441,India,Hyderabad,R1336,bike,315,315,91.49,667.12,on-time,0.48,0.86,0.52,0.65,0.84,0.5,0.87,medium,standard,0.59,52,0,2.9,Delivery delayed but driver communicated well,1,64.0
03bcc4c6,2026-01-01,25.80718,95.25824,20.731516,72.014701,India,Hyderabad,R8527,scooter,246,246,68.06,553.19,on-time,0.56,0.51,0.71,0.83,0.84,0.55,0.48,high,fragile,0.24,55,1,3.7,Handled package carefully,1,52.0
b2365098,2025-11-22,23.077218,84.297826,30.144209,88.381863,India,Delhi,R3582,van,129,129,37.65,228.0,on-time,0.6,0.36,0.45,0.66,0.27,0.68,0.31,medium,fragile,0.4,27,0,4.1,Excellent service under tough conditions,1,37.0
6b7f4039,2025-11-21,20.70728,79.319642,11.639923,90.373247,India,Bengaluru,R6135,van,229,229,69.05,491.05,on-time,0.65,0.59,0.24,0.79,0.27,0.38,0.52,medium,high_value,0.47,47,0,4.0,Excellent service under tough conditions,1,35.0
33375619,2025-11-20,11.126396,75.215899,29.774935,78.628617,India,Ahmedabad,R8705,van,362,362,114.84,669.26,on-time,0.83,0.45,0.48,0.56,0.4,0.59,0.38,high,fragile,0.44,11,0,4.7,Rude behavior by driver,1,41.0
32fe0118,2025-11-26,21.476699,69.044101,15.688449,84.50321,India,Ahmedabad,R5443,van,46,46,12.77,64.7,on-time,0.51,0.47,0.91,0.75,0.86,0.57,0.56,medium,fragile,0.24,31,0,3.0,Delivery delayed but driver communicated well,1,55.0
399ff199,2025-12-11,10.113126,81.688975,31.228672,68.225688,India,Bengaluru,R2164,bike,78,78,27.62,173.75,on-time,0.68,0.48,0.68,0.85,0.3,0.54,0.11,low,perishable,0.84,17,0,2.9,Excellent service under tough conditions,1,37.0
d921d338,2025-12-16,13.845409,89.850743,16.318965,90.925146,India,Bengaluru,R8365,van,63,63,16.49,91.98,on-time,0.73,0.78,0.7,0.64,0.74,0.61,1.0,high,standard,0.71,55,0,3.1,Excellent service under tough conditions,1,68.0
f3c007cd,2025-12-13,34.864918,89.006196,24.816974,76.401271,India,Chennai,R7266,scooter,329,329,111.07,686.18,on-time,0.43,0.62,0.67,0.41,0.28,0.31,0.43,low,standard,0.49,21,0,4.7,Handled package carefully,1,32.0
f25dea77,2026-01-07,31.433886,69.154046,18.130874,92.463794,India,Kolkata,R5582,van,334,334,99.78,619.69,on-time,0.73,0.49,0.35,0.46,0.67,0.17,0.35,medium,high_value,0.64,36,0,4.9,Late delivery and poor communication,1,41.0
e2373794,2025-12-08,30.276456,87.292081,27.458009,92.894279,India,Mumbai,R6632,bike,36,36,11.93,89.77,on-time,0.49,0.67,0.51,0.42,0.47,0.2,0.71,high,standard,0.82,30,0,3.9,Late delivery and poor communication,1,46.0
dad083de,2025-11-25,21.920243,93.097368,16.400064,72.008005,India,Chennai,R4967,van,216,237,62.06,401.39,delayed,0.44,0.73,0.76,0.45,0.79,0.28,0.36,high,perishable,0.21,26,0,3.8,Late delivery and poor communication,1,41.0
c9558d17,2025-11-12,31.354306,96.40067,21.197026,74.785348,India,Chennai,R8610,bike,18,18,5.7,41.8,on-time,0.92,0.46,0.28,0.48,0.38,0.5,0.83,low,high_value,0.3,17,0,4.0,Driver was polite and professional,1,45.0
5e74d577,2025-12-12,27.799205,77.305014,14.011538,78.459367,India,Kolkata,R1344,scooter,427,427,119.71,799.85,on-time,0.93,0.55,0.41,0.63,0.68,0.77,0.45,medium,high_value,0.53,16,0,4.0,Late delivery and poor communication,1,57.0
a4df77ef,2026-01-05,30.421187,68.476507,35.630256,75.788288,India,Chennai,R1551,scooter,282,282,95.97,575.35,on-time,0.84,0.37,0.41,0.65,0.38,0.66,0.72,medium,standard,0.74,11,0,2.9,Late delivery and poor communication,1,53.0
be1da632,2025-11-16,36.344333,93.216196,17.919273,77.106778,India,Hyderabad,R8334,scooter,312,312,87.63,546.49,on-time,0.57,0.41,0.52,0.56,0.74,0.73,0.11,low,fragile,0.13,5,0,4.2,Driver was polite and professional,1,45.0
77ab2a75,2026-01-04,25.26096,90.377271,36.993278,89.538361,India,Kolkata,R6651,bike,285,285,78.43,666.15,on-time,0.45,0.71,0.94,0.67,0.86,0.38,0.85,low,fragile,0.89,37,0,3.6,Handled package carefully,0,66.0
4f1977f7,2025-12-23,25.554369,96.669489,22.843698,87.348059,India,Mumbai,R7639,van,270,301,81.58,624.51,delayed,0.78,0.41,0.25,0.35,0.3,0.42,0.74,medium,fragile,0.46,56,1,3.8,Delivery delayed but driver communicated well,1,41.0
7e6d3c44,2025-12-05,20.577884,84.300466,14.236097,83.827659,India,Kolkata,R6193,scooter,182,182,56.0,353.98,on-time,0.64,0.62,0.59,0.35,0.85,0.41,0.21,medium,fragile,0.39,59,0,2.6,Excellent service under tough conditions,1,46.0
41432c4f,2025-12-14,10.337931,87.039425,35.515142,79.3001,India,Pune,R3834,scooter,120,120,41.87,312.14,on-time,0.47,0.73,0.33,0.4,0.65,0.25,0.15,low,perishable,0.33,18,0,4.4,Rude behavior by driver,1,34.0
6ec95fb5,2025-12-22,29.523757,81.735758,26.731207,93.841099,India,Ahmedabad,R5256,scooter,123,154,38.67,227.03,delayed,0.67,0.36,0.93,0.61,0.3,0.15,0.32,medium,high_value,0.24,51,0,4.6,Excellent service under tough conditions,1,23.0
d18bca70,2025-11-25,32.579409,92.888347,22.588252,84.183834,India,Bengaluru,R5136,scooter,330,330,89.13,507.71,on-time,0.42,0.64,0.28,0.43,0.52,0.57,0.98,medium,fragile,0.73,47,0,4.0,Late delivery and poor communication,1,60.0
3aebd7b5,2025-12-29,29.58415,82.215018,24.349236,79.209031,India,Hyderabad,R1273,bike,248,248,90.43,585.13,on-time,0.9,0.45,0.5,0.47,0.32,0.89,0.26,high,perishable,0.86,45,0,4.4,Late delivery and poor communication,1,50.0
62a93f3b,2025-12-17,8.166898,81.378221,36.561969,87.568991,India,Hyderabad,R2630,bike,309,309,79.08,554.85,on-time,0.54,0.88,0.75,0.54,0.73,0.23,0.46,high,high_value,0.43,21,0,3.8,Excellent service under tough conditions,1,43.0
4e3ab3a4,2025-12-13,15.193656,92.302923,24.830637,85.512848,India,Bengaluru,R1901,van,223,223,84.55,620.55,on-time,0.76,0.59,0.73,0.79,0.77,0.14,0.03,medium,standard,0.86,8,1,4.0,Excellent service under tough conditions,1,40.0
311af189,2025-12-21,33.927257,91.507007,23.901323,73.267236,India,Mumbai,R2486,van,260,260,82.74,496.95,on-time,0.57,0.78,0.52,0.31,0.28,0.72,0.4,high,standard,0.76,56,0,3.5,Late delivery and poor communication,1,46.0
d455ab27,2025-11-19,35.59666,72.317886,8.1972,82.157443,India,Mumbai,R7216,van,93,93,28.62,156.76,on-time,0.69,0.63,0.46,0.69,0.58,0.3,0.57,high,perishable,0.48,55,1,4.5,Driver was polite and professional,1,44.0
a6bfa973,2025-12-05,35.926653,96.72561,26.119553,92.234997,India,Pune,R6637,bike,235,235,66.64,589.0,on-time,0.7,0.33,0.5,0.7,0.81,0.76,0.95,low,high_value,0.64,43,0,3.7,Driver was polite and professional,0,72.0
b0134561,2025-11-25,11.194281,89.373772,28.584734,80.889175,India,Pune,R5033,van,193,212,75.41,516.2,delayed,0.5,0.68,0.4,0.78,0.9,0.66,0.52,low,fragile,0.45,5,0,4.2,Driver was polite and professional,1,61.0
461f79ad,2025-12-19,35.081259,77.980218,17.844608,90.513459,India,Ahmedabad,R1812,scooter,254,292,99.43,523.33,delayed,0.93,0.87,0.35,0.86,0.59,0.86,0.82,medium,high_value,0.55,45,1,4.1,Rude behavior by driver,1,64.0
d90430b6,2026-01-02,12.041562,86.441628,33.378856,68.762767,India,Delhi,R3817,scooter,179,179,61.11,532.52,on-time,0.83,0.66,0.56,0.31,0.91,0.43,0.55,medium,fragile,0.15,49,0,4.3,Delivery delayed but driver communicated well,1,51.0
e3d715e9,2025-12-16,10.21955,71.887949,19.146889,95.684396,India,Hyderabad,R2176,van,420,420,116.72,1028.31,on-time,0.92,0.79,0.4,0.39,0.6,0.63,0.04,medium,perishable,0.66,28,1,4.5,Late delivery and poor communication,1,44.0
cca01063,2025-12-29,28.472702,93.934835,13.284889,94.358855,India,Kolkata,R6421,bike,106,125,31.14,178.0,delayed,0.89,0.83,0.42,0.83,0.5,0.47,0.32,medium,fragile,0.14,38,1,3.8,Handled package carefully,1,35.0
5eebacff,2025-12-31,24.758323,73.576421,34.075772,90.637543,India,Ahmedabad,R4169,bike,82,82,24.03,188.23,on-time,0.73,0.44,0.69,0.58,0.84,0.6,0.58,medium,perishable,0.75,38,1,4.5,Excellent service under tough conditions,0,63.0
962d8991,2025-12-24,35.146209,91.482257,18.558982,92.789712,India,Mumbai,R1146,scooter,311,342,78.85,542.02,delayed,0.91,0.43,0.93,0.64,0.57,0.46,0.95,medium,high_value,0.76,28,0,3.7,Excellent service under tough conditions,0,59.0
37c59053,2025-11-29,24.577081,90.312037,32.013631,81.320032,India,Bengaluru,R7790,scooter,256,277,74.29,395.19,delayed,0.45,0.67,0.65,0.7,0.55,0.25,0.86,low,high_value,0.29,19,0,4.9,Late delivery and poor communication,1,44.0
5728e6a2,2025-12-06,12.532112,79.923375,13.167376,93.27182,India,Hyderabad,R3534,van,220,257,60.58,372.97,delayed,0.51,0.55,0.26,0.71,0.57,0.51,0.23,high,fragile,0.36,21,1,4.4,Late delivery and poor communication,1,40.0
13100d80,2025-12-30,31.735252,91.787737,28.838988,69.274807,India,Delhi,R9307,scooter,150,150,37.85,321.33,on-time,0.42,0.8,0.26,0.86,0.84,0.52,0.22,low,high_value,0.49,17,0,2.9,Late delivery and poor communication,1,50.0
b5d382b6,2025-12-08,30.979941,68.166392,9.918101,93.396327,India,Mumbai,R9964,scooter,273,273,71.65,616.69,on-time,0.58,0.84,0.91,0.9,0.82,0.75,0.2,high,fragile,0.58,11,0,4.6,Excellent service under tough conditions,1,56.0
22201e73,2025-11-14,8.040633,93.458912,31.293721,78.5782,India,Hyderabad,R1370,van,82,82,30.08,192.38,on-time,0.61,0.51,0.42,0.73,0.5,0.69,0.92,low,high_value,0.33,13,0,3.9,Late delivery and poor communication,1,56.0
078f3b51,2025-12-13,15.519267,73.566022,8.217909,74.150496,India,Ahmedabad,R6373,van,53,53,16.04,80.25,on-time,0.55,0.44,0.27,0.47,0.45,0.63,0.85,high,standard,0.57,48,0,5.0,Excellent service under tough conditions,1,55.0
ebf15308,2025-11-19,27.261984,85.48823,34.652181,80.65507,India,Delhi,R7282,van,269,300,97.23,506.72,delayed,0.86,0.77,0.65,0.83,0.57,0.19,0.77,low,fragile,0.34,39,0,4.3,Delivery delayed but driver communicated well,1,42.0
911e8c2f,2025-12-07,36.921402,93.580143,30.123023,83.729288,India,Delhi,R3313,scooter,295,295,105.89,818.14,on-time,0.6,0.46,0.67,0.33,0.63,0.68,0.39,low,perishable,0.14,27,0,2.7,Handled package carefully,1,46.0
7a88b062,2025-12-04,32.575385,94.354289,21.252858,73.792102,India,Bengaluru,R1593,bike,62,62,21.39,151.93,on-time,0.55,0.79,0.69,0.44,0.38,0.5,0.5,low,standard,0.1,58,0,3.5,Driver was polite and professional,1,35.0
57c7d727,2026-01-02,35.577357,75.233479,25.879382,92.543649,India,Hyderabad,R4294,bike,265,300,91.38,568.47,delayed,0.7,0.55,0.4,0.84,0.8,0.82,0.46,medium,perishable,0.18,51,0,3.8,Handled package carefully,1,56.0
5ebbc784,2025-12-01,25.10968,96.392644,20.335732,84.129973,India,Pune,R5913,scooter,221,221,78.25,546.21,on-time,0.48,0.7,0.21,0.45,0.56,0.84,0.25,high,high_value,0.73,43,0,4.6,Late delivery and poor communication,1,54.0
e39649a7,2025-12-05,19.657313,80.840886,29.732301,89.942781,India,Chennai,R7642,scooter,180,180,52.62,318.73,on-time,0.84,0.36,0.92,0.43,0.45,0.14,0.51,medium,standard,0.87,27,1,4.3,Handled package carefully,1,40.0
058cc6aa,2025-11-24,17.662046,95.171174,34.54683,74.223531,India,Bengaluru,R7249,scooter,184,184,67.93,586.9,on-time,0.44,0.67,0.39,0.38,0.28,0.76,0.03,high,high_value,0.44,30,0,3.4,Late delivery and poor communication,1,35.0
2d0b310c,2026-01-05,29.959753,80.531411,34.139739,81.363101,India,Hyderabad,R9027,van,17,17,5.63,40.49,on-time,0.94,0.57,0.71,0.82,0.38,0.13,0.13,medium,fragile,0.51,5,0,4.1,Handled package carefully,1,25.0
29e74f6a,2025-12-27,19.862858,70.030557,15.602082,73.271972,India,Ahmedabad,R6998,bike,115,115,39.73,352.47,on-time,0.82,0.65,0.73,0.6,0.91,0.39,0.89,medium,perishable,0.22,18,0,3.9,Rude behavior by driver,1,58.0
16c1f444,2025-12-15,13.477062,70.895904,16.396278,88.605736,India,Delhi,R9976,van,98,134,36.74,289.26,delayed,0.51,0.4,0.66,0.7,0.43,0.53,0.75,high,high_value,0.54,36,0,2.8,Handled package carefully,1,49.0
b4ed853c,2025-12-01,11.049335,72.545116,36.746209,78.555769,India,Hyderabad,R1171,scooter,115,155,41.37,339.1,delayed,0.4,0.74,0.43,0.44,0.33,0.22,0.42,low,perishable,0.22,55,0,3.1,Driver was polite and professional,1,27.0
205d70a5,2025-12-14,27.244815,94.094388,16.762782,68.46306,India,Delhi,R5628,bike,206,206,52.97,358.03,on-time,0.85,0.82,0.4,0.75,0.55,0.7,0.52,low,perishable,0.59,52,1,3.4,Driver was polite and professional,1,53.0
853d5f79,2025-12-18,16.665115,74.542611,25.611363,87.910043,India,Bengaluru,R8326,van,307,307,114.86,640.7,on-time,0.79,0.43,0.65,0.76,0.43,0.11,0.37,high,high_value,0.85,14,1,3.0,Handled package carefully,1,36.0
037c56fb,2025-11-21,30.481578,73.849118,32.751578,81.129181,India,Kolkata,R8712,bike,192,192,58.8,425.68,on-time,0.8,0.36,0.85,0.49,0.23,0.23,0.74,high,fragile,0.26,5,1,2.9,Excellent service under tough conditions,1,31.0
73535934,2025-11-27,24.386611,95.769937,22.540045,94.206348,India,Hyderabad,R6355,bike,322,322,104.16,674.38,on-time,0.82,0.31,0.91,0.55,0.44,0.56,0.78,high,perishable,0.71,9,0,2.6,Excellent service under tough conditions,1,53.0
24facbff,2026-01-03,16.259742,82.729789,8.083814,78.011217,India,Kolkata,R5576,van,87,87,31.34,236.8,on-time,0.44,0.69,0.28,0.43,0.61,0.67,0.76,high,high_value,0.12,7,0,4.7,Excellent service under tough conditions,1,52.0
bab35379,2025-12-26,9.57073,83.055118,11.264913,90.893889,India,Chennai,R6448,bike,197,197,70.55,455.87,on-time,0.6,0.66,0.32,0.89,0.61,0.83,0.72,low,fragile,0.4,53,0,3.2,Handled package carefully,1,59.0
108aa205,2025-11-20,31.588955,87.959965,23.082032,82.262584,India,Hyderabad,R5331,scooter,137,137,47.61,369.95,on-time,0.46,0.63,0.91,0.69,0.47,0.66,0.2,high,high_value,0.19,54,0,3.2,Excellent service under tough conditions,1,37.0
af2defe8,2025-12-27,10.859175,95.246963,22.60215,78.578021,India,Ahmedabad,R8328,van,63,63,18.23,109.78,on-time,0.87,0.44,0.75,0.86,0.54,0.64,0.34,medium,fragile,0.38,57,0,3.0,Delivery delayed but driver communicated well,1,45.0
d66af4ec,2025-11-24,35.717238,68.715347,30.414664,82.124158,India,Hyderabad,R6983,van,407,407,118.93,604.07,on-time,0.74,0.53,0.86,0.48,0.92,0.42,0.47,high,perishable,0.24,31,0,3.7,Handled package carefully,1,51.0
d5d5eade,2025-11-17,24.510946,82.726779,9.471337,78.868183,India,Hyderabad,R2601,van,56,56,14.43,95.15,on-time,0.58,0.66,0.35,0.77,0.48,0.1,0.33,medium,standard,0.4,55,0,3.8,Driver was polite and professional,1,30.0
c6d8f0db,2025-12-10,30.58858,80.027661,36.120141,77.516877,India,Kolkata,R2136,bike,342,367,100.87,775.58,delayed,0.43,0.6,0.64,0.76,0.39,0.2,0.75,medium,high_value,0.43,58,0,3.0,Excellent service under tough conditions,1,38.0
48e746e7,2025-12-11,10.30416,71.649923,33.947644,88.32306,India,Ahmedabad,R9875,scooter,133,133,51.83,284.77,on-time,0.57,0.89,0.73,0.71,0.38,0.53,0.33,medium,perishable,0.34,26,0,4.0,Rude behavior by driver,1,36.0
e63966a6,2025-12-31,12.837616,81.930808,33.649683,73.490078,India,Bengaluru,R8467,scooter,299,299,100.69,695.82,on-time,0.58,0.38,0.71,0.88,0.54,0.64,0.14,low,high_value,0.63,22,0,4.3,Excellent service under tough conditions,1,44.0
16f263c7,2025-11-15,30.755996,79.875544,14.549574,75.20653,India,Ahmedabad,R1208,bike,259,259,67.99,398.86,on-time,0.8,0.72,0.51,0.54,0.77,0.43,0.4,low,high_value,0.84,20,1,3.4,Driver was polite and professional,1,54.0
3289b74c,2025-12-10,17.244575,96.775764,33.054431,74.403396,India,Kolkata,R9921,bike,54,54,15.88,136.88,on-time,0.75,0.54,0.21,0.38,0.35,0.68,0.98,high,fragile,0.42,6,0,4.0,Delivery delayed but driver communicated well,1,53.0
bb6875b8,2026-01-02,33.418795,68.991695,34.296316,90.394521,India,Pune,R9958,scooter,248,248,74.54,488.93,on-time,0.89,0.56,0.64,0.7,0.73,0.52,0.23,high,high_value,0.25,51,0,3.8,Handled package carefully,1,43.0
a35f3543,2025-12-19,14.182277,77.627752,21.202282,70.629365,India,Bengaluru,R8705,scooter,87,87,23.64,191.8,on-time,0.66,0.73,0.39,0.74,0.22,0.16,0.61,low,fragile,0.32,17,0,3.0,Excellent service under tough conditions,1,28.0
d5210b32,2025-12-29,12.175828,72.480535,29.803061,75.399353,India,Chennai,R9477,scooter,207,207,73.26,492.81,on-time,0.47,0.72,0.54,0.65,0.51,0.25,0.43,high,perishable,0.78,49,1,4.3,Rude behavior by driver,1,42.0
497642c0,2025-11-20,28.94435,71.556825,25.657952,81.940915,India,Pune,R7718,bike,143,171,46.57,394.75,delayed,0.79,0.89,0.92,0.42,0.78,0.77,0.07,medium,high_value,0.56,20,0,4.5,Driver was polite and professional,1,52.0
5004a723,2025-11-12,22.923659,76.371341,22.41298,83.266487,India,Bengaluru,R5910,bike,389,422,108.98,858.66,delayed,0.82,0.38,0.5,0.6,0.45,0.68,0.49,medium,perishable,0.46,12,1,4.1,Rude behavior by driver,1,47.0
c71d2ed6,2025-12-27,18.949207,78.55119,24.962179,72.997649,India,Delhi,R3673,bike,149,149,50.23,384.43,on-time,0.71,0.36,0.83,0.49,0.62,0.82,0.7,low,standard,0.22,47,0,3.3,Late delivery and poor communication,1,56.0
1dbe6500,2026-01-04,18.082457,84.501916,11.056497,96.909233,India,Ahmedabad,R7558,van,179,179,51.36,314.45,on-time,0.82,0.73,0.34,0.56,0.35,0.19,0.51,high,perishable,0.46,12,1,4.8,Driver was polite and professional,1,32.0
69a2f2bb,2025-12-18,31.734477,76.029795,27.563021,79.157078,India,Ahmedabad,R6822,bike,218,218,62.49,342.06,on-time,0.67,0.65,0.7,0.69,0.76,0.89,0.87,medium,high_value,0.32,58,0,3.6,Late delivery and poor communication,1,67.0
7fa46e21,2025-11-28,31.246991,86.098541,26.932527,76.528283,India,Ahmedabad,R4910,scooter,45,45,15.63,118.31,on-time,0.69,0.46,0.93,0.75,0.24,0.27,0.29,medium,standard,0.85,14,0,3.2,Rude behavior by driver,1,32.0
a669f1d1,2025-11-20,10.613204,96.791961,31.552289,95.085148,India,Chennai,R7463,scooter,321,321,91.39,471.73,on-time,0.64,0.35,0.28,0.44,0.84,0.11,0.09,medium,fragile,0.81,59,0,3.5,Handled package carefully,1,42.0
0e4d6630,2026-01-07,30.873111,76.224178,34.560796,85.652759,India,Chennai,R1916,bike,147,147,40.53,313.58,on-time,0.41,0.35,0.21,0.54,0.35,0.9,0.94,low,standard,0.17,37,0,4.2,Handled package carefully,1,54.0
275dda43,2025-12-16,23.488056,95.504478,31.896942,69.108531,India,Bengaluru,R1122,van,20,20,6.35,36.55,on-time,0.46,0.84,0.53,0.46,0.86,0.32,0.38,medium,high_value,0.51,35,1,4.6,Handled package carefully,1,49.0
12bc2c8e,2025-11-24,34.377975,71.141433,12.811291,87.46534,India,Mumbai,R5711,van,100,100,37.44,244.97,on-time,0.42,0.42,0.27,0.42,0.46,0.63,0.58,low,high_value,0.28,16,0,3.4,Late delivery and poor communication,1,45.0
0d79cf49,2026-01-01,16.922271,82.151944,28.666791,70.410667,India,Mumbai,R1893,scooter,233,233,81.63,705.61,on-time,0.75,0.49,0.76,0.77,0.74,0.24,0.79,low,perishable,0.43,13,0,3.1,Handled package carefully,1,50.0
7a294d85,2025-11-24,27.614292,70.337332,27.307653,76.965766,India,Mumbai,R5048,van,68,68,21.35,152.95,on-time,0.57,0.44,0.89,0.85,0.44,0.56,0.32,medium,fragile,0.8,41,1,4.1,Delivery delayed but driver communicated well,1,46.0
f61daa6d,2026-01-06,32.017183,69.608695,30.550675,82.59659,India,Delhi,R7359,van,23,23,8.28,66.31,on-time,0.68,0.51,0.53,0.52,0.88,0.82,0.72,high,high_value,0.52,13,0,4.8,Driver was polite and professional,1,69.0
0610526b,2025-12-15,20.854505,68.569543,16.515042,77.374565,India,Ahmedabad,R1420,bike,239,239,75.36,464.49,on-time,0.9,0.34,0.39,0.75,0.29,0.36,0.14,medium,high_value,0.37,52,1,3.0,Driver was polite and professional,1,26.0
65723360,2025-12-15,28.960118,92.578713,22.879481,70.151421,India,Bengaluru,R4573,scooter,12,12,5.04,43.41,on-time,0.54,0.61,0.53,0.84,0.33,0.64,0.29,low,fragile,0.27,22,0,4.5,Rude behavior by driver,1,36.0
a21928c1,2025-12-05,21.677959,92.856358,25.787936,94.726198,India,Bengaluru,R8080,scooter,167,191,61.24,496.24,delayed,0.63,0.34,0.74,0.81,0.57,0.25,0.14,medium,fragile,0.74,34,1,3.7,Excellent service under tough conditions,1,37.0
ecb5127b,2025-11-23,33.374754,78.467541,18.874033,73.022798,India,Kolkata,R2199,van,117,117,35.34,228.06,on-time,0.82,0.78,0.21,0.41,0.26,0.6,0.81,high,perishable,0.6,36,0,4.5,Late delivery and poor communication,1,48.0
416a58dd,2025-12-13,36.80113,73.491829,17.227335,91.832502,India,Delhi,R8373,van,132,158,41.29,241.43,delayed,0.53,0.44,0.64,0.87,0.35,0.37,0.22,medium,standard,0.47,44,0,3.8,Driver was polite and professional,1,31.0
b2c11340,2025-12-18,8.690491,84.412961,33.00761,73.328454,India,Kolkata,R1365,bike,272,287,106.86,558.65,delayed,0.44,0.62,0.66,0.53,0.91,0.27,0.72,high,fragile,0.27,27,0,3.4,Late delivery and poor communication,1,52.0
4983b390,2026-01-09,16.081615,88.537833,8.209029,76.029301,India,Bengaluru,R7062,scooter,114,114,34.71,242.5,on-time,0.56,0.83,0.68,0.5,0.93,0.35,0.94,medium,high_value,0.37,15,0,4.2,Rude behavior by driver,1,61.0
cfdeb2a8,2025-12-28,16.687924,79.357591,22.468433,77.172511,India,Delhi,R3417,scooter,298,298,85.58,469.87,on-time,0.49,0.69,0.38,0.34,0.48,0.24,0.53,high,fragile,0.87,24,0,4.8,Handled package carefully,1,44.0
517e0cc0,2025-12-13,34.306068,72.430615,20.023889,75.289321,India,Delhi,R5430,bike,93,121,27.87,249.97,delayed,0.91,0.62,0.74,0.59,0.89,0.82,0.54,low,high_value,0.52,23,0,3.3,Excellent service under tough conditions,1,66.0
45c8352b,2025-12-03,27.408054,68.257936,24.820912,88.639211,India,Mumbai,R9179,bike,315,315,96.94,501.54,on-time,0.84,0.49,0.27,0.37,0.61,0.42,0.46,low,perishable,0.42,40,1,3.7,Rude behavior by driver,1,44.0
591dad9e,2025-12-30,18.337659,84.071472,20.526805,86.3979,India,Mumbai,R7436,van,232,232,86.88,512.48,on-time,0.75,0.5,0.35,0.45,0.4,0.3,0.33,low,standard,0.52,56,1,3.1,Delivery delayed but driver communicated well,1,34.0
451c598a,2025-11-18,17.728087,72.750786,18.015962,91.097469,India,Pune,R7625,van,410,410,111.31,580.43,on-time,0.88,0.7,0.86,0.49,0.73,0.46,0.48,medium,perishable,0.72,30,1,3.0,Handled package carefully,1,54.0
989d00da,2025-12-31,31.247323,86.237846,12.257339,75.95683,India,Delhi,R6904,bike,157,157,53.22,411.45,on-time,0.84,0.9,0.75,0.79,0.69,0.36,0.6,high,fragile,0.37,14,1,4.4,Handled package carefully,1,47.0
6e796852,2025-12-15,16.245687,74.688882,8.070344,68.632605,India,Mumbai,R1414,bike,205,205,51.62,325.17,on-time,0.5,0.7,0.21,0.83,0.94,0.7,0.99,high,high_value,0.24,28,1,3.0,Handled package carefully,1,69.0
f42f59bb,2025-12-19,23.661139,71.318666,28.373,95.256024,India,Delhi,R1922,bike,282,296,91.79,688.17,delayed,0.89,0.63,0.39,0.48,0.4,0.88,0.94,low,fragile,0.57,17,1,4.5,Rude behavior by driver,1,61.0
5a6f8fec,2025-12-29,11.791238,87.205188,36.359881,84.709108,India,Kolkata,R4173,van,136,136,46.74,279.89,on-time,0.7,0.74,0.36,0.82,0.7,0.45,0.86,low,fragile,0.63,56,1,3.6,Delivery delayed but driver communicated well,1,59.0
1a681b47,2025-12-25,18.423421,89.079308,12.017429,94.282249,India,Bengaluru,R1417,bike,375,375,116.39,632.89,on-time,0.84,0.58,0.4,0.81,0.24,0.79,0.89,low,fragile,0.67,50,0,5.0,Excellent service under tough conditions,1,55.0
e0feee4e,2025-11-19,16.294412,90.377096,22.385826,85.386835,India,Mumbai,R9282,van,264,264,75.01,601.02,on-time,0.89,0.34,0.39,0.76,0.29,0.55,0.47,low,fragile,0.81,57,1,3.0,Late delivery and poor communication,1,44.0
e87c5674,2025-12-17,17.914417,85.872245,8.49639,91.851634,India,Bengaluru,R2297,van,297,297,103.44,876.33,on-time,0.57,0.64,0.25,0.39,0.2,0.23,0.66,medium,standard,0.4,38,1,2.7,Rude behavior by driver,1,31.0
1aefc19a,2025-12-27,35.594688,75.133936,36.741294,79.045095,India,Mumbai,R7019,van,339,339,110.12,555.34,on-time,0.46,0.87,0.54,0.71,0.95,0.65,0.9,high,high_value,0.16,33,0,2.7,Driver was polite and professional,1,65.0
e704add6,2025-12-11,35.462167,72.337882,13.140158,84.719658,India,Bengaluru,R7170,bike,25,25,8.02,61.27,on-time,0.53,0.41,0.75,0.87,0.8,0.51,0.39,high,fragile,0.87,40,0,4.6,Driver was polite and professional,1,58.0
8821c533,2025-11-17,31.058533,70.270214,18.7188,79.099933,India,Bengaluru,R6545,scooter,382,382,111.37,710.87,on-time,0.63,0.71,0.66,0.71,0.79,0.62,0.96,medium,high_value,0.45,11,0,3.6,Rude behavior by driver,1,65.0
4f8a05a3,2025-12-04,34.864657,75.313609,33.010252,87.367257,India,Ahmedabad,R3932,van,290,290,84.38,460.36,on-time,0.85,0.42,0.7,0.5,0.58,0.81,0.42,high,standard,0.6,55,1,2.5,Late delivery and poor communication,1,55.0
496fdbe7,2025-12-06,13.376845,90.028664,15.533957,82.06882,India,Kolkata,R3139,bike,271,271,90.87,483.69,on-time,0.87,0.62,0.26,0.6,0.43,0.45,0.6,medium,high_value,0.63,34,1,4.7,Driver was polite and professional,1,46.0
bb3f6f77,2025-12-05,11.213877,69.268753,30.109545,87.140571,India,Hyderabad,R4227,van,24,24,8.48,62.1,on-time,0.4,0.36,0.91,0.69,0.31,0.82,0.71,low,high_value,0.54,21,0,4.7,Late delivery and poor communication,1,52.0
2beb49b7,2026-01-03,31.303451,86.142691,23.309525,74.892811,India,Mumbai,R9621,bike,227,227,63.6,339.46,on-time,0.68,0.57,0.83,0.61,0.41,0.7,0.95,medium,standard,0.26,52,0,4.5,Handled package carefully,1,53.0
08ffbbf2,2025-11-12,13.470493,70.109777,12.572339,70.3121,India,Chennai,R5895,van,313,313,94.35,521.57,on-time,0.63,0.75,0.8,0.37,0.48,0.49,0.24,medium,fragile,0.7,17,0,3.1,Rude behavior by driver,1,42.0
3499b3cb,2025-12-11,31.224407,89.493315,10.024986,76.731907,India,Hyderabad,R5870,bike,333,333,106.07,700.23,on-time,0.52,0.51,0.82,0.49,0.77,0.58,0.75,medium,high_value,0.74,28,0,3.4,Handled package carefully,0,64.0
90c2980b,2025-11-19,32.256861,84.222159,12.941187,89.323479,India,Hyderabad,R8840,van,188,188,60.0,444.29,on-time,0.47,0.7,0.9,0.78,0.6,0.36,0.52,low,perishable,0.54,58,0,4.4,Driver was polite and professional,1,46.0
88253527,2025-12-03,15.526282,71.337991,35.738713,93.44741,India,Chennai,R7986,scooter,180,180,57.18,330.05,on-time,0.59,0.78,0.61,0.82,0.26,0.89,0.27,low,high_value,0.49,59,0,3.7,Late delivery and poor communication,1,43.0
2d1ab24a,2026-01-02,10.339427,80.683095,15.427259,71.460308,India,Bengaluru,R8113,scooter,218,218,72.28,374.72,on-time,0.92,0.86,0.35,0.38,0.21,0.63,0.78,low,fragile,0.19,35,1,2.9,Handled package carefully,1,41.0
6eb2b180,2025-11-19,11.225249,93.684093,29.524154,82.164768,India,Mumbai,R6735,bike,33,33,8.56,55.54,on-time,0.58,0.44,0.66,0.87,0.28,0.14,0.55,high,perishable,0.17,31,0,3.1,Driver was polite and professional,1,25.0
047db8ad,2025-12-25,34.744563,83.515083,21.710192,95.496556,India,Ahmedabad,R8613,van,372,372,114.57,1008.45,on-time,0.69,0.54,0.76,0.5,0.51,0.36,0.66,medium,fragile,0.37,54,0,4.9,Delivery delayed but driver communicated well,1,43.0
fce948b8,2025-12-05,36.056919,79.016113,20.490977,82.811193,India,Bengaluru,R4212,bike,32,32,8.59,73.33,on-time,0.79,0.39,0.75,0.7,0.9,0.6,0.32,high,high_value,0.35,25,1,2.9,Handled package carefully,1,54.0
4e698b7b,2025-11-22,15.551299,85.544205,18.956405,94.671373,India,Chennai,R3815,van,18,18,5.38,28.36,on-time,0.6,0.9,0.59,0.75,0.68,0.15,0.48,high,standard,0.86,48,0,4.3,Delivery delayed but driver communicated well,1,47.0
079054c7,2025-11-22,28.116214,77.518258,27.678155,75.785402,India,Chennai,R4739,bike,290,308,77.1,543.9,delayed,0.93,0.86,0.25,0.79,0.8,0.12,0.62,low,fragile,0.73,59,0,3.7,Delivery delayed but driver communicated well,1,50.0
731978f8,2025-12-27,8.553436,82.709871,35.811858,96.485069,India,Pune,R4719,bike,314,314,107.02,890.3,on-time,0.93,0.62,0.48,0.87,0.55,0.46,0.4,medium,fragile,0.63,5,0,4.4,Excellent service under tough conditions,1,45.0
4c6e0a01,2025-12-27,32.473005,82.280217,21.800499,68.550716,India,Hyderabad,R5403,bike,88,88,33.54,201.21,on-time,0.54,0.81,0.89,0.49,0.47,0.37,0.2,high,standard,0.51,19,0,4.2,Driver was polite and professional,1,35.0
97ed1783,2025-12-17,12.046136,76.383575,35.666585,93.414361,India,Bengaluru,R7502,van,149,182,39.1,303.8,delayed,0.67,0.61,0.64,0.82,0.28,0.45,0.96,medium,high_value,0.23,7,1,3.6,Rude behavior by driver,1,42.0
1e6b7e81,2025-12-05,22.925952,82.537534,8.941269,71.50769,India,Chennai,R1217,bike,206,206,61.12,318.53,on-time,0.57,0.67,0.6,0.38,0.86,0.31,0.51,high,fragile,0.88,10,1,3.4,Late delivery and poor communication,1,57.0
89a25028,2025-12-28,21.981787,96.45332,17.836346,83.994582,India,Mumbai,R8135,van,172,189,57.84,466.51,delayed,0.56,0.35,0.4,0.72,0.79,0.23,0.73,low,high_value,0.4,18,0,4.4,Driver was polite and professional,1,50.0
f8750b54,2025-12-27,10.873691,82.227634,32.351996,84.64541,India,Chennai,R8438,van,273,273,74.2,510.9,on-time,0.42,0.75,0.48,0.75,0.33,0.65,0.41,low,high_value,0.19,59,0,3.3,Excellent service under tough conditions,1,37.0
159eea94,2026-01-08,21.959597,70.325157,35.106809,95.268679,India,Hyderabad,R6067,scooter,261,261,87.45,770.87,on-time,0.74,0.38,0.87,0.71,0.58,0.51,0.36,high,high_value,0.5,42,0,4.5,Excellent service under tough conditions,1,45.0
11b5c108,2026-01-04,34.656614,95.716654,29.842168,76.021023,India,Kolkata,R3600,van,230,230,68.08,404.62,on-time,0.68,0.8,0.7,0.45,0.57,0.26,0.41,high,standard,0.8,37,0,4.2,Handled package carefully,1,44.0
ee8e7b70,2025-12-29,33.390308,80.337508,15.081651,84.485648,India,Delhi,R1722,van,400,400,106.79,700.55,on-time,0.43,0.77,0.79,0.82,0.67,0.36,0.41,high,high_value,0.81,56,1,3.9,Late delivery and poor communication,1,49.0
3e1f4a52,2025-12-04,30.587725,87.546428,36.481936,89.955173,India,Hyderabad,R1011,scooter,162,162,48.48,393.28,on-time,0.55,0.73,0.54,0.4,0.91,0.57,0.54,medium,high_value,0.11,42,0,3.4,Excellent service under tough conditions,1,54.0
1b6d2da6,2025-11-25,18.023595,76.531484,10.014048,75.459298,India,Chennai,R9701,bike,265,265,93.27,521.03,on-time,0.9,0.32,0.67,0.33,0.63,0.16,0.54,high,perishable,0.81,12,0,3.0,Rude behavior by driver,1,46.0
9e1736c1,2025-12-27,22.634173,93.191381,14.234654,86.630187,India,Ahmedabad,R5509,van,193,193,76.6,689.03,on-time,0.53,0.48,0.39,0.73,0.61,0.22,0.5,high,perishable,0.32,30,1,4.3,Driver was polite and professional,1,39.0
e6354d14,2025-11-15,9.217587,89.281513,20.394065,75.055817,India,Kolkata,R3352,scooter,196,196,68.03,372.27,on-time,0.48,0.46,0.73,0.59,0.24,0.16,0.13,high,perishable,0.13,19,1,2.7,Rude behavior by driver,1,16.0
1ae65ac0,2025-11-18,14.574844,90.265571,19.863169,77.466648,India,Ahmedabad,R2536,bike,30,30,7.72,49.71,on-time,0.67,0.52,0.52,0.81,0.25,0.75,0.5,medium,fragile,0.78,18,0,4.9,Handled package carefully,1,48.0
3f092ca6,2025-12-31,21.598344,72.316891,10.005817,73.288376,India,Mumbai,R3612,scooter,179,179,66.01,485.2,on-time,0.94,0.35,0.53,0.53,0.34,0.7,0.17,low,fragile,0.79,52,1,4.9,Driver was polite and professional,1,43.0
46d74ff7,2025-12-11,36.164874,76.918582,13.658623,78.606815,India,Bengaluru,R1961,van,67,92,26.76,180.61,delayed,0.53,0.86,0.69,0.4,0.22,0.7,0.13,high,perishable,0.58,24,0,2.8,Handled package carefully,1,35.0
b7f137db,2025-12-13,20.846096,88.034017,33.008446,86.759611,India,Delhi,R6699,bike,314,351,84.46,562.08,delayed,0.77,0.63,0.9,0.8,0.76,0.67,0.93,medium,standard,0.56,59,0,2.8,Late delivery and poor communication,1,67.0
1e5f6402,2025-12-30,13.207326,86.942978,11.745122,82.227175,India,Delhi,R8433,bike,274,274,74.32,537.21,on-time,0.82,0.48,0.25,0.63,0.74,0.64,0.6,medium,standard,0.75,52,0,3.5,Late delivery and poor communication,1,61.0
ed6dbf8b,2025-12-04,13.655423,96.605909,10.342826,92.810312,India,Pune,R1228,van,88,88,33.74,244.34,on-time,0.53,0.54,0.82,0.41,0.3,0.48,0.66,medium,perishable,0.73,23,0,4.9,Rude behavior by driver,1,45.0
e129f4d2,2025-11-17,25.655333,74.447472,22.892246,86.935928,India,Ahmedabad,R7817,van,336,367,99.33,752.82,delayed,0.8,0.57,0.42,0.73,0.83,0.61,0.4,medium,fragile,0.81,37,0,3.5,Rude behavior by driver,1,60.0
16ac499c,2025-12-10,17.113102,75.80578,14.480768,77.411928,India,Bengaluru,R5566,van,369,390,117.76,721.44,delayed,0.6,0.66,0.53,0.61,0.32,0.13,0.91,medium,fragile,0.54,40,0,3.4,Late delivery and poor communication,1,39.0
48fb9633,2025-11-14,16.480715,83.963987,27.266751,83.442649,India,Kolkata,R9334,scooter,111,111,31.01,223.52,on-time,0.75,0.61,0.22,0.66,0.43,0.6,0.64,low,standard,0.87,28,0,4.3,Delivery delayed but driver communicated well,1,54.0
64b3110b,2025-11-12,18.208751,88.549005,20.390747,75.404827,India,Pune,R6052,van,324,341,117.72,997.62,delayed,0.75,0.85,0.43,0.58,0.39,0.72,0.77,high,high_value,0.9,14,0,2.9,Late delivery and poor communication,1,59.0
b9463f30,2025-12-04,35.694596,75.300496,15.155748,68.755322,India,Ahmedabad,R7800,van,73,73,20.63,108.83,on-time,0.69,0.6,0.58,0.8,0.48,0.5,0.37,medium,standard,0.19,56,0,3.4,Driver was polite and professional,1,37.0
257a8a06,2025-12-17,19.06692,93.937732,18.709111,76.211248,India,Bengaluru,R9533,bike,402,402,106.75,596.61,on-time,0.45,0.9,0.24,0.8,0.39,0.39,0.96,medium,high_value,0.78,54,0,3.2,Handled package carefully,1,52.0
b6d2e773,2026-01-01,19.117236,90.750493,17.388756,79.015629,India,Mumbai,R7300,bike,232,232,88.47,506.49,on-time,0.86,0.81,0.57,0.73,0.57,0.32,0.82,low,fragile,0.5,38,0,4.0,Late delivery and poor communication,1,49.0
4cfde2f1,2026-01-09,27.624831,84.628711,12.108416,79.80393,India,Mumbai,R5331,scooter,106,106,28.06,180.9,on-time,0.58,0.43,0.9,0.36,0.51,0.61,0.85,low,fragile,0.41,40,0,2.9,Late delivery and poor communication,1,54.0
fcbf57dc,2025-12-21,25.063535,94.50501,27.454877,90.901281,India,Pune,R3873,van,158,158,41.2,322.48,on-time,0.5,0.86,0.28,0.8,0.94,0.65,0.17,low,perishable,0.59,51,0,3.9,Excellent service under tough conditions,1,57.0
096f1d52,2025-11-27,15.272691,93.591863,16.579166,70.082116,India,Bengaluru,R2428,van,23,23,7.13,39.61,on-time,0.42,0.37,0.77,0.7,0.24,0.8,0.27,medium,fragile,0.14,40,1,4.6,Handled package carefully,1,35.0
08455a2d,2025-11-16,8.839617,88.2514,32.291573,78.245855,India,Hyderabad,R7155,scooter,140,140,47.33,293.36,on-time,0.72,0.79,0.51,0.72,0.31,0.37,0.29,low,high_value,0.51,20,0,3.8,Excellent service under tough conditions,1,32.0
5cd03138,2026-01-09,9.369655,85.104847,16.435907,70.655428,India,Chennai,R5573,scooter,164,164,50.51,395.02,on-time,0.77,0.53,0.69,0.52,0.24,0.72,0.27,high,standard,0.8,19,0,4.2,Handled package carefully,1,43.0
84c659aa,2025-12-07,26.311178,81.643088,8.159564,87.046709,India,Hyderabad,R8761,scooter,90,100,24.34,154.16,delayed,0.41,0.83,0.4,0.83,0.67,0.55,0.86,low,perishable,0.27,22,0,2.7,Driver was polite and professional,1,55.0
dc76674c,2025-12-13,21.104156,76.859384,16.364545,68.816993,India,Chennai,R4085,scooter,221,221,58.93,417.83,on-time,0.68,0.82,0.32,0.74,0.24,0.81,0.03,low,high_value,0.44,11,1,3.6,Handled package carefully,1,35.0
4442d73e,2025-11-30,11.344413,85.636531,8.700732,95.11685,India,Pune,R2291,van,133,133,52.24,429.93,on-time,0.52,0.78,0.32,0.37,0.83,0.52,0.08,low,standard,0.85,51,1,2.7,Rude behavior by driver,1,52.0
0d9a81a2,2026-01-03,11.831666,87.548332,14.511232,88.25587,India,Chennai,R6091,van,20,20,5.3,35.55,on-time,0.75,0.77,0.25,0.54,0.58,0.51,0.27,low,standard,0.44,26,0,4.0,Late delivery and poor communication,1,42.0
a87c1349,2025-11-20,20.331993,74.93977,32.529152,74.013938,India,Kolkata,R2953,van,85,85,28.13,245.48,on-time,0.5,0.48,0.34,0.83,0.6,0.56,0.2,high,standard,0.39,36,0,3.2,Handled package carefully,1,42.0
601f280a,2025-12-13,35.032376,78.642244,35.303028,94.240672,India,Chennai,R3943,bike,12,44,4.28,25.57,delayed,0.78,0.35,0.7,0.33,0.62,0.7,0.23,high,fragile,0.45,47,0,3.2,Driver was polite and professional,1,47.0
f9796a1b,2025-11-19,11.874238,73.546983,33.670693,75.983385,India,Delhi,R2681,van,396,396,118.52,1004.49,on-time,0.61,0.54,0.86,0.88,0.33,0.87,0.8,medium,standard,0.52,23,1,2.7,Handled package carefully,1,55.0
2d63eb6f,2025-12-04,14.836826,83.671289,33.964607,95.170167,India,Delhi,R6948,van,336,336,90.25,525.64,on-time,0.92,0.4,0.81,0.71,0.35,0.16,0.56,low,fragile,0.61,44,0,3.3,Late delivery and poor communication,1,35.0
21dd4697,2025-12-18,35.636666,68.329309,25.701066,74.098356,India,Hyderabad,R7620,van,184,184,48.71,389.99,on-time,0.48,0.72,0.71,0.68,0.44,0.14,0.01,low,standard,0.74,5,1,3.8,Delivery delayed but driver communicated well,1,28.0
eec92f91,2025-12-29,36.309122,96.153839,24.976461,77.545416,India,Delhi,R9697,scooter,341,372,99.04,856.5,delayed,0.59,0.51,0.28,0.46,0.65,0.85,0.43,medium,standard,0.46,39,0,4.0,Handled package carefully,1,56.0
4b298362,2025-11-23,23.238192,69.427441,18.642744,74.759478,India,Pune,R5888,scooter,267,267,100.84,866.55,on-time,0.46,0.89,0.42,0.45,0.36,0.52,0.41,high,fragile,0.75,9,0,2.7,Rude behavior by driver,1,43.0
b13391a2,2025-12-05,15.979194,83.601125,15.584781,89.185419,India,Delhi,R8315,scooter,11,49,3.06,24.92,delayed,0.91,0.68,0.43,0.87,0.29,0.59,0.11,low,fragile,0.53,54,1,4.1,Late delivery and poor communication,1,34.0
dfbe31f9,2025-12-26,15.37334,77.087937,26.722507,82.834492,India,Bengaluru,R3268,bike,338,338,113.75,931.06,on-time,0.88,0.79,0.39,0.48,0.93,0.49,0.68,medium,high_value,0.37,16,1,3.7,Driver was polite and professional,1,59.0
e6190205,2025-12-24,12.096307,81.583623,24.776233,84.450927,India,Ahmedabad,R8318,van,232,249,88.04,465.84,delayed,0.54,0.38,0.59,0.77,0.22,0.17,0.7,medium,standard,0.63,16,0,3.8,Late delivery and poor communication,1,34.0
8e58b5fa,2025-11-24,34.163034,71.153427,12.553452,84.43224,India,Hyderabad,R5819,van,63,83,24.5,129.89,delayed,0.76,0.82,0.6,0.54,0.8,0.71,0.72,low,fragile,0.67,25,0,4.6,Excellent service under tough conditions,1,66.0
b1ec7c23,2025-11-12,28.69237,89.465889,26.425636,82.278198,India,Kolkata,R2031,bike,236,236,94.56,495.18,on-time,0.85,0.85,0.47,0.38,0.79,0.7,0.73,medium,high_value,0.55,23,0,3.4,Delivery delayed but driver communicated well,1,64.0
f805ba90,2025-12-31,26.766605,85.710474,28.712027,93.508348,India,Kolkata,R1693,scooter,63,89,20.39,132.13,delayed,0.71,0.59,0.47,0.31,0.42,0.35,0.0,low,high_value,0.15,13,0,2.9,Driver was polite and professional,1,24.0
b4179b99,2025-12-14,30.432003,72.554716,33.559713,80.14233,India,Hyderabad,R6270,bike,56,81,16.43,129.99,delayed,0.69,0.66,0.82,0.63,0.3,0.34,0.95,high,fragile,0.24,47,0,3.9,Delivery delayed but driver communicated well,1,40.0
fb5a1bd8,2025-12-02,11.947201,90.507948,22.135457,83.382131,India,Ahmedabad,R7834,bike,353,386,100.28,504.78,delayed,0.53,0.76,0.79,0.89,0.31,0.77,0.81,low,standard,0.33,53,0,4.9,Delivery delayed but driver communicated well,1,50.0
6e903c9d,2026-01-04,36.954295,69.96886,20.085018,81.925755,India,Chennai,R1796,bike,193,193,57.23,387.75,on-time,0.45,0.4,0.43,0.52,0.72,0.16,0.9,medium,high_value,0.33,52,0,3.8,Rude behavior by driver,1,49.0
ae4fdee0,2025-12-09,16.093117,93.784905,10.35194,86.02482,India,Kolkata,R8265,bike,151,151,50.94,429.31,on-time,0.89,0.6,0.89,0.51,0.68,0.8,0.02,low,standard,0.64,40,0,4.6,Handled package carefully,1,50.0
791db648,2025-11-19,24.968931,70.349849,35.71612,76.551439,India,Mumbai,R1880,scooter,130,130,50.74,403.31,on-time,0.9,0.54,0.91,0.51,0.79,0.31,0.93,high,standard,0.11,46,0,4.4,Rude behavior by driver,1,52.0
5d89e6dc,2025-11-28,36.604362,84.292068,18.56584,90.811852,India,Ahmedabad,R9491,bike,285,285,109.8,643.11,on-time,0.75,0.39,0.45,0.61,0.9,0.57,0.81,low,high_value,0.7,58,0,3.8,Rude behavior by driver,0,68.0
6a226ac1,2025-11-21,18.311991,78.262969,28.54694,80.536132,India,Kolkata,R7536,bike,114,114,31.55,181.37,on-time,0.59,0.52,0.47,0.56,0.72,0.85,0.84,high,fragile,0.31,51,0,4.1,Excellent service under tough conditions,1,64.0
21b23f73,2026-01-07,21.999994,75.81066,31.834322,89.52567,India,Pune,R1277,van,9,25,3.06,26.95,delayed,0.59,0.34,0.58,0.83,0.32,0.64,0.09,high,standard,0.35,55,0,3.5,Rude behavior by driver,1,33.0
b9e4cc2d,2025-11-14,21.688824,80.058446,10.309382,89.752663,India,Delhi,R4966,bike,350,350,95.07,844.4,on-time,0.8,0.32,0.91,0.6,0.38,0.43,0.74,high,perishable,0.52,36,0,3.8,Driver was polite and professional,1,45.0
51b64a6e,2025-11-29,19.16693,79.8759,24.194309,91.224127,India,Ahmedabad,R6579,bike,155,155,41.14,314.68,on-time,0.89,0.38,0.86,0.6,0.83,0.65,0.96,medium,fragile,0.27,39,0,3.8,Handled package carefully,1,64.0
c1b01c81,2025-12-30,32.335033,70.80052,25.846092,89.287274,India,Ahmedabad,R8717,bike,367,367,115.02,881.77,on-time,0.89,0.88,0.28,0.38,0.36,0.38,0.68,medium,high_value,0.81,35,0,4.3,Handled package carefully,1,46.0
53017c4a,2025-12-03,25.450945,72.14876,28.160964,85.913454,India,Chennai,R5595,van,97,117,25.44,175.55,delayed,0.83,0.63,0.49,0.89,0.25,0.32,0.57,low,perishable,0.17,57,0,3.5,Driver was polite and professional,1,29.0
9c27ba0e,2025-12-22,28.292114,85.268023,18.565718,69.444059,India,Delhi,R8485,van,292,302,111.26,827.9,delayed,0.75,0.88,0.62,0.45,0.73,0.9,0.95,low,standard,0.46,59,0,2.7,Rude behavior by driver,1,70.0
9c3e5e75,2025-12-14,13.563848,93.752352,30.42925,90.356987,India,Bengaluru,R2447,bike,361,361,108.77,945.34,on-time,0.45,0.56,0.58,0.34,0.5,0.7,0.44,medium,fragile,0.78,36,0,4.5,Rude behavior by driver,1,53.0
c2920291,2026-01-02,30.166025,91.686344,16.223274,81.703999,India,Kolkata,R4372,bike,122,122,40.89,309.46,on-time,0.49,0.49,0.35,0.7,0.89,0.62,0.6,low,perishable,0.59,41,0,4.2,Delivery delayed but driver communicated well,1,63.0
f1514ea5,2025-12-17,24.067611,69.819986,13.276621,69.061972,India,Delhi,R3549,scooter,267,267,77.55,494.78,on-time,0.89,0.6,0.84,0.66,0.69,0.38,0.48,high,fragile,0.33,36,1,4.9,Delivery delayed but driver communicated well,1,45.0
de982548,2026-01-09,16.643317,72.545608,11.134067,77.169227,India,Delhi,R6490,bike,401,441,118.75,601.12,delayed,0.73,0.56,0.71,0.55,0.27,0.14,0.93,low,standard,0.44,47,1,3.6,Excellent service under tough conditions,1,37.0
f0e5c914,2025-11-15,27.180347,92.956789,34.667876,92.192872,India,Delhi,R3680,bike,230,230,65.57,494.1,on-time,0.41,0.36,0.83,0.55,0.91,0.12,0.08,medium,fragile,0.67,41,0,2.7,Late delivery and poor communication,1,42.0
caeaccba,2025-11-20,27.732028,81.905184,26.730155,84.649317,India,Pune,R2498,scooter,327,327,95.29,700.94,on-time,0.46,0.68,0.84,0.77,0.39,0.54,0.5,medium,perishable,0.88,43,0,2.8,Delivery delayed but driver communicated well,1,48.0
8f0a8bff,2025-11-27,15.859789,85.935026,28.470792,77.916504,India,Bengaluru,R1210,van,204,204,62.4,348.72,on-time,0.76,0.43,0.76,0.42,0.45,0.71,0.69,medium,fragile,0.81,42,0,4.4,Handled package carefully,1,57.0
74464753,2025-11-14,28.339315,96.609963,19.404761,87.002118,India,Mumbai,R4164,bike,38,38,12.29,63.73,on-time,0.4,0.67,0.53,0.79,0.5,0.53,0.79,medium,high_value,0.37,34,0,2.7,Driver was polite and professional,1,50.0
1d69c1b8,2026-01-06,11.605955,75.933728,26.660047,75.127332,India,Hyderabad,R1018,van,290,317,73.22,432.81,delayed,0.49,0.69,0.66,0.69,0.24,0.77,0.58,low,high_value,0.9,36,0,4.8,Rude behavior by driver,1,52.0
a739b355,2025-12-26,19.276663,94.752493,12.577686,93.25337,India,Bengaluru,R8178,bike,44,44,17.27,120.66,on-time,0.7,0.39,0.32,0.55,0.57,0.13,0.91,medium,perishable,0.1,49,0,3.2,Late delivery and poor communication,1,40.0
eca9d63c,2025-12-13,22.225299,68.029829,11.905298,86.872278,India,Pune,R8153,van,339,355,119.59,668.51,delayed,0.78,0.34,0.71,0.57,0.29,0.39,0.94,low,fragile,0.12,6,0,4.7,Delivery delayed but driver communicated well,1,39.0
f2daf1cf,2025-12-05,13.496125,79.027475,26.791846,73.325907,India,Mumbai,R4393,van,120,120,33.58,269.63,on-time,0.76,0.77,0.33,0.45,0.5,0.29,0.06,high,perishable,0.76,55,1,4.4,Late delivery and poor communication,1,35.0
22292de1,2025-12-25,21.470756,95.693865,26.438171,95.082321,India,Pune,R7651,bike,377,398,114.62,835.58,delayed,0.52,0.58,0.72,0.75,0.46,0.46,0.4,high,fragile,0.26,15,0,4.7,Driver was polite and professional,1,37.0
38669fe3,2025-11-30,35.560828,73.122552,31.757434,91.712444,India,Pune,R1707,van,271,271,92.51,637.36,on-time,0.79,0.33,0.37,0.61,0.78,0.16,0.02,high,standard,0.15,24,0,3.0,Driver was polite and professional,1,30.0
f3af175f,2025-12-16,12.957458,81.45021,11.295824,83.296518,India,Hyderabad,R8669,van,36,70,11.38,77.74,delayed,0.53,0.9,0.29,0.49,0.8,0.86,0.33,low,high_value,0.29,41,1,4.0,Late delivery and poor communication,1,56.0
0e8acca8,2025-12-23,14.297657,79.202793,26.320947,89.859708,India,Chennai,R2844,bike,274,274,82.07,687.67,on-time,0.58,0.33,0.32,0.66,0.32,0.28,0.54,low,standard,0.44,13,0,2.7,Late delivery and poor communication,1,34.0
b1bc0423,2025-12-31,17.937707,76.169454,12.842536,72.492982,India,Kolkata,R3957,bike,21,21,8.68,57.82,on-time,0.81,0.72,0.2,0.9,0.47,0.84,0.91,low,fragile,0.68,42,0,3.0,Excellent service under tough conditions,1,64.0
314bab67,2025-12-09,20.331193,83.772706,26.128004,73.590873,India,Chennai,R9091,van,147,147,38.4,196.53,on-time,0.76,0.89,0.74,0.56,0.48,0.44,0.85,low,standard,0.6,53,0,3.3,Late delivery and poor communication,1,51.0
c99d254a,2025-11-29,35.332963,90.227064,8.629049,70.784505,India,Mumbai,R2448,bike,61,76,18.93,112.51,delayed,0.87,0.44,0.75,0.85,0.31,0.89,0.13,low,perishable,0.29,23,0,4.4,Rude behavior by driver,1,38.0
a22d44ca,2025-12-29,33.626677,88.062136,17.382309,76.633087,India,Bengaluru,R1860,scooter,319,332,87.23,621.01,delayed,0.76,0.39,0.59,0.51,0.8,0.54,0.09,medium,perishable,0.5,59,0,2.6,Handled package carefully,1,47.0
a1a91044,2025-12-25,20.428193,69.773668,18.293454,88.038278,India,Ahmedabad,R4876,scooter,340,355,108.46,801.34,delayed,0.71,0.37,0.32,0.33,0.73,0.84,0.59,low,fragile,0.84,44,0,4.8,Delivery delayed but driver communicated well,0,67.0
4e4634c7,2025-11-23,11.959156,70.277069,9.412383,77.93943,India,Ahmedabad,R5250,bike,391,391,102.92,841.89,on-time,0.45,0.48,0.26,0.42,0.34,0.1,0.53,medium,high_value,0.75,11,0,2.7,Delivery delayed but driver communicated well,1,35.0
6d05ebca,2026-01-06,8.339275,82.835997,28.371061,85.325609,India,Mumbai,R7043,van,278,305,91.16,616.11,delayed,0.6,0.36,0.21,0.55,0.48,0.7,0.27,high,perishable,0.36,9,0,3.4,Delivery delayed but driver communicated well,1,43.0
16952a2c,2025-11-13,19.462624,73.337638,16.352704,81.632029,India,Mumbai,R6871,scooter,324,324,90.11,506.06,on-time,0.55,0.72,0.32,0.43,0.28,0.82,0.9,medium,high_value,0.89,51,1,2.7,Late delivery and poor communication,1,60.0
547ce4e3,2025-12-01,9.727099,75.991472,25.426801,71.848677,India,Bengaluru,R8213,bike,336,336,114.81,885.68,on-time,0.53,0.34,0.87,0.3,0.67,0.21,0.93,low,fragile,0.67,46,0,4.4,Late delivery and poor communication,0,54.0
ba28c867,2025-11-21,31.944396,81.475792,22.796545,90.566284,India,Ahmedabad,R6520,van,388,388,99.75,851.98,on-time,0.94,0.61,0.38,0.85,0.29,0.18,0.4,low,high_value,0.15,28,0,2.9,Excellent service under tough conditions,1,23.0
c80e541b,2025-12-08,11.4126,77.269948,28.483483,94.213818,India,Kolkata,R8138,van,413,413,103.99,760.3,on-time,0.62,0.9,0.47,0.81,0.94,0.44,0.89,medium,fragile,0.13,52,1,4.7,Late delivery and poor communication,1,59.0
7bacc6ea,2025-12-17,26.260373,79.008298,15.204988,77.795089,India,Mumbai,R7190,van,95,95,31.32,268.64,on-time,0.89,0.79,0.28,0.75,0.79,0.85,0.38,low,standard,0.23,45,0,3.8,Excellent service under tough conditions,1,56.0
9d2e48a5,2025-12-06,8.745694,74.075891,16.37821,83.023445,India,Hyderabad,R8539,scooter,234,234,72.45,576.16,on-time,0.75,0.67,0.37,0.4,0.49,0.53,0.74,medium,fragile,0.68,11,0,4.9,Excellent service under tough conditions,1,53.0
6cbbe61f,2026-01-06,32.263788,72.422931,34.772248,95.463871,India,Chennai,R4586,scooter,120,120,36.0,196.22,on-time,0.84,0.48,0.59,0.37,0.63,0.52,0.48,low,standard,0.25,15,0,3.2,Rude behavior by driver,1,45.0
e63346ff,2025-12-17,18.547841,89.319322,17.415114,69.111618,India,Pune,R7172,van,46,46,17.58,107.01,on-time,0.68,0.67,0.66,0.34,0.88,0.21,0.12,high,fragile,0.51,13,0,3.6,Rude behavior by driver,1,42.0
20d83f54,2025-12-09,17.032814,72.281871,25.287093,92.500691,India,Hyderabad,R1250,scooter,78,90,21.81,191.53,delayed,0.72,0.62,0.38,0.73,0.62,0.1,0.93,high,perishable,0.17,53,0,4.2,Rude behavior by driver,1,42.0
c9456afb,2025-12-27,19.055667,93.287464,16.150178,80.22082,India,Bengaluru,R3796,scooter,101,101,28.22,209.97,on-time,0.67,0.56,0.24,0.86,0.33,0.75,0.45,medium,perishable,0.84,34,0,4.6,Rude behavior by driver,1,50.0
2703b4ab,2025-11-18,14.940923,94.011726,33.477668,80.973923,India,Pune,R5092,van,253,253,74.72,416.45,on-time,0.51,0.38,0.49,0.56,0.48,0.17,0.73,low,high_value,0.38,45,1,3.6,Driver was polite and professional,1,39.0
50e35ff0,2025-12-01,23.751668,82.281141,9.710415,80.141367,India,Chennai,R4671,van,264,264,77.87,528.07,on-time,0.8,0.83,0.38,0.37,0.83,0.61,0.37,low,fragile,0.83,7,0,4.7,Rude behavior by driver,1,60.0
7b2f12a2,2025-12-17,21.978477,76.744403,33.131198,90.107882,India,Chennai,R2260,van,272,272,99.79,742.32,on-time,0.55,0.57,0.36,0.61,0.68,0.83,0.02,high,fragile,0.86,26,0,2.8,Rude behavior by driver,1,54.0
a4c4c0af,2025-12-11,22.833727,80.997933,28.883346,94.93711,India,Bengaluru,R5260,bike,276,276,92.14,655.73,on-time,0.41,0.42,0.92,0.51,0.69,0.27,0.1,medium,fragile,0.1,44,0,4.3,Rude behavior by driver,1,31.0
744d25cb,2025-11-20,33.874498,68.149531,18.77367,91.339821,India,Ahmedabad,R3272,van,229,251,86.58,664.4,delayed,0.76,0.52,0.66,0.52,0.85,0.63,0.5,low,high_value,0.47,55,0,3.4,Excellent service under tough conditions,1,58.0
ca4878fc,2025-11-11,22.222469,83.164546,8.703993,81.547289,India,Ahmedabad,R7551,van,332,332,99.65,842.79,on-time,0.5,0.55,0.62,0.67,0.87,0.16,0.69,low,perishable,0.12,24,0,2.8,Delivery delayed but driver communicated well,1,46.0
4f7c36c9,2025-12-18,14.924551,80.727749,15.488175,94.015328,India,Chennai,R3636,bike,58,58,19.05,159.53,on-time,0.92,0.8,0.51,0.73,0.89,0.58,0.33,low,fragile,0.83,36,0,3.5,Delivery delayed but driver communicated well,1,60.0
5dbb1e6b,2025-12-22,25.693082,85.441177,14.97491,71.476801,India,Hyderabad,R7308,van,144,144,49.64,380.41,on-time,0.92,0.74,0.52,0.37,0.27,0.23,0.7,high,high_value,0.51,52,0,4.7,Delivery delayed but driver communicated well,1,36.0
b683a2b0,2025-12-09,8.047625,87.273762,35.92629,69.973868,India,Chennai,R2039,van,271,292,108.48,876.81,delayed,0.9,0.76,0.61,0.32,0.61,0.69,0.7,low,fragile,0.16,11,0,5.0,Handled package carefully,1,52.0
aef9edce,2025-11-15,23.266493,78.241693,24.938176,73.282774,India,Chennai,R6281,scooter,42,42,15.81,106.04,on-time,0.6,0.31,0.72,0.9,0.76,0.34,0.7,medium,standard,0.19,11,1,3.5,Driver was polite and professional,1,48.0
ce85293a,2025-12-06,29.741108,71.514697,9.266108,91.988302,India,Mumbai,R6381,scooter,383,383,105.13,792.05,on-time,0.41,0.55,0.73,0.44,0.77,0.47,0.49,medium,fragile,0.41,24,1,4.7,Excellent service under tough conditions,1,51.0
61e2c1f5,2025-12-21,33.589367,88.623287,23.310503,79.944338,India,Hyderabad,R9590,bike,192,192,64.65,444.55,on-time,0.91,0.59,0.33,0.33,0.66,0.58,0.91,medium,standard,0.85,29,0,3.8,Late delivery and poor communication,0,65.0
e6dc6b06,2025-12-25,28.119885,72.454533,17.655714,72.268604,India,Kolkata,R9557,scooter,320,320,116.29,888.74,on-time,0.64,0.31,0.58,0.41,0.33,0.24,0.49,high,high_value,0.65,49,0,4.3,Excellent service under tough conditions,1,35.0
326033a3,2025-12-16,27.359266,69.661673,34.685673,87.597468,India,Bengaluru,R8585,scooter,21,61,7.14,52.55,delayed,0.93,0.46,0.51,0.32,0.8,0.69,0.45,high,high_value,0.79,39,0,2.6,Rude behavior by driver,1,62.0
4e8de81a,2025-12-27,32.620526,96.581925,16.178125,74.538851,India,Kolkata,R4176,bike,176,189,51.5,341.75,delayed,0.93,0.76,0.85,0.54,0.74,0.34,0.2,medium,perishable,0.39,48,1,3.9,Delivery delayed but driver communicated well,1,41.0
1d1f4fc0,2025-11-22,18.18927,72.148641,28.117591,71.157063,India,Bengaluru,R5674,scooter,44,44,12.79,97.33,on-time,0.87,0.38,0.67,0.78,0.26,0.63,0.31,low,fragile,0.13,28,0,2.7,Excellent service under tough conditions,1,32.0
3086ad51,2025-12-25,28.784593,77.929231,35.391086,87.341045,India,Ahmedabad,R7860,van,236,263,87.52,447.32,delayed,0.56,0.62,0.6,0.5,0.55,0.23,0.04,medium,high_value,0.88,44,0,3.2,Driver was polite and professional,1,36.0
27916da8,2026-01-01,34.202194,84.719459,27.542258,89.059118,India,Chennai,R4597,bike,59,59,19.05,119.13,on-time,0.61,0.43,0.29,0.57,0.33,0.65,0.63,medium,perishable,0.11,17,1,3.9,Rude behavior by driver,1,40.0
4218610b,2025-12-29,15.104911,87.57313,36.923751,91.378983,India,Delhi,R5148,scooter,207,207,69.08,569.4,on-time,0.87,0.31,0.65,0.71,0.45,0.2,0.25,medium,fragile,0.86,56,0,4.5,Handled package carefully,1,36.0
06dd2e95,2025-11-17,21.080014,87.894312,8.555825,76.474008,India,Mumbai,R4677,scooter,84,84,26.09,232.99,on-time,0.57,0.44,0.29,0.61,0.21,0.44,0.3,medium,high_value,0.39,52,1,3.9,Late delivery and poor communication,1,29.0
7c646ec1,2025-12-07,15.361876,74.369717,24.458311,72.459091,India,Chennai,R8995,scooter,278,307,106.25,551.2,delayed,0.49,0.89,0.45,0.82,0.5,0.3,0.77,low,standard,0.11,43,0,4.8,Rude behavior by driver,1,40.0
96cd79cf,2025-12-24,28.929258,74.667442,28.520329,91.330256,India,Hyderabad,R9266,scooter,213,213,75.88,641.31,on-time,0.71,0.78,0.31,0.82,0.61,0.7,0.33,medium,high_value,0.65,8,0,4.5,Late delivery and poor communication,1,52.0
60766ed0,2025-12-09,24.891503,81.616787,36.859236,85.005083,India,Delhi,R9230,van,411,411,108.21,869.43,on-time,0.91,0.88,0.72,0.31,0.66,0.31,0.24,low,standard,0.88,16,0,2.9,Excellent service under tough conditions,1,46.0
5bfce33a,2025-12-19,34.343423,70.483182,21.537236,90.349771,India,Ahmedabad,R4892,bike,196,196,59.55,532.86,on-time,0.78,0.59,0.35,0.77,0.7,0.81,0.17,high,perishable,0.87,21,1,3.5,Rude behavior by driver,1,58.0
c1577dfb,2025-11-27,22.809256,85.491809,14.436577,86.129674,India,Mumbai,R5712,scooter,215,215,79.19,534.94,on-time,0.71,0.37,0.49,0.58,0.83,0.81,0.77,low,perishable,0.23,5,0,4.2,Handled package carefully,1,64.0
da0fbe63,2025-12-21,32.013677,75.978997,20.920901,90.372295,India,Bengaluru,R3347,van,313,313,83.44,684.85,on-time,0.45,0.63,0.87,0.89,0.36,0.26,0.13,medium,fragile,0.24,21,0,4.8,Excellent service under tough conditions,1,24.0
c2da3d27,2025-11-21,24.112682,84.764187,18.583524,93.108507,India,Bengaluru,R8415,van,377,416,108.88,684.6,delayed,0.74,0.57,0.35,0.59,0.29,0.59,0.45,low,fragile,0.55,6,0,5.0,Driver was polite and professional,1,41.0
27ee3771,2025-12-11,8.700611,83.280288,10.774698,92.314635,India,Pune,R7374,bike,152,152,54.06,398.18,on-time,0.94,0.81,0.58,0.89,0.84,0.17,0.51,medium,fragile,0.61,10,1,4.4,Late delivery and poor communication,1,49.0
11197252,2025-12-21,24.958031,69.860783,30.646578,84.536642,India,Ahmedabad,R5400,van,360,376,95.59,645.68,delayed,0.48,0.36,0.51,0.75,0.32,0.41,0.69,medium,perishable,0.69,48,0,3.9,Late delivery and poor communication,1,44.0
41dc8b36,2026-01-02,26.511068,73.358633,26.89156,91.526858,India,Delhi,R8576,scooter,140,140,43.36,371.38,on-time,0.69,0.59,0.21,0.45,0.93,0.67,0.63,low,standard,0.24,15,0,4.4,Driver was polite and professional,1,61.0
ee84f4c3,2026-01-01,15.829612,89.753374,36.765432,82.056324,India,Chennai,R2064,scooter,285,285,105.18,876.84,on-time,0.88,0.39,0.79,0.62,0.83,0.63,0.81,high,fragile,0.87,57,1,3.2,Late delivery and poor communication,0,70.0
5eca2f75,2025-12-10,21.775144,84.887276,24.26786,88.648888,India,Pune,R4488,scooter,145,145,47.03,320.82,on-time,0.81,0.49,0.25,0.9,0.58,0.6,0.04,medium,fragile,0.61,47,1,3.2,Excellent service under tough conditions,1,42.0
1e407d5b,2025-12-21,9.125111,88.494848,20.574298,75.102356,India,Ahmedabad,R5109,scooter,177,202,44.3,244.0,delayed,0.78,0.74,0.56,0.81,0.94,0.33,0.3,medium,perishable,0.78,22,0,4.1,Delivery delayed but driver communicated well,1,54.0
2d91d220,2025-12-29,16.893958,90.902402,35.391226,87.273129,India,Mumbai,R2122,van,95,106,28.27,166.23,delayed,0.79,0.59,0.62,0.36,0.27,0.4,0.28,low,standard,0.53,44,0,4.7,Driver was polite and professional,1,32.0
f54dc5bb,2025-11-22,14.117178,78.147677,27.815951,96.489567,India,Mumbai,R7598,van,195,195,77.42,580.85,on-time,0.6,0.53,0.67,0.72,0.43,0.18,0.15,medium,high_value,0.43,29,0,4.9,Handled package carefully,1,27.0
e133584c,2026-01-08,26.126354,92.640201,34.618178,95.35525,India,Hyderabad,R3289,scooter,344,367,117.39,986.95,delayed,0.56,0.54,0.72,0.51,0.68,0.68,0.29,medium,fragile,0.88,43,0,3.4,Rude behavior by driver,1,56.0
b838321e,2025-12-14,35.050584,73.148182,34.580114,75.094189,India,Chennai,R8667,bike,45,45,13.22,79.41,on-time,0.85,0.58,0.39,0.3,0.46,0.5,0.31,medium,high_value,0.57,32,0,4.5,Rude behavior by driver,1,41.0
7cebdc85,2025-12-23,14.020626,94.92319,32.990094,68.94434,India,Chennai,R9211,van,253,281,87.2,610.08,delayed,0.85,0.77,0.21,0.54,0.9,0.67,0.52,medium,high_value,0.79,50,0,4.6,Driver was polite and professional,1,66.0
6a118839,2025-11-18,36.911479,95.651039,19.87351,71.401167,India,Kolkata,R6746,bike,67,67,18.57,99.57,on-time,0.88,0.84,0.74,0.44,0.25,0.3,0.66,medium,fragile,0.86,20,0,4.1,Delivery delayed but driver communicated well,1,41.0
a561f1e2,2025-12-27,25.715753,74.280064,17.148382,94.143717,India,Bengaluru,R2753,van,107,107,33.78,204.84,on-time,0.9,0.87,0.6,0.79,0.61,0.36,0.38,low,perishable,0.64,16,0,3.4,Excellent service under tough conditions,1,44.0
5434e175,2025-12-22,33.434688,85.112087,30.594547,68.8304,India,Hyderabad,R7992,bike,414,414,115.12,802.42,on-time,0.68,0.77,0.83,0.5,0.64,0.37,0.72,low,fragile,0.54,45,0,4.0,Handled package carefully,1,51.0
a7c63b7c,2025-12-22,32.914475,74.685101,9.876134,92.497992,India,Bengaluru,R8093,van,198,198,69.25,566.83,on-time,0.68,0.49,0.82,0.8,0.69,0.12,0.34,low,standard,0.1,56,0,4.0,Rude behavior by driver,1,32.0
7c13466e,2025-12-07,29.67463,96.276107,20.452407,87.912842,India,Bengaluru,R8955,bike,129,129,36.73,187.03,on-time,0.84,0.71,0.83,0.3,0.39,0.37,0.29,low,standard,0.13,33,0,4.0,Rude behavior by driver,1,29.0
e829232d,2026-01-07,8.347035,92.722982,19.145617,76.019165,India,Hyderabad,R8761,scooter,261,261,70.51,378.79,on-time,0.76,0.56,0.56,0.48,0.47,0.74,0.54,medium,fragile,0.26,27,1,4.0,Excellent service under tough conditions,1,47.0
5ed616a6,2025-12-30,20.104283,78.73187,17.593503,83.121093,India,Bengaluru,R6815,scooter,201,201,77.79,394.93,on-time,0.79,0.45,0.45,0.44,0.83,0.82,0.02,high,high_value,0.25,25,0,4.6,Delivery delayed but driver communicated well,1,50.0
57df78b1,2026-01-07,28.347229,74.211984,19.294641,82.233756,India,Chennai,R5036,van,166,166,66.58,478.24,on-time,0.84,0.8,0.79,0.44,0.35,0.51,0.08,low,standard,0.3,20,0,2.9,Late delivery and poor communication,1,29.0
15626040,2025-11-25,16.613608,90.723775,18.967367,75.16802,India,Bengaluru,R1538,bike,145,145,39.73,202.03,on-time,0.89,0.32,0.54,0.34,0.82,0.46,0.42,high,standard,0.34,57,0,3.4,Driver was polite and professional,1,50.0
e61ca147,2026-01-04,27.89178,94.588298,17.028829,85.850953,India,Kolkata,R9761,bike,349,349,90.0,475.69,on-time,0.59,0.84,0.34,0.41,0.62,0.12,0.94,medium,fragile,0.39,55,0,4.0,Delivery delayed but driver communicated well,1,46.0
73a9cc93,2025-12-01,25.302906,86.965455,31.533423,73.621693,India,Pune,R4645,bike,55,55,21.83,134.31,on-time,0.61,0.58,0.84,0.63,0.77,0.8,0.72,high,fragile,0.44,52,1,3.2,Delivery delayed but driver communicated well,1,64.0
1dcb2b25,2025-12-09,26.710562,73.473525,33.120594,76.085332,India,Ahmedabad,R3079,van,50,63,13.7,108.17,delayed,0.45,0.68,0.86,0.47,0.74,0.11,0.09,medium,perishable,0.18,45,0,4.9,Delivery delayed but driver communicated well,1,29.0
fb6fa4de,2025-11-20,27.836873,85.488778,21.712092,90.492685,India,Mumbai,R8114,scooter,247,247,75.1,420.67,on-time,0.72,0.7,0.55,0.55,0.36,0.86,0.85,medium,fragile,0.13,49,0,3.2,Delivery delayed but driver communicated well,1,51.0
1188f8ef,2025-12-29,12.868659,87.987543,22.431881,72.934283,India,Bengaluru,R8953,van,323,323,96.88,788.94,on-time,0.42,0.84,0.26,0.53,0.63,0.49,0.73,low,fragile,0.64,30,0,3.7,Late delivery and poor communication,1,55.0
9e63ba58,2026-01-01,31.341461,86.098829,13.755707,75.618231,India,Ahmedabad,R7440,bike,215,215,80.72,504.35,on-time,0.66,0.68,0.49,0.83,0.85,0.37,0.61,low,standard,0.53,41,1,4.7,Excellent service under tough conditions,1,55.0
ef27ef7e,2025-12-09,23.012908,72.848096,22.033593,85.734232,India,Ahmedabad,R4486,bike,66,66,16.63,115.85,on-time,0.7,0.67,0.8,0.84,0.52,0.84,0.82,low,standard,0.46,26,0,2.7,Handled package carefully,1,60.0
e165572c,2025-12-01,13.933233,90.714773,21.326397,68.091575,India,Ahmedabad,R5366,bike,190,209,75.22,501.23,delayed,0.56,0.34,0.88,0.6,0.92,0.12,0.4,medium,standard,0.61,55,0,4.6,Delivery delayed but driver communicated well,1,48.0
b53500f3,2025-12-31,30.592575,90.210073,19.132712,81.552229,India,Bengaluru,R4206,van,171,171,46.89,311.41,on-time,0.72,0.61,0.35,0.5,0.54,0.57,0.22,low,high_value,0.76,14,0,3.9,Delivery delayed but driver communicated well,1,46.0
016503d5,2025-11-21,8.488825,76.86327,30.513544,77.312655,India,Pune,R4622,bike,241,241,84.81,670.03,on-time,0.42,0.39,0.25,0.36,0.31,0.54,0.51,high,standard,0.44,11,0,2.6,Driver was polite and professional,1,40.0
d6acddf6,2025-12-26,24.678581,88.729723,24.793541,78.935554,India,Hyderabad,R6776,van,122,135,36.98,281.62,delayed,0.42,0.74,0.86,0.87,0.49,0.28,0.55,low,standard,0.61,13,0,4.8,Rude behavior by driver,1,42.0
ca21758b,2025-12-22,20.144811,92.405104,36.952323,88.085892,India,Mumbai,R8284,scooter,294,294,75.67,396.13,on-time,0.85,0.61,0.49,0.34,0.91,0.44,0.54,high,fragile,0.86,29,0,2.6,Late delivery and poor communication,0,62.0
1505e7fb,2025-12-12,25.961143,71.430378,36.690304,83.731874,India,Pune,R4479,bike,228,228,78.31,576.05,on-time,0.6,0.71,0.61,0.48,0.44,0.62,0.57,low,perishable,0.77,50,0,3.8,Delivery delayed but driver communicated well,1,52.0
9b9dc9cd,2025-12-30,17.397013,95.332499,19.287394,89.164463,India,Ahmedabad,R8715,van,50,50,13.83,89.1,on-time,0.47,0.33,0.93,0.48,0.85,0.68,0.95,low,standard,0.44,19,0,2.6,Handled package carefully,0,68.0
ba720109,2025-12-31,29.991549,74.700217,22.825519,90.052791,India,Kolkata,R4559,van,364,364,100.63,856.52,on-time,0.69,0.35,0.25,0.49,0.86,0.1,0.9,low,perishable,0.62,17,0,2.7,Handled package carefully,0,56.0
73c66a55,2025-12-07,22.103057,90.336897,15.61128,83.123124,India,Kolkata,R6881,scooter,12,12,4.37,31.03,on-time,0.82,0.73,0.69,0.4,0.46,0.85,0.88,medium,standard,0.24,46,0,4.7,Handled package carefully,1,56.0
2c73d888,2025-11-30,34.284122,92.619032,31.776281,91.24705,India,Pune,R1154,bike,250,250,92.38,560.86,on-time,0.52,0.34,0.26,0.77,0.26,0.23,0.8,low,standard,0.55,50,0,4.4,Driver was polite and professional,1,38.0
1688f4d4,2025-12-18,22.775728,96.59176,21.635696,69.742451,India,Chennai,R7735,bike,155,155,44.67,367.56,on-time,0.74,0.34,0.48,0.37,0.74,0.29,0.94,high,perishable,0.89,30,0,3.0,Handled package carefully,0,62.0
84e0259e,2025-12-26,8.569483,84.363738,21.450133,73.152517,India,Chennai,R9863,bike,39,39,11.27,84.59,on-time,0.45,0.31,0.8,0.68,0.43,0.31,0.1,low,fragile,0.51,25,0,4.1,Excellent service under tough conditions,1,30.0
92ad9c04,2025-12-04,34.628733,79.440059,26.943166,85.589256,India,Hyderabad,R3749,van,242,277,77.74,689.54,delayed,0.43,0.87,0.53,0.37,0.79,0.13,0.27,low,standard,0.84,27,1,4.5,Driver was polite and professional,1,45.0
36ee2cba,2025-12-01,35.898606,86.716465,31.638497,76.169344,India,Kolkata,R2253,bike,341,341,98.59,719.92,on-time,0.69,0.74,0.95,0.34,0.53,0.2,0.5,high,perishable,0.43,48,0,4.7,Late delivery and poor communication,1,37.0
edc6892d,2025-11-26,32.557462,70.626173,15.95919,90.366181,India,Delhi,R8841,van,91,91,23.33,171.45,on-time,0.7,0.51,0.62,0.85,0.56,0.89,0.85,low,standard,0.9,32,0,3.7,Handled package carefully,0,70.0
313e2352,2025-12-14,31.030445,86.418535,15.49068,75.372787,India,Kolkata,R9257,bike,295,295,109.77,701.47,on-time,0.75,0.48,0.44,0.41,0.78,0.35,0.51,high,high_value,0.56,55,0,4.7,Rude behavior by driver,1,51.0
bd80f516,2026-01-06,12.051857,82.430696,12.034085,74.307053,India,Mumbai,R4033,scooter,42,42,14.97,96.29,on-time,0.8,0.51,0.37,0.79,0.49,0.19,0.75,high,high_value,0.13,42,0,3.8,Delivery delayed but driver communicated well,1,36.0
38352efd,2025-12-09,14.340323,86.16316,34.089268,82.697663,India,Chennai,R4318,bike,250,250,87.53,549.93,on-time,0.94,0.76,0.46,0.63,0.53,0.19,0.14,low,high_value,0.57,16,0,4.2,Late delivery and poor communication,1,32.0
b4194f1b,2025-12-08,8.425255,87.085028,26.987203,73.433382,India,Delhi,R9453,scooter,168,168,64.78,329.67,on-time,0.68,0.7,0.48,0.35,0.48,0.68,0.25,low,high_value,0.32,28,0,4.9,Excellent service under tough conditions,1,41.0
ea59b8d8,2026-01-06,27.26223,77.586573,28.560429,71.522757,India,Ahmedabad,R8803,van,28,28,11.07,72.67,on-time,0.58,0.41,0.25,0.87,0.48,0.78,0.73,low,fragile,0.13,17,0,3.1,Rude behavior by driver,1,50.0
3c8ba035,2025-12-10,34.582357,86.873603,10.392422,87.347054,India,Chennai,R3411,van,214,214,73.92,500.63,on-time,0.84,0.4,0.48,0.45,0.59,0.31,0.16,high,high_value,0.76,44,1,2.9,Late delivery and poor communication,1,40.0
27b3934e,2025-12-04,32.075032,91.978116,18.477446,88.461709,India,Delhi,R3303,bike,36,36,9.68,73.22,on-time,0.55,0.36,0.55,0.82,0.81,0.12,0.35,medium,perishable,0.32,52,0,3.4,Excellent service under tough conditions,1,39.0
831e13e4,2025-11-29,13.179712,94.748945,15.519681,79.701691,India,Mumbai,R6138,bike,237,237,71.46,393.42,on-time,0.64,0.7,0.74,0.4,0.47,0.28,0.26,medium,standard,0.74,6,0,2.9,Handled package carefully,1,37.0
32c2bc59,2025-12-25,32.46752,78.131586,15.98738,85.705598,India,Ahmedabad,R3054,scooter,297,297,89.41,624.69,on-time,0.44,0.76,0.69,0.81,0.59,0.15,0.35,high,perishable,0.33,58,1,3.2,Late delivery and poor communication,1,33.0
17bcad8a,2025-12-28,19.473071,85.539099,11.859064,71.329491,India,Mumbai,R6021,van,303,303,89.47,740.91,on-time,0.41,0.46,0.73,0.31,0.7,0.18,0.71,low,high_value,0.26,43,0,4.4,Late delivery and poor communication,1,44.0
3d359d54,2025-12-08,14.039655,79.687223,31.305821,80.23851,India,Ahmedabad,R9450,scooter,17,51,6.71,59.39,delayed,0.93,0.31,0.21,0.61,0.4,0.45,0.37,high,fragile,0.88,16,1,3.7,Late delivery and poor communication,1,44.0
d58a0ba0,2026-01-03,28.335631,92.413477,31.05701,69.492858,India,Delhi,R7545,van,284,284,81.37,411.98,on-time,0.86,0.35,0.36,0.76,0.41,0.28,0.56,medium,high_value,0.39,43,0,3.4,Driver was polite and professional,1,36.0
f7216933,2025-12-06,15.090631,74.717827,31.701454,82.536233,India,Kolkata,R8285,bike,259,259,73.65,638.71,on-time,0.78,0.88,0.7,0.86,0.9,0.51,0.1,medium,high_value,0.58,55,0,3.4,Rude behavior by driver,1,50.0
fbfc3414,2025-11-23,13.953063,80.11352,35.416333,84.52229,India,Bengaluru,R7149,bike,348,374,92.2,628.74,delayed,0.62,0.48,0.56,0.85,0.74,0.3,0.81,high,fragile,0.59,18,0,3.0,Excellent service under tough conditions,1,55.0
15f25041,2025-12-07,19.417311,71.979065,13.319955,84.115612,India,Chennai,R7495,scooter,453,453,114.3,896.56,on-time,0.5,0.76,0.2,0.79,0.63,0.85,0.37,medium,fragile,0.55,34,1,3.6,Handled package carefully,1,56.0
42162f6d,2025-12-19,22.476536,73.79847,33.964739,77.187231,India,Bengaluru,R4345,bike,74,74,20.04,104.49,on-time,0.49,0.67,0.8,0.83,0.69,0.82,0.65,low,fragile,0.83,45,1,4.1,Delivery delayed but driver communicated well,1,67.0
78222463,2025-12-04,25.86736,92.989053,11.617586,76.711801,India,Chennai,R6344,bike,155,155,56.68,403.83,on-time,0.54,0.53,0.78,0.42,0.22,0.55,0.73,medium,fragile,0.64,54,0,2.8,Handled package carefully,1,45.0
83667936,2026-01-06,31.071289,96.09318,25.154968,68.670239,India,Pune,R8779,van,145,145,37.98,335.89,on-time,0.7,0.42,0.61,0.47,0.66,0.38,0.21,medium,fragile,0.42,47,0,4.9,Handled package carefully,1,40.0
b0d165c6,2025-11-13,31.417676,74.553031,15.687335,92.087601,India,Kolkata,R4426,bike,123,123,40.21,228.51,on-time,0.79,0.37,0.25,0.47,0.58,0.4,0.88,low,fragile,0.79,52,0,3.6,Driver was polite and professional,0,57.0
6ce1f506,2025-11-28,26.729982,69.502182,35.81679,83.988885,India,Pune,R3590,bike,228,228,64.94,364.57,on-time,0.76,0.67,0.77,0.53,0.61,0.43,0.62,high,standard,0.24,23,0,4.9,Driver was polite and professional,1,45.0
33419e95,2025-12-31,18.682666,85.475747,30.20386,74.841335,India,Pune,R2441,bike,309,309,107.68,811.2,on-time,0.55,0.76,0.64,0.54,0.47,0.68,0.43,low,high_value,0.54,35,1,2.8,Late delivery and poor communication,1,48.0
bec9b47c,2025-12-30,32.467955,83.725943,13.787799,78.85091,India,Pune,R4885,van,408,408,119.5,913.63,on-time,0.93,0.69,0.79,0.63,0.26,0.46,0.18,medium,high_value,0.86,47,0,4.4,Handled package carefully,1,36.0
754c06c9,2025-12-22,36.09559,78.580389,27.198182,71.815157,India,Bengaluru,R9428,bike,26,43,7.74,58.39,delayed,0.81,0.62,0.76,0.4,0.35,0.79,0.94,medium,fragile,0.6,54,0,4.0,Rude behavior by driver,1,58.0
f44a065d,2025-11-24,33.557247,90.965652,10.560585,78.312253,India,Chennai,R5408,scooter,339,339,112.81,757.72,on-time,0.7,0.33,0.8,0.71,0.91,0.86,0.76,low,perishable,0.75,47,1,4.6,Driver was polite and professional,0,75.0
94116cd3,2025-12-27,35.607735,75.579948,19.397051,86.572,India,Kolkata,R2416,van,50,50,19.28,144.6,on-time,0.74,0.88,0.59,0.4,0.51,0.37,0.21,high,fragile,0.62,29,1,4.0,Excellent service under tough conditions,1,38.0
81f23709,2025-12-14,25.947264,94.655551,31.603343,89.539357,India,Ahmedabad,R6316,van,327,327,92.7,766.75,on-time,0.63,0.78,0.31,0.49,0.55,0.55,0.34,high,standard,0.77,8,0,4.9,Driver was polite and professional,1,49.0
42f7b992,2025-11-12,18.84249,82.247382,35.721923,91.866275,India,Ahmedabad,R8230,scooter,285,296,97.84,543.84,delayed,0.54,0.48,0.7,0.6,0.24,0.18,0.81,medium,perishable,0.86,54,0,4.1,Rude behavior by driver,1,41.0
16451756,2025-12-27,12.182642,80.608335,26.803488,73.003353,India,Chennai,R3615,scooter,314,314,104.23,688.86,on-time,0.6,0.89,0.67,0.78,0.23,0.26,0.7,low,standard,0.32,55,1,4.5,Driver was polite and professional,1,32.0
5609c13b,2025-12-25,30.515991,89.880571,19.497618,76.160331,India,Ahmedabad,R4229,bike,106,106,28.65,196.64,on-time,0.82,0.66,0.76,0.74,0.74,0.43,0.77,low,perishable,0.24,17,0,4.7,Rude behavior by driver,1,52.0
86c696c2,2025-12-19,22.993541,76.155049,30.144195,93.028348,India,Kolkata,R3179,scooter,182,182,48.62,349.89,on-time,0.41,0.65,0.33,0.69,0.6,0.26,0.44,low,perishable,0.49,40,0,4.3,Delivery delayed but driver communicated well,1,41.0
aac4dfaf,2025-12-04,13.02286,93.847337,33.031906,79.782809,India,Ahmedabad,R2670,scooter,27,65,8.36,64.71,delayed,0.46,0.75,0.35,0.39,0.58,0.8,0.72,low,fragile,0.66,46,0,3.8,Rude behavior by driver,1,62.0
13afd1ab,2026-01-05,13.060713,70.847915,24.858579,87.400167,India,Delhi,R7874,van,114,138,39.35,328.69,delayed,0.43,0.79,0.87,0.63,0.38,0.23,0.39,medium,standard,0.28,58,1,3.2,Delivery delayed but driver communicated well,1,29.0
23c3cc71,2025-12-05,33.714497,79.970097,36.91537,75.403714,India,Bengaluru,R6953,bike,276,276,71.71,378.27,on-time,0.42,0.69,0.76,0.35,0.76,0.46,0.21,high,perishable,0.1,41,0,4.6,Excellent service under tough conditions,1,40.0
ff9fb597,2025-12-17,14.425955,88.514925,27.24109,85.672412,India,Chennai,R7809,scooter,204,204,60.36,454.8,on-time,0.87,0.38,0.88,0.53,0.33,0.58,0.63,medium,standard,0.37,7,0,3.7,Late delivery and poor communication,1,43.0
35ae6094,2025-12-01,17.539681,84.825252,19.190163,72.544719,India,Kolkata,R9103,van,90,90,25.71,173.1,on-time,0.79,0.5,0.77,0.55,0.34,0.65,0.98,high,fragile,0.88,20,0,4.1,Late delivery and poor communication,1,59.0
3611a9ce,2025-12-30,23.908711,90.029425,34.550783,93.446342,India,Bengaluru,R7645,scooter,376,386,110.99,853.99,delayed,0.66,0.86,0.65,0.32,0.55,0.41,0.31,medium,fragile,0.66,30,1,2.7,Driver was polite and professional,1,43.0
09e204ef,2025-11-11,32.464593,87.418616,35.971419,95.77693,India,Hyderabad,R1570,van,236,236,72.82,564.46,on-time,0.45,0.43,0.69,0.46,0.41,0.8,0.46,medium,fragile,0.42,44,0,3.7,Rude behavior by driver,1,48.0
4fe1b76b,2025-12-22,33.748581,78.245866,11.12965,69.479178,India,Ahmedabad,R2437,van,330,330,110.94,676.02,on-time,0.67,0.52,0.87,0.87,0.39,0.55,0.67,high,fragile,0.25,43,1,4.2,Driver was polite and professional,1,43.0
b6ff6d03,2025-11-23,14.773824,88.966104,26.615971,72.262963,India,Bengaluru,R2192,scooter,444,444,114.61,695.62,on-time,0.66,0.56,0.63,0.87,0.68,0.45,0.54,medium,high_value,0.38,23,0,4.0,Rude behavior by driver,1,48.0
1642a764,2025-12-23,34.291591,84.795374,12.488228,73.218168,India,Kolkata,R1409,scooter,171,171,54.2,318.31,on-time,0.5,0.56,0.67,0.51,0.69,0.15,0.84,high,perishable,0.24,50,1,3.6,Driver was polite and professional,1,45.0
43945cab,2025-11-19,26.758033,89.904777,24.587059,87.520654,India,Pune,R7585,van,416,416,118.69,906.57,on-time,0.64,0.67,0.32,0.33,0.82,0.47,0.76,low,high_value,0.19,19,1,3.1,Late delivery and poor communication,1,54.0
04db2944,2025-11-28,25.377064,84.401359,34.841121,70.162695,India,Mumbai,R5876,bike,285,285,91.02,662.4,on-time,0.62,0.87,0.56,0.41,0.51,0.76,0.06,low,fragile,0.83,36,1,3.3,Excellent service under tough conditions,1,48.0
b71eb70d,2025-11-22,12.417468,78.176131,11.879533,91.682077,India,Kolkata,R8348,bike,384,412,98.54,556.43,delayed,0.74,0.44,0.74,0.54,0.25,0.59,1.0,high,perishable,0.9,53,1,4.3,Late delivery and poor communication,1,56.0
4df74c00,2025-12-03,19.271571,81.902513,27.198361,86.29071,India,Kolkata,R2888,bike,303,303,83.99,615.27,on-time,0.75,0.37,0.4,0.87,0.41,0.77,0.75,medium,perishable,0.23,25,0,3.1,Driver was polite and professional,1,50.0
e150ae30,2025-12-22,32.794792,72.35753,10.472322,89.527007,India,Mumbai,R4597,scooter,240,240,61.39,365.5,on-time,0.42,0.42,0.35,0.38,0.94,0.5,0.86,high,standard,0.14,5,0,4.1,Rude behavior by driver,1,60.0
e0090833,2025-11-24,10.001895,91.611758,28.900132,72.18376,India,Kolkata,R8421,van,295,295,99.92,583.73,on-time,0.61,0.83,0.44,0.76,0.65,0.19,0.65,high,fragile,0.36,10,1,4.0,Handled package carefully,1,43.0
fcb49397,2025-12-08,11.337021,96.631858,25.221378,87.417785,India,Pune,R2856,scooter,173,194,49.99,289.44,delayed,0.74,0.69,0.38,0.37,0.73,0.11,0.86,low,high_value,0.47,31,1,4.9,Excellent service under tough conditions,1,49.0
e1446767,2025-12-10,22.735506,88.370608,10.177572,95.07686,India,Pune,R7846,bike,327,327,91.53,785.5,on-time,0.68,0.47,0.36,0.89,0.21,0.34,0.11,medium,standard,0.26,27,0,2.7,Rude behavior by driver,1,21.0
63aa4511,2025-12-04,14.732914,91.153913,17.311259,86.22613,India,Delhi,R6933,scooter,235,269,84.3,693.15,delayed,0.87,0.79,0.52,0.53,0.59,0.66,0.35,low,perishable,0.34,51,0,2.8,Driver was polite and professional,1,46.0
eacb4c6a,2026-01-06,19.434084,79.976644,32.636754,69.224686,India,Delhi,R3758,van,122,145,40.35,255.51,delayed,0.76,0.82,0.88,0.77,0.23,0.73,0.88,medium,high_value,0.26,35,0,3.8,Rude behavior by driver,1,47.0
ffe37466,2025-12-20,34.128878,96.577407,26.047934,84.788806,India,Chennai,R2491,scooter,306,330,104.33,884.91,delayed,0.49,0.81,0.58,0.51,0.63,0.34,0.2,high,fragile,0.72,16,0,3.8,Delivery delayed but driver communicated well,1,42.0
48195b97,2025-12-25,12.937978,78.003486,13.218772,85.95024,India,Pune,R3730,bike,17,36,4.75,28.98,delayed,0.44,0.85,0.34,0.68,0.89,0.5,0.08,low,high_value,0.67,25,0,2.6,Rude behavior by driver,1,51.0
a3af28dd,2025-12-16,32.1844,73.961659,17.92936,72.828682,India,Mumbai,R5490,scooter,140,170,44.55,239.17,delayed,0.75,0.45,0.26,0.42,0.93,0.44,0.79,medium,high_value,0.61,56,1,4.6,Late delivery and poor communication,0,64.0
41b8ec78,2025-11-25,36.841237,80.449872,33.796671,82.198829,India,Mumbai,R6668,van,21,60,7.48,46.03,delayed,0.41,0.75,0.72,0.39,0.61,0.43,0.84,medium,high_value,0.41,6,0,3.7,Late delivery and poor communication,1,52.0
08284330,2025-12-16,9.94586,75.671997,18.13699,71.158263,India,Mumbai,R4162,van,322,348,103.75,830.39,delayed,0.72,0.58,0.49,0.86,0.54,0.29,0.16,low,standard,0.83,9,0,3.4,Delivery delayed but driver communicated well,1,39.0
2b313a35,2025-11-28,24.204498,81.660119,12.20506,88.617191,India,Bengaluru,R8825,van,197,197,62.53,548.13,on-time,0.92,0.81,0.82,0.85,0.91,0.21,0.85,high,perishable,0.88,13,0,3.3,Excellent service under tough conditions,0,63.0
a12312a5,2026-01-02,36.580055,79.240523,23.010051,78.990274,India,Delhi,R9394,van,146,146,47.18,256.46,on-time,0.72,0.74,0.69,0.83,0.71,0.26,0.69,medium,high_value,0.24,24,0,4.7,Rude behavior by driver,1,45.0
b65dd29d,2025-12-23,31.330754,95.27634,30.550686,94.796274,India,Kolkata,R5765,scooter,335,335,110.16,757.69,on-time,0.61,0.77,0.8,0.68,0.25,0.14,0.52,high,perishable,0.28,50,0,3.0,Excellent service under tough conditions,1,26.0
cb5408ba,2025-11-26,26.381569,69.911233,22.197082,94.391477,India,Ahmedabad,R3356,scooter,68,68,21.64,188.57,on-time,0.75,0.69,0.4,0.78,0.55,0.26,0.83,low,standard,0.52,22,0,2.9,Handled package carefully,1,47.0
388fe781,2025-11-30,22.207132,80.639995,12.698964,77.213899,India,Pune,R3165,scooter,164,182,44.46,257.43,delayed,0.65,0.41,0.72,0.34,0.38,0.11,0.42,low,fragile,0.17,26,0,3.0,Rude behavior by driver,1,25.0
1f825506,2025-11-16,20.564023,76.193842,23.894344,95.861548,India,Pune,R5496,bike,53,53,14.56,96.71,on-time,0.7,0.63,0.4,0.5,0.55,0.6,0.19,medium,fragile,0.45,12,0,4.1,Late delivery and poor communication,1,42.0
bb243d57,2025-12-24,12.745644,72.45828,8.929427,73.825608,India,Pune,R3235,bike,256,256,83.96,478.35,on-time,0.92,0.89,0.9,0.49,0.54,0.35,0.28,low,high_value,0.57,38,0,4.5,Late delivery and poor communication,1,39.0
6e26601e,2025-11-20,23.362088,89.564647,30.287409,71.51179,India,Delhi,R4900,van,119,119,34.35,267.48,on-time,0.61,0.86,0.68,0.68,0.64,0.88,0.51,high,standard,0.52,13,0,3.3,Excellent service under tough conditions,1,59.0
c077236c,2026-01-03,24.479615,71.86037,36.585214,81.49734,India,Bengaluru,R7875,van,117,139,30.05,202.94,delayed,0.93,0.33,0.44,0.51,0.47,0.25,0.53,low,fragile,0.36,11,0,2.9,Driver was polite and professional,1,36.0
efcbd207,2025-12-23,23.800559,93.502609,13.779361,96.207002,India,Chennai,R2333,scooter,147,147,39.53,321.04,on-time,0.9,0.4,0.4,0.39,0.32,0.38,0.81,high,standard,0.53,34,0,3.0,Late delivery and poor communication,1,43.0
61f769e1,2025-11-11,14.649578,87.036659,20.840706,83.841384,India,Delhi,R5889,van,161,161,64.45,361.73,on-time,0.51,0.38,0.34,0.66,0.58,0.39,0.79,medium,standard,0.87,22,1,4.0,Driver was polite and professional,0,56.0
e37cd944,2025-12-12,30.705235,69.942074,31.849723,96.066783,India,Ahmedabad,R3231,bike,110,110,29.6,164.56,on-time,0.44,0.74,0.72,0.79,0.82,0.11,0.58,low,high_value,0.26,31,0,3.1,Late delivery and poor communication,1,43.0
56f264e8,2025-12-29,28.20702,87.562854,29.733644,69.726337,India,Pune,R3832,scooter,434,434,117.34,905.16,on-time,0.46,0.79,0.36,0.53,0.7,0.77,0.78,low,high_value,0.62,20,0,4.7,Late delivery and poor communication,1,65.0
cb388185,2025-12-15,35.218531,78.025717,20.872419,73.121287,India,Bengaluru,R6030,van,17,17,5.23,40.62,on-time,0.41,0.43,0.65,0.38,0.45,0.13,0.19,medium,standard,0.13,25,0,2.8,Handled package carefully,1,22.0
554a4a2e,2025-11-18,26.504918,90.5358,25.332753,68.550476,India,Hyderabad,R1351,van,205,205,68.1,527.89,on-time,0.45,0.6,0.4,0.42,0.9,0.85,0.05,medium,standard,0.15,9,1,2.6,Driver was polite and professional,1,52.0
b4caf045,2025-12-27,14.692577,85.21859,35.165349,73.137904,India,Bengaluru,R8821,scooter,18,18,6.09,42.36,on-time,0.78,0.8,0.7,0.44,0.88,0.81,0.87,low,high_value,0.54,59,0,2.7,Driver was polite and professional,1,72.0
8ae3ddf4,2026-01-05,30.900447,86.486817,27.004364,69.535726,India,Kolkata,R8998,bike,185,185,60.03,397.25,on-time,0.44,0.74,0.81,0.48,0.36,0.53,0.08,high,standard,0.18,33,0,4.6,Late delivery and poor communication,1,28.0
7b5bf8f8,2025-11-17,17.45773,72.638731,19.401361,89.637126,India,Pune,R2243,van,219,219,87.52,634.2,on-time,0.58,0.63,0.78,0.69,0.23,0.53,0.25,low,high_value,0.12,51,0,4.1,Driver was polite and professional,1,27.0
5d82af5f,2025-11-24,29.798865,93.837883,36.124783,93.669257,India,Chennai,R1890,scooter,62,62,24.77,155.54,on-time,0.86,0.65,0.77,0.66,0.76,0.62,0.7,medium,perishable,0.24,41,0,4.9,Late delivery and poor communication,1,56.0
3431b28a,2025-11-16,24.616901,75.698573,19.09246,77.311334,India,Bengaluru,R4029,bike,409,409,103.8,867.2,on-time,0.41,0.61,0.34,0.72,0.82,0.41,0.41,medium,standard,0.55,47,0,3.3,Late delivery and poor communication,1,51.0
a3f0d20d,2025-12-23,26.917804,94.544319,25.948325,74.853787,India,Delhi,R9656,bike,137,137,42.7,301.52,on-time,0.85,0.48,0.27,0.52,0.93,0.62,0.88,low,high_value,0.66,26,0,3.0,Excellent service under tough conditions,0,71.0
c462e2f4,2025-12-27,17.537826,87.957044,13.439285,84.712461,India,Hyderabad,R7970,bike,347,347,104.46,566.76,on-time,0.56,0.64,0.72,0.79,0.87,0.14,0.3,high,standard,0.26,18,1,3.9,Rude behavior by driver,1,40.0
bf8800a7,2026-01-01,31.600014,85.718227,20.0091,74.519567,India,Delhi,R5628,bike,189,189,73.95,478.25,on-time,0.46,0.71,0.48,0.42,0.65,0.14,0.01,low,high_value,0.63,23,0,3.8,Driver was polite and professional,1,33.0
b24cf464,2026-01-09,31.171138,72.684374,9.335548,84.818823,India,Bengaluru,R4026,scooter,312,332,99.45,584.08,delayed,0.78,0.82,0.52,0.58,0.6,0.47,0.3,low,standard,0.25,39,0,4.0,Delivery delayed but driver communicated well,1,40.0
8c3bd93c,2025-11-28,20.751647,87.393609,18.678207,85.624708,India,Pune,R8578,van,212,245,58.51,413.72,delayed,0.75,0.68,0.22,0.78,0.22,0.54,0.58,low,fragile,0.59,28,0,3.4,Excellent service under tough conditions,1,41.0
065b6457,2026-01-08,31.90681,71.737653,34.232383,75.338328,India,Ahmedabad,R4357,van,202,215,65.16,521.71,delayed,0.88,0.76,0.39,0.41,0.38,0.81,0.38,medium,fragile,0.43,46,1,2.5,Driver was polite and professional,1,46.0
7bca9d2c,2026-01-05,29.733783,74.094727,15.53408,73.450851,India,Delhi,R9840,bike,271,290,96.93,588.45,delayed,0.8,0.4,0.23,0.37,0.54,0.18,0.53,medium,standard,0.62,10,0,2.6,Driver was polite and professional,1,41.0
03bc0f60,2025-11-27,14.667317,86.653769,8.315305,77.354496,India,Pune,R7505,scooter,462,462,117.48,698.44,on-time,0.84,0.58,0.86,0.83,0.67,0.76,0.88,medium,fragile,0.9,7,0,4.2,Handled package carefully,0,70.0
836defc6,2025-12-26,34.843934,86.640066,13.140561,96.778625,India,Bengaluru,R3531,van,57,77,15.14,93.3,delayed,0.56,0.31,0.38,0.51,0.62,0.27,0.91,low,standard,0.85,38,0,3.8,Delivery delayed but driver communicated well,0,56.0
8896e7e6,2025-12-31,16.921084,83.718439,23.472002,90.21113,India,Bengaluru,R4377,bike,46,46,15.64,138.72,on-time,0.5,0.45,0.62,0.71,0.76,0.42,0.27,low,standard,0.1,49,0,4.6,Delivery delayed but driver communicated well,1,40.0
4ba770e4,2025-12-31,17.670813,86.20497,24.320792,82.647151,India,Bengaluru,R3939,bike,35,35,11.82,74.26,on-time,0.81,0.74,0.23,0.32,0.41,0.35,0.46,high,perishable,0.81,54,1,3.3,Handled package carefully,1,42.0
c5a11753,2025-12-20,33.943355,89.703934,23.734759,79.202667,India,Chennai,R8802,van,61,61,18.62,160.5,on-time,0.84,0.9,0.7,0.71,0.62,0.42,0.55,low,perishable,0.15,6,1,4.5,Handled package carefully,1,42.0
d9f309a1,2026-01-06,14.579139,77.154054,31.789448,76.894667,India,Chennai,R8549,van,78,78,22.59,165.45,on-time,0.94,0.36,0.44,0.49,0.27,0.22,0.95,high,fragile,0.86,19,0,3.6,Driver was polite and professional,1,46.0
ba9525e9,2025-12-19,24.539773,92.308842,35.271099,89.4934,India,Bengaluru,R5242,van,92,92,25.25,203.33,on-time,0.63,0.54,0.87,0.33,0.51,0.5,1.0,low,perishable,0.33,41,0,2.7,Rude behavior by driver,1,53.0
3218fd59,2025-12-10,8.628869,73.131746,27.710414,90.680353,India,Kolkata,R8489,bike,157,157,45.66,359.52,on-time,0.6,0.78,0.87,0.67,0.76,0.74,0.24,high,perishable,0.41,19,0,4.9,Handled package carefully,1,52.0
06edb05a,2025-11-27,26.05002,91.256068,16.983444,77.552923,India,Delhi,R3606,scooter,354,354,91.79,509.35,on-time,0.83,0.42,0.44,0.44,0.72,0.45,0.73,low,standard,0.17,36,0,3.8,Delivery delayed but driver communicated well,1,50.0
52cb2a5a,2026-01-06,27.882273,70.026577,18.373345,75.185983,India,Delhi,R9877,van,377,377,105.48,890.18,on-time,0.59,0.63,0.88,0.53,0.94,0.49,0.38,medium,high_value,0.19,25,0,4.1,Delivery delayed but driver communicated well,1,51.0
c6c059dd,2026-01-02,18.742437,93.413087,14.575657,79.625022,India,Ahmedabad,R6999,scooter,106,106,39.45,228.13,on-time,0.91,0.74,0.95,0.35,0.41,0.78,0.01,low,standard,0.68,21,0,4.2,Driver was polite and professional,1,42.0
419b7f7b,2025-12-05,24.42381,75.658896,26.375989,84.721203,India,Kolkata,R6189,van,267,267,87.04,514.17,on-time,0.87,0.67,0.82,0.39,0.57,0.66,0.01,low,perishable,0.86,38,0,3.4,Rude behavior by driver,1,47.0
0b2abaac,2025-12-31,32.830737,96.979657,27.088812,92.16625,India,Hyderabad,R3429,scooter,63,63,17.08,115.71,on-time,0.64,0.41,0.83,0.48,0.45,0.49,0.46,low,standard,0.59,36,1,4.4,Late delivery and poor communication,1,44.0
f224fc39,2025-11-17,30.931684,75.690815,33.498092,92.950265,India,Pune,R2983,bike,188,226,59.83,527.45,delayed,0.81,0.51,0.39,0.35,0.53,0.31,0.49,low,fragile,0.67,54,0,4.7,Handled package carefully,1,44.0
051cce7a,2025-12-21,14.356664,80.549779,17.909059,81.305735,India,Pune,R7396,scooter,179,179,50.48,389.7,on-time,0.81,0.77,0.63,0.85,0.84,0.81,0.02,low,high_value,0.71,51,1,3.5,Handled package carefully,1,56.0
db2268dc,2026-01-07,36.411099,72.633038,27.276952,94.51178,India,Delhi,R3192,van,141,141,49.44,344.21,on-time,0.46,0.63,0.25,0.3,0.71,0.56,0.69,medium,perishable,0.31,56,1,4.1,Driver was polite and professional,1,54.0
4446657a,2025-11-25,20.68972,80.209217,22.996072,68.872059,India,Bengaluru,R1782,van,213,213,77.1,389.2,on-time,0.9,0.3,0.27,0.59,0.86,0.28,0.29,medium,perishable,0.14,27,0,4.4,Excellent service under tough conditions,1,41.0
6da34b72,2025-12-30,22.97459,74.693056,29.381389,80.654393,India,Mumbai,R6317,scooter,193,222,76.11,589.01,delayed,0.68,0.76,0.95,0.37,0.35,0.32,0.56,high,standard,0.1,39,0,3.0,Excellent service under tough conditions,1,31.0
61285397,2025-12-09,9.681707,68.13659,15.029628,94.765776,India,Kolkata,R2810,bike,288,288,75.63,463.15,on-time,0.85,0.32,0.44,0.48,0.86,0.74,0.3,medium,standard,0.38,41,1,3.3,Rude behavior by driver,1,56.0
6c1322a9,2025-12-03,33.266728,69.685985,8.034728,85.253677,India,Kolkata,R3105,van,85,85,26.49,223.47,on-time,0.58,0.75,0.76,0.86,0.24,0.14,0.17,medium,standard,0.29,47,1,2.8,Delivery delayed but driver communicated well,1,18.0
f4e5a55b,2025-11-24,16.754918,74.524678,33.74349,93.213485,India,Ahmedabad,R3165,van,363,363,112.37,828.9,on-time,0.89,0.42,0.8,0.4,0.87,0.89,0.41,medium,standard,0.15,45,0,4.0,Delivery delayed but driver communicated well,1,59.0
aaad25ca,2025-12-03,19.31618,94.133475,18.372511,83.230072,India,Hyderabad,R5076,scooter,356,356,101.25,582.95,on-time,0.61,0.87,0.84,0.88,0.45,0.2,0.23,medium,perishable,0.24,41,0,4.5,Late delivery and poor communication,1,27.0
9a928d4f,2025-11-22,8.816644,95.987441,13.944335,73.51228,India,Ahmedabad,R3420,scooter,15,55,4.92,27.87,delayed,0.41,0.52,0.95,0.42,0.44,0.74,0.53,medium,standard,0.2,37,0,4.0,Delivery delayed but driver communicated well,1,45.0
2c695b50,2025-12-19,32.335148,91.86553,34.118955,68.534668,India,Kolkata,R6390,van,303,326,83.81,632.92,delayed,0.9,0.5,0.38,0.74,0.58,0.42,0.2,high,perishable,0.83,29,1,2.9,Excellent service under tough conditions,1,44.0
ba4aff9c,2026-01-06,33.413781,84.964254,25.924117,86.351157,India,Ahmedabad,R6497,van,122,145,33.08,244.43,delayed,0.45,0.39,0.23,0.63,0.91,0.49,0.51,low,standard,0.21,50,1,3.9,Excellent service under tough conditions,1,53.0
f93cbc1c,2025-12-07,28.098502,79.817308,35.591682,70.576905,India,Pune,R1765,bike,306,306,106.87,616.69,on-time,0.58,0.48,0.51,0.83,0.24,0.8,0.16,low,high_value,0.53,41,1,4.6,Handled package carefully,1,38.0
e7710912,2025-12-06,15.309523,82.292081,13.219438,87.027967,India,Pune,R9830,van,179,179,54.69,471.67,on-time,0.92,0.83,0.3,0.63,0.46,0.43,0.67,medium,high_value,0.57,44,1,3.3,Late delivery and poor communication,1,46.0
af8c20ee,2025-12-25,23.800071,70.236662,13.611855,73.301465,India,Mumbai,R3043,van,146,146,43.36,372.31,on-time,0.92,0.9,0.22,0.62,0.84,0.53,0.75,low,standard,0.53,25,0,4.6,Rude behavior by driver,1,61.0
acd527fa,2025-12-29,18.309793,86.983156,23.828438,78.67296,India,Hyderabad,R5593,scooter,77,77,20.41,118.45,on-time,0.72,0.52,0.47,0.42,0.5,0.14,0.11,high,standard,0.18,50,0,4.5,Late delivery and poor communication,1,23.0
5307fb06,2025-12-27,32.877011,84.323303,27.542315,80.775472,India,Mumbai,R5273,scooter,233,253,60.5,406.32,delayed,0.75,0.57,0.79,0.4,0.35,0.1,0.47,high,fragile,0.36,52,0,2.6,Rude behavior by driver,1,28.0
1fad7b73,2025-11-17,27.640644,95.873456,30.834084,76.364165,India,Chennai,R3620,scooter,106,144,42.24,276.41,delayed,0.65,0.73,0.62,0.85,0.52,0.3,0.07,low,high_value,0.14,42,0,3.1,Excellent service under tough conditions,1,27.0
e381ae97,2025-12-29,16.173217,88.86786,31.48542,94.40473,India,Pune,R6452,scooter,166,166,59.5,455.38,on-time,0.56,0.83,0.43,0.5,0.49,0.64,0.6,low,perishable,0.42,44,0,3.9,Delivery delayed but driver communicated well,1,49.0
b9d3782a,2025-11-17,12.000054,72.429399,24.461865,95.448839,India,Delhi,R5540,scooter,82,82,25.56,168.36,on-time,0.58,0.66,0.69,0.52,0.89,0.2,0.26,medium,high_value,0.25,38,1,4.3,Driver was polite and professional,1,41.0
f1eacbbb,2025-11-21,31.98539,70.67713,10.299162,79.242747,India,Bengaluru,R9273,scooter,165,165,53.6,330.19,on-time,0.77,0.53,0.37,0.76,0.77,0.19,0.53,medium,perishable,0.55,23,1,4.7,Late delivery and poor communication,1,47.0
cdb87d83,2025-11-22,23.991217,72.508809,15.459122,92.912702,India,Ahmedabad,R6166,van,255,255,74.35,434.1,on-time,0.81,0.55,0.21,0.5,0.58,0.43,0.52,low,standard,0.65,31,0,4.1,Late delivery and poor communication,1,48.0
6c36ced7,2025-11-24,29.656849,89.913153,33.000263,75.471778,India,Hyderabad,R6520,van,430,430,111.93,730.7,on-time,0.84,0.72,0.77,0.87,0.94,0.62,0.92,medium,high_value,0.53,13,0,3.5,Handled package carefully,1,70.0
e2eec01b,2025-11-28,16.619901,80.974289,20.680595,84.703476,India,Hyderabad,R1231,van,85,85,23.4,159.73,on-time,0.83,0.3,0.67,0.74,0.55,0.67,0.55,medium,high_value,0.45,9,0,3.0,Handled package carefully,1,51.0
cc5a7c24,2025-11-23,29.361026,81.287863,14.023435,92.8434,India,Mumbai,R2884,bike,124,124,42.77,307.12,on-time,0.45,0.67,0.77,0.66,0.24,0.24,0.58,low,fragile,0.41,9,0,4.4,Excellent service under tough conditions,1,31.0
1bb271d2,2025-12-24,9.331671,91.386377,17.949487,90.597717,India,Kolkata,R5771,van,352,352,94.12,501.36,on-time,0.67,0.51,0.23,0.83,0.4,0.16,0.4,low,fragile,0.77,29,0,3.0,Rude behavior by driver,1,36.0
1ae481e5,2025-12-01,28.628566,68.058131,11.770998,87.612762,India,Ahmedabad,R6229,bike,307,307,105.11,735.17,on-time,0.43,0.78,0.83,0.33,0.53,0.85,0.95,high,high_value,0.28,30,0,4.2,Driver was polite and professional,1,60.0
a3b55323,2025-11-13,20.333391,83.921035,12.317219,92.308152,India,Mumbai,R5116,scooter,242,281,65.68,357.43,delayed,0.7,0.36,0.66,0.45,0.32,0.31,0.78,low,high_value,0.69,23,1,3.0,Handled package carefully,1,43.0
b06f29d3,2025-12-04,34.866035,96.693798,16.379062,74.236177,India,Hyderabad,R5338,van,162,162,63.65,534.42,on-time,0.64,0.65,0.62,0.58,0.91,0.78,0.29,high,high_value,0.71,34,0,2.7,Handled package carefully,1,63.0
165ac2a7,2025-12-03,17.96282,74.750896,21.971944,82.962803,India,Chennai,R4237,bike,83,83,29.43,227.58,on-time,0.89,0.59,0.67,0.44,0.78,0.79,0.84,medium,perishable,0.44,40,1,3.1,Delivery delayed but driver communicated well,1,67.0
6d991d89,2025-11-20,16.068743,76.98852,22.929336,94.486628,India,Mumbai,R1451,van,434,434,115.06,739.82,on-time,0.59,0.69,0.85,0.75,0.4,0.72,0.43,medium,standard,0.34,52,0,3.2,Delivery delayed but driver communicated well,1,44.0
72e44c49,2025-12-30,29.117869,73.824702,26.115569,71.086872,India,Delhi,R4906,van,58,58,17.96,140.75,on-time,0.46,0.34,0.64,0.85,0.64,0.24,0.83,high,fragile,0.48,52,0,4.1,Excellent service under tough conditions,1,49.0
8618873a,2025-11-14,19.179312,77.625261,18.755681,94.336956,India,Pune,R1901,van,196,233,49.28,390.58,delayed,0.48,0.65,0.64,0.55,0.74,0.76,0.82,high,standard,0.17,20,0,2.9,Excellent service under tough conditions,1,60.0
8290eeaa,2025-12-16,12.642742,74.365608,35.340437,89.342852,India,Pune,R5869,bike,20,20,6.95,42.5,on-time,0.82,0.64,0.94,0.51,0.91,0.72,0.19,low,fragile,0.14,11,1,4.8,Handled package carefully,1,51.0
1a172b00,2026-01-03,34.438748,76.742069,18.348912,82.528084,India,Hyderabad,R9339,van,318,328,80.16,446.67,delayed,0.74,0.64,0.77,0.88,0.86,0.58,0.7,low,fragile,0.19,22,1,3.9,Rude behavior by driver,1,57.0
9987fe54,2025-12-15,16.596588,81.419019,8.365872,82.975587,India,Pune,R9547,bike,75,75,25.89,151.48,on-time,0.46,0.66,0.53,0.57,0.59,0.37,0.29,high,fragile,0.25,25,0,3.7,Driver was polite and professional,1,36.0
354e13b8,2025-12-13,36.627117,71.544202,25.865763,90.23333,India,Pune,R6272,bike,144,144,39.62,343.43,on-time,0.45,0.71,0.73,0.59,0.78,0.31,0.3,medium,high_value,0.5,35,1,3.6,Handled package carefully,1,45.0
d48ae496,2025-11-23,10.841411,73.921147,13.514343,81.269698,India,Mumbai,R9681,scooter,205,205,54.32,376.63,on-time,0.79,0.78,0.49,0.51,0.62,0.2,0.3,low,fragile,0.78,5,0,3.9,Rude behavior by driver,1,41.0
712c2221,2025-12-20,10.470084,94.667478,18.721653,73.55662,India,Mumbai,R2739,van,56,77,17.05,88.56,delayed,0.44,0.46,0.37,0.85,0.61,0.51,0.73,high,standard,0.29,7,0,2.6,Rude behavior by driver,1,50.0
33086645,2026-01-05,24.727812,83.599522,22.672547,81.062206,India,Hyderabad,R4543,bike,42,42,14.04,89.99,on-time,0.85,0.8,0.65,0.64,0.29,0.57,0.23,low,fragile,0.85,35,0,5.0,Handled package carefully,1,40.0
1db7797c,2025-12-09,31.068809,89.959832,20.209585,82.497305,India,Pune,R6863,scooter,69,108,22.5,182.24,delayed,0.79,0.6,0.9,0.76,0.29,0.39,0.0,low,standard,0.86,29,1,3.9,Rude behavior by driver,1,31.0
06dfe6d9,2025-12-23,15.814105,78.934066,36.465501,95.198342,India,Mumbai,R1001,van,371,371,109.11,963.5,on-time,0.44,0.35,0.9,0.79,0.6,0.48,0.72,low,fragile,0.87,57,0,2.6,Late delivery and poor communication,0,57.0
4774ba14,2026-01-02,32.801176,70.001471,34.40734,80.338767,India,Mumbai,R8934,van,397,397,100.31,881.25,on-time,0.45,0.34,0.46,0.51,0.4,0.39,0.17,medium,fragile,0.77,12,0,4.0,Rude behavior by driver,1,37.0
b1629183,2025-12-01,28.269387,85.788132,32.042568,96.902056,India,Kolkata,R9624,van,173,173,50.19,272.92,on-time,0.94,0.5,0.6,0.56,0.22,0.61,0.1,medium,high_value,0.39,5,0,3.6,Handled package carefully,1,30.0
11e3e2bf,2026-01-09,11.927698,68.306293,9.668908,75.578175,India,Bengaluru,R9941,bike,92,122,24.84,140.34,delayed,0.61,0.77,0.36,0.81,0.74,0.82,0.24,low,standard,0.16,11,0,2.6,Rude behavior by driver,1,50.0
4905ad78,2025-11-16,14.695712,68.024396,22.000197,96.886039,India,Delhi,R6810,bike,411,411,106.33,636.48,on-time,0.6,0.72,0.95,0.52,0.22,0.23,0.38,low,fragile,0.56,11,1,4.8,Handled package carefully,1,28.0
7ceab640,2025-12-03,26.717075,89.669176,21.778957,90.942019,India,Mumbai,R1171,bike,353,366,89.83,568.21,delayed,0.85,0.77,0.94,0.78,0.65,0.41,0.48,low,fragile,0.55,12,0,2.5,Delivery delayed but driver communicated well,1,48.0
78cbfdcb,2025-11-13,20.176977,79.211832,23.99298,95.890498,India,Mumbai,R6056,bike,431,431,117.04,828.15,on-time,0.92,0.61,0.69,0.86,0.6,0.21,0.04,medium,standard,0.78,23,0,3.9,Handled package carefully,1,36.0
024ec035,2025-11-26,32.960069,72.320996,14.834411,89.579178,India,Delhi,R9732,scooter,227,227,86.42,756.39,on-time,0.94,0.56,0.8,0.67,0.93,0.6,0.97,low,fragile,0.9,21,0,4.9,Rude behavior by driver,0,76.0
2c284e57,2025-11-28,22.632898,72.582773,21.585401,84.303061,India,Chennai,R2078,van,278,278,79.08,518.54,on-time,0.81,0.39,0.74,0.74,0.56,0.68,0.72,high,perishable,0.51,15,1,3.1,Handled package carefully,1,56.0
ad82e8c7,2025-12-04,34.811059,94.906872,32.804298,69.20989,India,Bengaluru,R9168,bike,247,247,91.22,508.14,on-time,0.61,0.5,0.64,0.78,0.25,0.85,0.32,low,high_value,0.38,51,0,3.1,Driver was polite and professional,1,41.0
084b7d19,2026-01-04,22.695469,95.029461,26.682812,90.37328,India,Pune,R1969,van,207,207,52.73,414.13,on-time,0.45,0.56,0.24,0.81,0.61,0.32,0.32,high,standard,0.25,45,0,2.5,Handled package carefully,1,36.0
d683a585,2025-12-23,22.213705,81.946364,27.305083,86.824735,India,Delhi,R1405,van,128,128,46.65,315.65,on-time,0.83,0.35,0.54,0.54,0.83,0.86,0.45,low,high_value,0.1,53,0,2.7,Handled package carefully,1,57.0
52ec47f9,2025-11-20,10.71208,92.631204,29.512625,90.998761,India,Mumbai,R4143,van,318,342,90.43,564.91,delayed,0.71,0.43,0.71,0.33,0.95,0.15,0.63,high,perishable,0.51,15,1,2.6,Driver was polite and professional,1,52.0
5ce2065d,2026-01-05,31.09528,71.916133,12.508413,94.935362,India,Mumbai,R4242,bike,22,47,7.37,47.12,delayed,0.63,0.66,0.71,0.54,0.52,0.58,0.15,low,perishable,0.54,42,0,4.6,Driver was polite and professional,1,41.0
e2ae8a35,2026-01-04,8.848008,75.151626,22.317823,81.058083,India,Ahmedabad,R1902,scooter,236,236,72.36,536.74,on-time,0.9,0.74,0.48,0.7,0.44,0.15,0.19,low,perishable,0.76,45,0,4.6,Driver was polite and professional,1,32.0
ab1b8e4e,2025-11-29,18.661887,80.583661,13.466995,81.754153,India,Kolkata,R8923,scooter,204,204,65.06,528.1,on-time,0.46,0.9,0.91,0.57,0.88,0.82,0.86,high,standard,0.5,54,1,4.3,Excellent service under tough conditions,1,72.0
1ac891e1,2025-12-13,17.268729,93.759263,12.581424,68.775156,India,Mumbai,R7498,van,34,34,9.55,75.93,on-time,0.67,0.86,0.33,0.75,0.34,0.52,0.26,high,perishable,0.83,56,0,3.4,Late delivery and poor communication,1,41.0
6f2dac76,2025-12-23,15.08968,76.638777,33.374006,92.728247,India,Delhi,R1847,bike,27,27,8.36,43.95,on-time,0.41,0.69,0.58,0.51,0.66,0.64,0.38,medium,standard,0.6,6,0,4.6,Excellent service under tough conditions,1,52.0
1feb0234,2025-12-25,25.218825,89.672961,19.006931,69.246199,India,Hyderabad,R5115,scooter,83,110,31.93,267.97,delayed,0.66,0.55,0.72,0.68,0.5,0.77,0.87,medium,standard,0.77,8,0,3.8,Handled package carefully,1,63.0
66391ad7,2025-11-26,24.465856,73.842397,29.684972,90.935783,India,Kolkata,R5264,van,11,11,4.41,33.21,on-time,0.43,0.68,0.72,0.41,0.23,0.22,0.66,medium,fragile,0.22,54,0,3.3,Excellent service under tough conditions,1,29.0
a03cfd3e,2025-11-28,24.969733,72.828452,9.074142,73.810308,India,Ahmedabad,R2130,scooter,195,195,77.14,565.5,on-time,0.47,0.77,0.69,0.75,0.46,0.13,0.34,high,standard,0.78,32,0,3.6,Excellent service under tough conditions,1,36.0
3fc1c5b8,2025-11-23,13.90146,96.241193,28.186987,70.872472,India,Chennai,R9555,scooter,353,353,91.73,469.47,on-time,0.46,0.37,0.41,0.63,0.4,0.8,0.68,low,perishable,0.64,37,1,2.7,Driver was polite and professional,1,55.0
aa8e7c8b,2025-11-11,21.926219,70.84808,28.046502,82.508535,India,Ahmedabad,R6617,bike,81,81,27.34,161.25,on-time,0.76,0.55,0.32,0.42,0.71,0.35,0.02,medium,standard,0.24,15,0,4.9,Driver was polite and professional,1,34.0
c1b13ded,2025-12-19,10.994803,77.250623,21.900861,91.758885,India,Bengaluru,R5052,scooter,301,301,115.35,711.43,on-time,0.81,0.8,0.68,0.48,0.91,0.2,0.74,medium,standard,0.25,7,0,4.0,Delivery delayed but driver communicated well,1,51.0
d95854f4,2025-11-19,14.89349,81.473598,20.543931,94.030366,India,Pune,R8436,bike,50,87,16.35,126.99,delayed,0.72,0.53,0.65,0.75,0.4,0.47,0.49,low,high_value,0.84,44,1,4.3,Excellent service under tough conditions,1,46.0
ca3f17ab,2025-11-21,32.423732,87.245712,8.836648,85.493373,India,Pune,R4292,van,9,9,3.87,24.46,on-time,0.93,0.64,0.33,0.59,0.81,0.58,0.81,high,perishable,0.13,9,1,4.2,Late delivery and poor communication,1,57.0
2d05eb4b,2025-11-17,23.444673,84.276531,23.47737,93.129577,India,Hyderabad,R5825,van,422,447,117.89,1017.06,delayed,0.61,0.65,0.73,0.43,0.24,0.12,0.95,low,standard,0.47,56,0,4.2,Handled package carefully,1,36.0
18220cd7,2025-11-21,23.156085,77.263565,36.120324,73.414864,India,Pune,R8952,scooter,113,113,38.7,325.01,on-time,0.56,0.41,0.54,0.88,0.6,0.32,0.93,low,fragile,0.35,25,0,2.5,Rude behavior by driver,1,50.0
c0e267f6,2025-12-06,15.078448,71.057117,32.733629,69.38827,India,Ahmedabad,R1750,van,314,314,100.43,562.65,on-time,0.88,0.52,0.7,0.73,0.25,0.13,0.91,medium,standard,0.63,26,0,3.8,Late delivery and poor communication,1,38.0
be31666b,2025-12-29,9.157334,71.790363,11.434081,69.718666,India,Chennai,R5429,scooter,42,42,14.1,101.79,on-time,0.52,0.5,0.83,0.87,0.9,0.44,0.51,medium,standard,0.77,58,0,4.6,Late delivery and poor communication,0,60.0
fec10b6c,2025-11-17,8.689889,74.166234,18.676721,77.248189,India,Chennai,R3478,van,287,287,75.76,440.96,on-time,0.93,0.32,0.33,0.56,0.77,0.82,0.36,low,high_value,0.39,41,0,2.6,Delivery delayed but driver communicated well,1,57.0
ea5d40e3,2025-11-28,32.062069,84.040336,36.030652,76.988957,India,Chennai,R6623,scooter,199,226,73.54,500.9,delayed,0.41,0.31,0.21,0.59,0.69,0.89,0.47,low,perishable,0.44,15,0,4.9,Handled package carefully,1,59.0
089e18a5,2025-12-25,9.207549,81.609596,17.135638,77.487639,India,Chennai,R1424,scooter,120,120,35.33,262.09,on-time,0.93,0.8,0.78,0.84,0.82,0.61,0.69,high,perishable,0.89,48,0,3.6,Handled package carefully,1,67.0
bc341378,2025-11-23,25.963421,91.809237,26.46224,88.109474,India,Kolkata,R4557,bike,170,170,60.79,337.17,on-time,0.42,0.46,0.66,0.62,0.69,0.23,0.88,low,fragile,0.73,26,0,3.2,Driver was polite and professional,0,55.0
140fdbef,2025-12-18,30.811028,73.199804,34.066269,71.665575,India,Hyderabad,R9831,van,248,263,75.54,592.78,delayed,0.89,0.61,0.72,0.72,0.93,0.82,0.21,medium,fragile,0.82,45,0,3.8,Driver was polite and professional,1,65.0
a7a7c75e,2025-11-17,9.270481,68.757473,12.031904,93.691038,India,Bengaluru,R4650,van,89,115,34.2,289.71,delayed,0.69,0.48,0.83,0.45,0.74,0.51,0.92,medium,fragile,0.45,57,0,4.5,Late delivery and poor communication,1,60.0
aa585ffc,2026-01-07,26.806895,95.619432,20.096076,81.83823,India,Chennai,R7351,scooter,97,115,27.8,230.28,delayed,0.95,0.86,0.8,0.57,0.89,0.22,0.82,medium,standard,0.29,17,0,3.7,Delivery delayed but driver communicated well,1,53.0
08ad5553,2025-12-06,30.055185,70.142519,26.601811,76.771083,India,Kolkata,R5482,van,91,130,28.31,154.6,delayed,0.44,0.46,0.92,0.37,0.59,0.84,0.98,high,standard,0.43,58,0,4.1,Handled package carefully,1,65.0
33fc3496,2025-11-24,9.183248,73.712689,28.580752,78.273027,India,Mumbai,R5559,scooter,37,68,9.86,63.92,delayed,0.7,0.56,0.6,0.42,0.29,0.71,0.88,medium,fragile,0.67,56,0,3.7,Delivery delayed but driver communicated well,1,54.0
25a8ed06,2025-12-15,15.091708,96.228186,10.801065,92.087417,India,Ahmedabad,R5350,scooter,82,82,22.04,139.32,on-time,0.93,0.82,0.57,0.3,0.6,0.69,0.28,medium,perishable,0.19,7,0,4.1,Rude behavior by driver,1,44.0
5927a1bb,2025-11-14,11.284021,91.706183,15.959065,70.439239,India,Hyderabad,R8849,scooter,317,317,83.24,709.63,on-time,0.69,0.81,0.5,0.32,0.3,0.67,0.11,medium,perishable,0.32,17,0,2.8,Handled package carefully,1,33.0
2ac4aeb1,2026-01-03,19.363063,94.055773,10.035506,78.549732,India,Chennai,R9570,scooter,447,447,119.36,812.41,on-time,0.75,0.41,0.32,0.89,0.64,0.26,0.11,medium,fragile,0.14,32,1,2.6,Driver was polite and professional,1,30.0
02bb49bb,2025-11-20,21.085308,81.201017,35.400906,78.864735,India,Ahmedabad,R1891,scooter,361,361,96.47,512.63,on-time,0.78,0.78,0.63,0.45,0.56,0.27,0.29,medium,high_value,0.45,58,0,2.8,Late delivery and poor communication,1,36.0
60db8c3d,2025-12-17,19.072503,73.671627,26.634051,96.594455,India,Delhi,R9570,bike,233,257,78.65,634.51,delayed,0.65,0.57,0.41,0.7,0.67,0.65,0.61,high,perishable,0.76,15,0,3.2,Delivery delayed but driver communicated well,1,60.0
5d10c6da,2025-11-25,30.107436,76.733629,11.690056,92.253956,India,Ahmedabad,R5180,scooter,43,43,16.48,147.33,on-time,0.75,0.59,0.89,0.8,0.21,0.28,0.8,low,perishable,0.12,15,0,3.1,Driver was polite and professional,1,31.0
71781046,2025-11-25,29.327585,88.957582,29.511137,78.421562,India,Kolkata,R8842,bike,80,80,23.98,122.28,on-time,0.72,0.38,0.64,0.63,0.35,0.45,0.9,low,fragile,0.64,25,0,4.0,Late delivery and poor communication,1,49.0
ff983a0b,2025-12-01,33.192988,82.763244,27.092108,75.274782,India,Bengaluru,R3833,van,322,322,117.24,700.41,on-time,0.9,0.35,0.64,0.39,0.57,0.73,0.62,low,perishable,0.85,56,0,3.6,Driver was polite and professional,1,60.0
f942d75b,2025-12-09,12.077691,71.111207,21.402232,91.48246,India,Delhi,R7270,bike,77,87,30.46,199.52,delayed,0.42,0.74,0.47,0.74,0.91,0.73,0.01,low,standard,0.29,25,0,2.6,Handled package carefully,1,50.0
541e68c6,2025-11-22,20.569499,72.955711,16.534205,92.909782,India,Delhi,R4551,van,206,218,59.24,452.55,delayed,0.55,0.6,0.24,0.66,0.49,0.46,0.19,low,standard,0.65,11,0,2.6,Delivery delayed but driver communicated well,1,40.0
da8d7092,2026-01-05,35.476629,70.208458,8.742425,89.822632,India,Hyderabad,R3802,scooter,324,344,107.61,913.69,delayed,0.92,0.56,0.22,0.74,0.52,0.73,0.1,high,perishable,0.88,21,0,2.7,Rude behavior by driver,1,49.0
710992c6,2025-12-23,10.130887,96.853077,26.433421,94.042764,India,Hyderabad,R1988,van,169,169,60.95,397.06,on-time,0.89,0.74,0.52,0.76,0.74,0.77,0.36,medium,standard,0.87,52,1,3.4,Excellent service under tough conditions,1,62.0
7d293b68,2025-11-12,16.655596,79.702792,14.005197,76.589228,India,Mumbai,R6783,bike,66,66,26.2,141.2,on-time,0.65,0.76,0.26,0.89,0.65,0.62,0.5,medium,high_value,0.29,18,0,2.5,Driver was polite and professional,1,49.0
c0760f3d,2025-11-15,9.787947,96.251949,35.164088,77.203044,India,Kolkata,R4785,scooter,80,80,21.71,125.74,on-time,0.74,0.4,0.66,0.64,0.42,0.28,0.04,medium,perishable,0.18,37,0,3.7,Excellent service under tough conditions,1,23.0
a0f50e4b,2025-11-20,20.133159,84.502886,21.150274,76.06064,India,Chennai,R3538,bike,294,294,73.67,376.99,on-time,0.55,0.67,0.86,0.5,0.51,0.32,0.35,high,fragile,0.22,15,0,3.4,Delivery delayed but driver communicated well,1,34.0
d151c339,2025-12-02,20.812594,92.323347,9.944894,79.270091,India,Hyderabad,R4779,van,71,71,19.34,107.76,on-time,0.5,0.38,0.86,0.69,0.36,0.35,0.18,medium,standard,0.66,17,1,3.9,Handled package carefully,1,33.0
0ad92572,2025-11-26,15.270697,78.962973,8.973677,72.768891,India,Mumbai,R5966,bike,331,331,110.43,946.61,on-time,0.66,0.75,0.69,0.34,0.92,0.19,0.65,high,high_value,0.68,5,1,4.3,Driver was polite and professional,1,56.0
c8be809d,2026-01-06,24.039956,78.101044,9.625455,70.738237,India,Chennai,R1328,bike,154,191,56.87,345.81,delayed,0.59,0.69,0.36,0.84,0.3,0.32,0.46,low,high_value,0.64,38,0,3.1,Handled package carefully,1,36.0
779878e8,2025-12-22,18.096995,82.039446,23.12874,96.64937,India,Hyderabad,R1148,scooter,300,300,91.12,708.75,on-time,0.72,0.87,0.85,0.37,0.48,0.27,0.5,high,standard,0.37,13,0,2.9,Rude behavior by driver,1,37.0
b4274271,2026-01-05,16.611341,92.097048,22.727147,95.445408,India,Delhi,R4552,scooter,102,102,36.85,253.1,on-time,0.44,0.34,0.86,0.5,0.22,0.46,0.43,medium,high_value,0.24,17,0,3.2,Rude behavior by driver,1,30.0
03616d59,2025-11-22,30.077546,78.462294,16.566803,86.764954,India,Delhi,R4557,scooter,356,356,105.88,641.4,on-time,0.94,0.33,0.35,0.79,0.37,0.83,0.96,low,perishable,0.56,41,0,2.5,Late delivery and poor communication,1,59.0
2b163908,2025-12-16,27.445543,96.008086,27.803382,82.455629,India,Kolkata,R7703,van,26,64,7.92,65.97,delayed,0.94,0.47,0.75,0.66,0.79,0.18,0.21,medium,high_value,0.49,34,0,2.8,Late delivery and poor communication,1,40.0
5eb1cbbe,2025-11-19,21.588014,70.520699,14.481369,76.162434,India,Pune,R3011,bike,381,381,110.04,673.5,on-time,0.78,0.46,0.41,0.54,0.35,0.68,0.52,medium,standard,0.68,45,0,4.4,Late delivery and poor communication,1,48.0
04379f36,2025-12-24,36.362038,85.912885,20.123184,80.609001,India,Hyderabad,R7109,scooter,57,71,20.12,143.51,delayed,0.69,0.45,0.8,0.58,0.26,0.65,0.74,low,high_value,0.45,49,1,3.1,Handled package carefully,1,46.0
65669297,2026-01-09,10.18151,94.153405,22.601744,71.492656,India,Ahmedabad,R5816,bike,58,73,17.64,127.77,delayed,0.57,0.84,0.95,0.81,0.56,0.18,0.56,medium,standard,0.37,41,0,5.0,Late delivery and poor communication,1,38.0
96c49fe7,2025-12-02,13.728172,81.533125,12.598826,82.97649,India,Mumbai,R5873,bike,153,153,39.55,278.62,on-time,0.85,0.45,0.22,0.5,0.21,0.84,0.93,low,standard,0.33,51,1,2.9,Delivery delayed but driver communicated well,1,51.0
9a36c094,2025-12-21,31.401242,91.465003,14.611282,70.737896,India,Hyderabad,R8004,bike,225,256,65.45,491.7,delayed,0.78,0.46,0.87,0.82,0.26,0.55,0.38,low,high_value,0.27,11,0,4.5,Excellent service under tough conditions,1,33.0
7936e525,2025-12-20,25.505268,89.730203,27.043472,88.793663,India,Pune,R5967,scooter,268,268,74.3,421.37,on-time,0.49,0.76,0.67,0.35,0.81,0.39,0.46,high,standard,0.31,18,0,4.3,Excellent service under tough conditions,1,48.0
03f88581,2025-12-27,25.147069,72.333113,26.236867,85.080084,India,Ahmedabad,R9408,scooter,174,174,44.74,376.48,on-time,0.9,0.57,0.93,0.77,0.78,0.71,0.09,medium,standard,0.18,52,0,3.3,Handled package carefully,1,46.0
f2c4396a,2025-11-24,36.30228,72.568809,19.251215,95.248946,India,Pune,R7116,scooter,45,45,16.31,91.17,on-time,0.85,0.77,0.55,0.81,0.89,0.31,0.61,high,fragile,0.38,10,0,3.3,Handled package carefully,1,52.0
526f9fa5,2025-11-18,32.116736,92.644468,11.501409,68.538792,India,Mumbai,R6815,van,157,157,45.58,231.36,on-time,0.92,0.34,0.84,0.41,0.84,0.65,0.29,medium,perishable,0.13,38,0,3.9,Late delivery and poor communication,1,49.0
26d0ea3a,2025-11-21,11.361692,88.618021,17.789244,86.918739,India,Ahmedabad,R8667,scooter,103,103,35.15,225.45,on-time,0.8,0.59,0.25,0.56,0.71,0.13,0.16,low,standard,0.25,20,0,4.6,Excellent service under tough conditions,1,31.0
75f16f4f,2025-11-29,29.209987,68.748259,19.915883,87.515706,India,Ahmedabad,R2193,bike,70,70,24.64,201.5,on-time,0.74,0.32,0.45,0.4,0.24,0.77,0.54,medium,perishable,0.7,55,1,3.5,Excellent service under tough conditions,1,48.0
ac5fd350,2025-12-16,16.70951,81.395313,12.799425,79.791127,India,Delhi,R7660,scooter,405,405,107.3,951.19,on-time,0.63,0.34,0.25,0.72,0.79,0.46,0.53,medium,fragile,0.36,41,0,2.7,Late delivery and poor communication,1,51.0
0ee49244,2025-11-17,22.605067,90.837403,35.957322,86.234142,India,Mumbai,R7594,scooter,61,61,24.2,146.44,on-time,0.91,0.84,0.93,0.62,0.83,0.61,0.08,high,fragile,0.63,40,0,3.4,Handled package carefully,1,51.0
41721f9d,2025-12-03,10.640683,70.622424,12.547905,92.900028,India,Chennai,R1303,scooter,63,63,16.6,149.3,on-time,0.88,0.38,0.81,0.68,0.8,0.28,0.7,low,fragile,0.67,50,0,3.0,Rude behavior by driver,0,55.0
f2982a09,2025-12-29,31.939416,96.752467,10.382878,88.665923,India,Kolkata,R2215,bike,422,422,119.17,783.95,on-time,0.42,0.62,0.84,0.42,0.58,0.64,0.62,high,fragile,0.56,10,1,4.8,Rude behavior by driver,1,54.0
b78a7dd1,2026-01-02,35.717659,74.869784,27.654399,80.062748,India,Pune,R8242,van,192,192,73.09,537.06,on-time,0.41,0.55,0.9,0.43,0.37,0.72,0.19,high,perishable,0.87,12,0,4.2,Late delivery and poor communication,1,46.0
c7c1fe30,2025-12-11,15.742787,89.736081,35.534727,94.229007,India,Hyderabad,R8213,scooter,168,168,62.51,420.71,on-time,0.61,0.51,0.26,0.32,0.83,0.48,0.47,medium,high_value,0.12,28,0,2.6,Rude behavior by driver,1,48.0
10ce37b9,2025-12-27,14.755773,70.2036,18.02592,77.899425,India,Hyderabad,R8413,bike,361,361,92.53,753.61,on-time,0.85,0.84,0.49,0.49,0.75,0.59,0.72,high,high_value,0.69,7,0,3.2,Delivery delayed but driver communicated well,1,62.0
2c7379bb,2025-11-30,28.817744,79.468554,28.070039,70.174657,India,Chennai,R4129,van,11,11,3.86,21.22,on-time,0.94,0.31,0.25,0.64,0.94,0.47,0.53,low,perishable,0.87,8,0,2.6,Delivery delayed but driver communicated well,0,64.0
9252aee5,2026-01-03,33.717277,94.192061,12.962836,80.176843,India,Delhi,R4712,bike,178,178,55.98,294.76,on-time,0.48,0.7,0.36,0.81,0.32,0.82,0.4,high,standard,0.79,36,1,4.6,Delivery delayed but driver communicated well,1,50.0
08dbe60e,2025-11-25,15.163204,86.234836,21.144478,93.1539,India,Pune,R6415,bike,138,153,48.07,396.72,delayed,0.73,0.88,0.37,0.7,0.37,0.5,0.32,medium,perishable,0.23,5,0,4.8,Handled package carefully,1,33.0
96227921,2025-12-27,16.879881,80.140422,25.738693,77.23316,India,Pune,R7681,van,13,13,3.47,23.78,on-time,0.61,0.64,0.55,0.56,0.36,0.77,0.61,low,standard,0.36,38,0,2.8,Handled package carefully,1,48.0
d16c9f73,2025-12-04,10.238997,85.142687,12.671148,89.700134,India,Chennai,R5138,scooter,248,283,92.55,711.64,delayed,0.93,0.86,0.4,0.87,0.79,0.74,0.94,high,standard,0.24,49,0,3.6,Handled package carefully,1,65.0
ddbbc411,2026-01-06,26.646534,84.398746,21.623176,84.508768,India,Delhi,R7290,bike,25,25,9.88,57.43,on-time,0.86,0.33,0.28,0.73,0.34,0.43,0.67,medium,high_value,0.58,13,0,4.8,Handled package carefully,1,43.0
0bc459a3,2025-12-27,18.857395,95.96255,24.73244,71.683704,India,Ahmedabad,R5957,van,289,317,84.96,712.52,delayed,0.86,0.55,0.33,0.86,0.25,0.28,0.07,medium,fragile,0.67,16,0,2.9,Handled package carefully,1,26.0
7ae6a213,2025-12-31,27.658948,73.292878,24.880478,92.036168,India,Delhi,R3172,bike,18,18,6.99,42.87,on-time,0.66,0.46,0.31,0.62,0.95,0.42,0.46,medium,high_value,0.35,14,0,3.2,Late delivery and poor communication,1,53.0
9d59b32e,2025-12-27,33.925613,70.196411,20.982887,86.997702,India,Mumbai,R8101,van,15,26,6.31,35.05,delayed,0.63,0.74,0.93,0.46,0.22,0.76,0.89,low,high_value,0.53,14,0,3.3,Rude behavior by driver,1,51.0
fa2f59a7,2025-12-06,18.895705,79.909036,27.130464,90.181975,India,Bengaluru,R2190,van,208,239,58.83,455.72,delayed,0.55,0.89,0.77,0.33,0.83,0.28,0.09,medium,perishable,0.65,54,0,2.6,Late delivery and poor communication,1,43.0
c1d019af,2025-11-16,12.420205,92.500538,12.010938,90.013271,India,Hyderabad,R4687,van,265,265,89.4,533.21,on-time,0.43,0.45,0.93,0.74,0.47,0.52,0.99,high,perishable,0.44,48,0,2.6,Rude behavior by driver,1,54.0
43338549,2025-11-24,30.819495,87.286607,21.978447,81.001998,India,Ahmedabad,R8055,bike,54,70,14.33,118.24,delayed,0.88,0.69,0.53,0.37,0.83,0.74,0.95,low,standard,0.78,58,0,4.9,Late delivery and poor communication,0,74.0
377c6862,2025-11-29,36.258308,74.935323,10.018173,70.135902,India,Delhi,R4340,van,285,285,107.54,582.2,on-time,0.85,0.42,0.41,0.48,0.62,0.38,0.08,low,perishable,0.72,52,0,3.9,Delivery delayed but driver communicated well,1,40.0
a9b2f5de,2025-11-18,29.143821,94.439061,18.275428,86.776232,India,Hyderabad,R1475,scooter,199,199,65.51,499.4,on-time,0.95,0.64,0.8,0.62,0.88,0.61,0.93,low,standard,0.15,27,1,3.3,Driver was polite and professional,1,62.0
451fedd4,2025-11-26,36.690742,71.239965,13.730248,88.929684,India,Ahmedabad,R6708,van,115,115,34.14,242.08,on-time,0.95,0.58,0.44,0.64,0.89,0.3,0.36,medium,standard,0.6,10,1,3.4,Handled package carefully,1,50.0
080bd565,2025-11-24,14.501266,96.626526,19.997288,82.984093,India,Kolkata,R3066,scooter,137,137,37.86,327.67,on-time,0.71,0.88,0.42,0.66,0.21,0.19,0.84,medium,fragile,0.29,28,0,4.3,Driver was polite and professional,1,32.0
1289a624,2025-11-30,22.065049,72.238888,12.522237,84.333598,India,Pune,R9338,bike,364,364,92.2,631.06,on-time,0.82,0.67,0.37,0.4,0.26,0.74,0.42,high,fragile,0.55,28,0,3.4,Driver was polite and professional,1,43.0
e0055a5b,2025-12-05,8.0337,71.270712,22.697157,89.286121,India,Chennai,R6575,bike,268,268,90.69,697.88,on-time,0.92,0.51,0.3,0.53,0.39,0.18,0.44,high,high_value,0.87,25,0,3.1,Delivery delayed but driver communicated well,1,38.0
c3927f84,2025-11-20,32.128829,95.07332,32.067673,89.745478,India,Mumbai,R6372,scooter,207,207,64.21,389.42,on-time,0.87,0.37,0.39,0.67,0.7,0.32,0.63,medium,fragile,0.8,46,1,2.8,Driver was polite and professional,0,54.0
2bc55a3a,2025-12-02,22.543545,84.162015,10.3818,85.454508,India,Bengaluru,R9601,bike,125,125,46.43,239.02,on-time,0.54,0.39,0.47,0.88,0.87,0.78,0.77,low,standard,0.42,35,1,4.3,Driver was polite and professional,1,67.0
324ca9ab,2025-11-13,17.691955,80.193962,32.899145,69.997108,India,Mumbai,R9610,van,220,220,56.37,467.92,on-time,0.65,0.44,0.71,0.74,0.54,0.38,0.03,high,perishable,0.33,51,0,3.0,Delivery delayed but driver communicated well,1,31.0
189c3c05,2025-12-12,21.584738,79.301777,26.054089,87.426393,India,Bengaluru,R2019,bike,100,100,26.16,149.09,on-time,0.47,0.45,0.25,0.85,0.66,0.88,0.59,high,fragile,0.29,45,0,2.7,Rude behavior by driver,1,58.0
17e7f10d,2026-01-03,35.37968,92.753198,22.542237,85.987701,India,Bengaluru,R6148,van,19,19,7.68,65.15,on-time,0.92,0.81,0.36,0.76,0.34,0.88,0.19,medium,fragile,0.53,34,0,3.6,Late delivery and poor communication,1,44.0
2d166de2,2026-01-02,20.237791,81.958356,10.645126,90.436837,India,Hyderabad,R3634,bike,206,206,55.83,408.03,on-time,0.73,0.64,0.81,0.66,0.8,0.31,0.35,medium,fragile,0.19,38,0,2.6,Excellent service under tough conditions,1,42.0
b8234e7b,2026-01-09,26.438722,76.682086,16.799794,95.545038,India,Ahmedabad,R6378,scooter,311,311,101.21,730.61,on-time,0.53,0.61,0.31,0.42,0.93,0.13,0.35,high,fragile,0.54,22,0,4.9,Driver was polite and professional,1,46.0
3a7d814a,2025-12-27,29.014896,89.502196,36.972412,69.888806,India,Kolkata,R1286,scooter,294,306,90.48,601.06,delayed,0.77,0.37,0.46,0.7,0.4,0.66,0.47,medium,standard,0.1,16,0,4.1,Handled package carefully,1,39.0
8df5bc65,2025-12-11,26.166643,93.518855,13.764908,68.040756,India,Chennai,R6244,scooter,150,150,51.9,350.2,on-time,0.74,0.82,0.85,0.67,0.57,0.46,0.33,low,standard,0.36,39,1,2.9,Delivery delayed but driver communicated well,1,41.0
38da7f64,2025-12-20,22.295651,79.135451,36.293113,75.433066,India,Ahmedabad,R7470,scooter,315,315,91.02,757.55,on-time,0.6,0.73,0.32,0.66,0.26,0.18,0.11,medium,high_value,0.28,11,0,2.9,Driver was polite and professional,1,19.0
f412e7d7,2025-12-22,8.636459,80.516885,19.463186,88.698879,India,Kolkata,R4510,scooter,381,381,119.08,945.94,on-time,0.46,0.34,0.26,0.59,0.62,0.67,0.15,low,perishable,0.88,45,0,3.9,Excellent service under tough conditions,1,52.0
7215149e,2025-12-01,35.067994,96.317812,28.377965,87.218031,India,Kolkata,R5982,bike,365,365,119.06,651.36,on-time,0.77,0.72,0.56,0.62,0.58,0.12,0.03,low,high_value,0.68,44,0,3.4,Rude behavior by driver,1,31.0
a09af413,2025-12-02,31.97208,82.129932,30.941648,70.378273,India,Hyderabad,R8658,van,130,130,38.96,207.53,on-time,0.69,0.63,0.43,0.5,0.31,0.8,0.47,medium,high_value,0.38,29,0,4.4,Rude behavior by driver,1,44.0
4658f4d2,2025-12-26,8.179497,81.756016,34.941635,76.788379,India,Delhi,R6111,van,214,248,74.79,596.63,delayed,0.82,0.35,0.62,0.61,0.53,0.21,0.95,low,fragile,0.17,10,1,3.9,Excellent service under tough conditions,1,43.0
3f25a363,2025-11-24,21.446502,79.057896,32.491147,95.047119,India,Pune,R6796,scooter,299,299,76.29,636.43,on-time,0.69,0.57,0.8,0.42,0.45,0.2,0.12,low,perishable,0.51,5,0,3.6,Handled package carefully,1,29.0
c1bfbbab,2025-12-26,32.783578,70.140754,8.186214,88.200296,India,Mumbai,R4916,bike,28,28,9.3,56.77,on-time,0.87,0.59,0.3,0.78,0.59,0.24,0.95,low,fragile,0.27,50,0,4.9,Driver was polite and professional,1,47.0
1522b272,2025-11-24,23.091246,73.313972,15.083364,96.302111,India,Pune,R3498,bike,366,366,100.75,704.38,on-time,0.7,0.4,0.64,0.41,0.64,0.87,0.73,medium,standard,0.53,20,0,3.5,Handled package carefully,1,64.0
26cb778a,2025-11-23,11.378223,90.166068,11.119182,96.385635,India,Chennai,R4642,bike,342,342,92.68,503.88,on-time,0.71,0.87,0.58,0.35,0.21,0.65,0.64,high,high_value,0.77,52,0,3.5,Rude behavior by driver,1,47.0
5eb4af01,2025-11-28,15.177183,84.498088,21.333718,82.947023,India,Bengaluru,R1582,van,205,205,76.54,444.49,on-time,0.88,0.81,0.31,0.56,0.77,0.74,0.65,high,perishable,0.59,8,0,4.2,Rude behavior by driver,1,63.0
eea9b2e6,2025-12-04,13.567389,69.562082,8.056561,78.45327,India,Hyderabad,R6900,van,111,145,41.6,287.42,delayed,0.62,0.7,0.67,0.69,0.73,0.42,0.83,low,standard,0.61,33,1,4.5,Late delivery and poor communication,1,58.0
a19b059f,2025-12-15,16.784502,84.842686,18.162589,82.26654,India,Ahmedabad,R2156,bike,179,179,63.06,440.03,on-time,0.47,0.58,0.41,0.56,0.47,0.37,0.11,medium,high_value,0.53,42,0,4.1,Rude behavior by driver,1,34.0
f60ddddd,2025-11-27,35.69893,81.346891,21.912252,71.531708,India,Bengaluru,R8286,bike,29,29,7.98,52.22,on-time,0.42,0.55,0.57,0.47,0.24,0.29,0.5,high,perishable,0.84,51,0,4.2,Delivery delayed but driver communicated well,1,37.0
e23cdf08,2025-11-15,17.30253,76.131225,35.533221,96.628693,India,Chennai,R5039,van,251,251,66.64,333.27,on-time,0.82,0.69,0.26,0.63,0.77,0.48,0.7,low,high_value,0.85,32,1,3.4,Late delivery and poor communication,1,62.0
fe618c8a,2025-11-30,23.763395,95.355954,19.998852,83.58217,India,Chennai,R9606,bike,39,39,14.15,107.72,on-time,0.74,0.63,0.54,0.51,0.92,0.54,0.59,medium,perishable,0.51,26,0,3.7,Handled package carefully,1,61.0
1b609ad0,2026-01-03,28.655531,93.69457,15.881652,93.155965,India,Hyderabad,R7595,scooter,122,122,48.94,391.86,on-time,0.79,0.34,0.43,0.86,0.38,0.61,0.83,high,high_value,0.34,12,0,3.0,Rude behavior by driver,1,48.0
1d4676ef,2025-11-13,34.424901,83.577296,27.530646,86.403385,India,Bengaluru,R4184,van,468,468,119.13,720.25,on-time,0.52,0.61,0.82,0.85,0.44,0.31,0.07,low,fragile,0.47,36,0,4.2,Excellent service under tough conditions,1,29.0
be2c1a9b,2025-12-06,19.621707,83.682424,16.336813,74.425827,India,Mumbai,R7977,van,60,60,23.15,165.64,on-time,0.48,0.78,0.24,0.6,0.34,0.86,0.69,high,high_value,0.25,37,0,3.1,Delivery delayed but driver communicated well,1,49.0
d6c16db4,2025-12-31,28.994017,73.196134,21.018062,76.728516,India,Bengaluru,R1720,van,339,339,93.7,616.5,on-time,0.41,0.58,0.51,0.5,0.63,0.24,0.53,high,high_value,0.61,17,1,2.5,Late delivery and poor communication,1,45.0
aa00c223,2025-11-30,32.784254,71.05906,32.020384,89.419471,India,Pune,R7602,scooter,345,358,92.29,545.64,delayed,0.59,0.33,0.54,0.74,0.32,0.87,0.38,low,perishable,0.5,31,0,4.8,Delivery delayed but driver communicated well,1,46.0
9216a0fd,2026-01-02,24.313999,83.473063,12.246501,72.174168,India,Hyderabad,R3260,bike,171,171,46.53,251.26,on-time,0.72,0.77,0.74,0.32,0.47,0.11,0.34,low,perishable,0.18,22,0,3.3,Late delivery and poor communication,1,26.0
2a06ec36,2025-12-02,31.771485,90.198915,13.56832,87.539179,India,Kolkata,R7510,van,134,134,35.41,219.36,on-time,0.62,0.42,0.63,0.58,0.72,0.48,0.62,low,fragile,0.26,22,0,3.0,Late delivery and poor communication,1,50.0
52d590a2,2026-01-07,32.065043,68.906399,27.063581,78.781292,India,Mumbai,R5863,scooter,11,11,3.92,30.86,on-time,0.64,0.46,0.7,0.5,0.62,0.37,0.89,low,perishable,0.48,17,0,3.2,Late delivery and poor communication,1,53.0
86ed1f36,2025-11-29,33.119544,94.512469,31.339191,90.437308,India,Ahmedabad,R2255,scooter,166,166,47.65,291.28,on-time,0.9,0.4,0.78,0.85,0.49,0.46,0.5,medium,high_value,0.81,26,0,3.3,Excellent service under tough conditions,1,48.0
13470139,2025-12-22,25.757604,80.041066,16.339272,96.582768,India,Ahmedabad,R2241,scooter,9,9,3.35,17.0,on-time,0.59,0.5,0.85,0.31,0.52,0.56,0.82,medium,perishable,0.55,18,0,3.7,Handled package carefully,1,54.0
a0e23555,2025-11-14,32.020533,86.289476,25.447048,93.60985,India,Chennai,R5630,van,111,111,38.67,311.36,on-time,0.68,0.75,0.44,0.63,0.62,0.45,0.4,low,perishable,0.65,15,1,2.7,Late delivery and poor communication,1,48.0
a8a53fa0,2025-12-13,23.034261,72.487044,20.783233,83.330109,India,Mumbai,R9382,bike,61,61,19.87,160.0,on-time,0.83,0.61,0.6,0.74,0.2,0.43,0.1,high,perishable,0.37,43,0,2.6,Late delivery and poor communication,1,24.0
304970de,2025-12-08,16.269053,96.984478,29.389054,71.646076,India,Kolkata,R9758,bike,80,80,30.26,250.27,on-time,0.62,0.42,0.83,0.59,0.26,0.69,0.06,low,fragile,0.56,54,0,3.2,Delivery delayed but driver communicated well,1,35.0
f2a3ba39,2025-11-30,15.974414,82.023565,27.277316,91.867513,India,Delhi,R1120,scooter,344,344,100.1,875.85,on-time,0.74,0.83,0.94,0.35,0.86,0.65,0.05,low,fragile,0.46,57,0,3.2,Late delivery and poor communication,1,50.0
21c9383a,2025-12-27,16.627377,77.2602,8.814252,79.570746,India,Mumbai,R3087,scooter,194,211,52.92,458.71,delayed,0.87,0.83,0.87,0.88,0.26,0.77,0.38,low,standard,0.63,26,0,2.8,Handled package carefully,1,44.0
0dfdae51,2025-11-26,34.630072,73.981487,14.573814,86.30781,India,Ahmedabad,R8117,bike,390,413,115.69,604.56,delayed,0.92,0.82,0.48,0.61,0.73,0.3,0.34,medium,fragile,0.14,40,0,3.5,Excellent service under tough conditions,1,38.0
3c9fca94,2026-01-04,36.452713,79.0666,14.679189,71.889352,India,Kolkata,R2834,scooter,101,101,27.54,222.35,on-time,0.48,0.44,0.35,0.67,0.89,0.59,0.72,medium,fragile,0.49,21,0,3.2,Excellent service under tough conditions,1,63.0
62dbe612,2025-12-27,16.020898,84.794454,11.426535,69.259397,India,Mumbai,R7165,van,276,276,89.73,623.63,on-time,0.91,0.57,0.57,0.44,0.4,0.57,0.74,low,fragile,0.34,55,0,2.6,Delivery delayed but driver communicated well,1,46.0
11e22666,2025-11-11,31.503967,70.985734,26.95271,81.028043,India,Kolkata,R6180,bike,162,162,52.96,345.82,on-time,0.67,0.89,0.76,0.59,0.48,0.4,0.05,low,high_value,0.36,36,0,4.7,Late delivery and poor communication,1,31.0
6a1eb8cb,2025-12-25,27.15743,93.298106,27.076427,90.475812,India,Chennai,R6796,van,203,203,60.46,341.33,on-time,0.54,0.76,0.57,0.56,0.63,0.49,0.22,high,standard,0.87,18,0,4.7,Delivery delayed but driver communicated well,1,49.0
6f9270f3,2025-12-18,35.500725,75.291411,17.054673,84.132199,India,Pune,R7131,bike,200,200,52.01,330.05,on-time,0.65,0.32,0.56,0.34,0.86,0.35,0.27,high,high_value,0.25,46,0,3.0,Excellent service under tough conditions,1,44.0
f2f87b35,2025-12-01,36.71716,94.716032,20.379104,93.182483,India,Ahmedabad,R1687,van,281,281,89.33,596.15,on-time,0.94,0.34,0.83,0.36,0.91,0.21,0.55,low,fragile,0.35,33,0,2.9,Handled package carefully,1,49.0
6d0bf9c0,2025-11-23,22.824712,71.445874,28.231707,93.947516,India,Chennai,R7445,bike,63,63,16.03,120.68,on-time,0.67,0.58,0.47,0.8,0.75,0.27,0.14,low,fragile,0.51,10,1,3.9,Delivery delayed but driver communicated well,1,40.0
ccba39ef,2025-11-30,36.48519,88.551064,19.429324,93.503518,India,Pune,R3837,bike,363,403,118.59,713.42,delayed,0.58,0.85,0.84,0.44,0.26,0.18,0.13,medium,standard,0.79,54,0,4.1,Handled package carefully,1,27.0
5b46d1e9,2025-12-30,9.898183,75.821062,28.538443,68.106632,India,Mumbai,R9914,van,39,75,14.5,95.75,delayed,0.75,0.62,0.51,0.42,0.7,0.65,0.94,medium,standard,0.43,8,1,4.9,Rude behavior by driver,1,62.0
a9383cb0,2026-01-01,20.087726,77.008985,14.934047,70.92428,India,Hyderabad,R5432,van,112,112,30.47,164.28,on-time,0.53,0.6,0.45,0.6,0.51,0.63,0.8,low,perishable,0.7,15,0,3.4,Late delivery and poor communication,1,58.0
00ca5980,2025-12-22,19.693253,91.703155,13.954501,81.153216,India,Delhi,R2325,scooter,237,237,69.15,580.76,on-time,0.44,0.36,0.54,0.76,0.55,0.86,0.18,high,fragile,0.79,49,1,4.0,Handled package carefully,1,53.0
cb6b703e,2025-12-18,33.345807,73.217125,8.825659,72.464875,India,Chennai,R9054,scooter,89,89,32.43,203.76,on-time,0.47,0.69,0.77,0.34,0.24,0.68,0.41,medium,fragile,0.35,44,0,4.7,Late delivery and poor communication,1,38.0
addbcacd,2025-12-21,26.788484,75.908043,35.202313,75.083797,India,Hyderabad,R3919,scooter,89,89,34.8,186.08,on-time,0.47,0.79,0.29,0.65,0.34,0.14,0.36,medium,high_value,0.41,14,0,3.6,Handled package carefully,1,27.0
1fa908b3,2026-01-01,21.84112,95.254097,21.743883,92.286105,India,Ahmedabad,R8126,bike,60,60,19.15,103.67,on-time,0.48,0.53,0.35,0.37,0.79,0.81,0.79,medium,perishable,0.39,59,1,2.8,Driver was polite and professional,1,66.0
b505b1d3,2025-12-01,27.029142,76.266233,20.534869,74.772535,India,Ahmedabad,R8501,scooter,328,328,88.82,736.61,on-time,0.48,0.77,0.91,0.32,0.54,0.79,0.51,high,fragile,0.77,32,0,3.4,Driver was polite and professional,1,58.0
95c0665f,2025-11-22,8.025597,69.019775,18.601391,96.822524,India,Bengaluru,R1586,bike,450,450,113.57,710.04,on-time,0.75,0.88,0.33,0.33,0.43,0.45,0.13,high,high_value,0.14,15,0,2.8,Driver was polite and professional,1,29.0
a0670b57,2025-12-24,29.34571,76.934554,22.490396,86.42054,India,Mumbai,R7065,bike,292,292,74.62,588.7,on-time,0.5,0.42,0.63,0.8,0.49,0.57,0.74,low,standard,0.35,39,1,2.5,Handled package carefully,1,49.0
b3e0f57c,2025-12-18,27.107296,74.697156,28.736136,80.581529,India,Hyderabad,R1089,scooter,159,159,63.15,472.06,on-time,0.59,0.61,0.63,0.37,0.84,0.88,0.4,low,high_value,0.64,19,0,4.4,Excellent service under tough conditions,1,65.0
81057387,2025-12-13,9.101544,68.379582,23.254154,87.222143,India,Kolkata,R9513,van,53,53,13.52,74.03,on-time,0.89,0.47,0.57,0.33,0.76,0.53,0.26,medium,fragile,0.55,12,0,3.1,Excellent service under tough conditions,1,50.0
c8e47538,2025-11-22,14.09326,83.803002,30.860202,78.74699,India,Pune,R4910,scooter,228,228,71.34,610.19,on-time,0.66,0.78,0.68,0.56,0.4,0.82,0.38,low,high_value,0.45,24,0,2.5,Late delivery and poor communication,1,47.0
deb6fd24,2025-12-26,35.231177,95.088704,21.08644,95.788768,India,Mumbai,R3985,bike,214,214,63.61,561.42,on-time,0.77,0.65,0.37,0.81,0.29,0.17,0.5,medium,high_value,0.53,54,0,4.7,Driver was polite and professional,1,31.0
a6590874,2026-01-09,34.84811,72.039487,29.537905,96.589196,India,Chennai,R3185,van,344,369,89.01,494.71,delayed,0.49,0.68,0.61,0.46,0.39,0.25,0.34,high,perishable,0.26,25,0,3.6,Late delivery and poor communication,1,29.0
50d2411f,2025-11-21,34.088198,70.965781,20.099622,96.153051,India,Delhi,R4860,scooter,250,263,87.92,511.69,delayed,0.51,0.78,0.48,0.55,0.89,0.45,0.24,medium,perishable,0.44,5,1,3.1,Handled package carefully,1,49.0
1f6ee946,2025-11-22,11.921588,95.482369,10.399574,94.518527,India,Pune,R5881,scooter,353,353,114.68,848.11,on-time,0.42,0.54,0.7,0.32,0.64,0.57,0.4,high,standard,0.5,33,0,3.2,Late delivery and poor communication,1,49.0
3af65bd0,2025-11-23,26.009636,89.671315,18.696428,86.760362,India,Mumbai,R7804,bike,21,21,6.93,47.18,on-time,0.49,0.85,0.31,0.57,0.6,0.75,0.02,low,perishable,0.82,28,0,3.1,Late delivery and poor communication,1,49.0
a9161cae,2025-12-13,20.617237,83.094102,36.271697,85.699653,India,Kolkata,R1549,scooter,144,144,42.83,366.15,on-time,0.55,0.62,0.63,0.65,0.65,0.89,0.77,high,high_value,0.31,34,0,3.0,Driver was polite and professional,1,62.0
4c589955,2026-01-05,12.542866,68.115998,33.737171,89.749769,India,Chennai,R1267,scooter,78,96,24.75,184.64,delayed,0.5,0.39,0.34,0.64,0.47,0.41,0.17,high,perishable,0.79,44,1,4.6,Excellent service under tough conditions,1,40.0
a8dd44c9,2025-11-21,8.221531,90.663072,35.188727,71.314605,India,Hyderabad,R7150,scooter,179,179,60.19,458.48,on-time,0.45,0.72,0.41,0.5,0.81,0.14,0.04,low,fragile,0.62,39,0,2.9,Delivery delayed but driver communicated well,1,38.0
4e7f0402,2025-11-25,25.821243,88.578993,20.967816,80.774037,India,Delhi,R5192,scooter,52,91,15.63,89.68,delayed,0.47,0.78,0.36,0.49,0.59,0.74,0.65,medium,high_value,0.12,37,1,3.9,Rude behavior by driver,1,51.0
3e996bb9,2025-12-23,29.38702,94.173177,15.027177,72.180271,India,Mumbai,R5455,scooter,244,274,76.81,387.51,delayed,0.65,0.49,0.34,0.36,0.29,0.58,0.77,low,high_value,0.68,24,0,2.7,Handled package carefully,1,49.0
37b31af1,2025-11-13,23.022766,71.565709,25.817718,74.563395,India,Kolkata,R2878,scooter,282,282,72.1,408.91,on-time,0.51,0.81,0.82,0.52,0.3,0.26,0.81,high,high_value,0.13,20,1,4.9,Handled package carefully,1,34.0
d46b293b,2025-11-15,34.37547,86.036745,23.052239,86.563801,India,Pune,R2242,bike,89,89,28.68,227.2,on-time,0.6,0.84,0.41,0.36,0.6,0.5,0.49,medium,fragile,0.9,13,0,4.0,Handled package carefully,1,54.0
2a47b081,2026-01-09,30.264848,91.779043,22.70745,69.494737,India,Delhi,R9765,bike,281,281,72.52,513.28,on-time,0.68,0.47,0.9,0.76,0.9,0.69,0.21,low,high_value,0.8,35,0,4.8,Rude behavior by driver,1,60.0
968ae412,2025-12-23,32.529413,88.568405,26.572318,68.217436,India,Pune,R4127,scooter,130,155,37.4,215.51,delayed,0.78,0.89,0.93,0.88,0.43,0.72,0.74,medium,perishable,0.34,21,0,3.5,Delivery delayed but driver communicated well,1,51.0
4a788f87,2025-12-27,35.434884,68.971382,23.364321,77.652082,India,Hyderabad,R8878,scooter,198,221,72.81,470.28,delayed,0.42,0.38,0.63,0.88,0.85,0.5,0.7,medium,fragile,0.31,35,0,4.5,Excellent service under tough conditions,1,57.0
792cc925,2025-12-29,17.573602,87.424589,25.32707,68.314487,India,Kolkata,R9382,scooter,68,68,19.27,156.54,on-time,0.84,0.42,0.31,0.82,0.77,0.34,0.25,low,high_value,0.41,52,0,4.6,Late delivery and poor communication,1,43.0
6cfb2ec3,2025-12-23,28.814486,83.21593,33.83918,91.251026,India,Delhi,R5425,scooter,16,16,4.37,35.79,on-time,0.75,0.41,0.48,0.66,0.39,0.88,0.9,low,perishable,0.38,27,0,4.3,Excellent service under tough conditions,1,57.0
8f7b4112,2025-11-14,29.90042,78.270236,23.97216,82.485131,India,Chennai,R6715,scooter,168,168,50.74,347.13,on-time,0.44,0.84,0.8,0.72,0.23,0.63,0.1,medium,perishable,0.4,10,0,2.7,Handled package carefully,1,31.0
08917d58,2025-12-31,20.331471,68.188046,17.099159,88.69145,India,Hyderabad,R2451,scooter,326,326,99.76,680.24,on-time,0.88,0.69,0.48,0.47,0.28,0.43,0.98,medium,standard,0.35,34,0,2.5,Late delivery and poor communication,1,44.0
75715689,2025-12-13,15.284536,79.208239,21.274802,96.44021,India,Chennai,R4494,scooter,214,214,81.33,651.38,on-time,0.91,0.39,0.27,0.68,0.75,0.32,0.86,high,perishable,0.6,59,0,2.9,Driver was polite and professional,1,57.0
b5c1a4aa,2025-11-28,10.444614,91.91488,22.824435,84.821801,India,Mumbai,R3666,scooter,161,161,49.34,361.28,on-time,0.43,0.56,0.62,0.57,0.35,0.68,0.69,high,perishable,0.23,11,0,2.8,Excellent service under tough conditions,1,45.0
c8b5e92a,2025-12-26,23.262267,76.184033,34.763812,83.641658,India,Kolkata,R8698,bike,321,348,88.94,677.35,delayed,0.55,0.67,0.83,0.59,0.48,0.29,0.94,medium,standard,0.78,52,1,4.3,Driver was polite and professional,1,52.0
197f2978,2025-11-12,13.656631,94.636517,17.873389,75.791359,India,Hyderabad,R1990,van,42,42,16.48,123.41,on-time,0.84,0.35,0.8,0.75,0.58,0.24,0.72,high,standard,0.75,44,1,3.9,Driver was polite and professional,1,49.0
a79673f9,2025-12-15,25.585829,90.620861,12.682828,76.327224,India,Kolkata,R1959,scooter,228,228,68.0,524.07,on-time,0.81,0.83,0.33,0.47,0.74,0.52,0.19,medium,fragile,0.48,46,0,3.8,Excellent service under tough conditions,1,46.0
59618c73,2025-12-02,9.307502,86.798004,10.761807,93.327276,India,Ahmedabad,R5100,van,259,259,100.63,826.61,on-time,0.5,0.78,0.7,0.49,0.28,0.33,0.44,medium,perishable,0.78,50,0,3.1,Handled package carefully,1,37.0
a628a1aa,2025-12-16,20.009967,92.070071,8.942294,89.199094,India,Hyderabad,R1034,bike,277,277,82.37,667.51,on-time,0.52,0.6,0.37,0.85,0.5,0.6,0.07,low,fragile,0.3,15,0,2.9,Rude behavior by driver,1,36.0
5ead61bf,2025-12-28,18.66552,70.39605,32.105339,78.336151,India,Kolkata,R1633,bike,67,96,17.52,87.72,delayed,0.6,0.88,0.36,0.33,0.56,0.19,0.39,low,fragile,0.11,38,0,3.0,Handled package carefully,1,31.0
f3e4be5d,2025-11-28,36.503267,77.172048,20.251492,72.897571,India,Chennai,R7788,scooter,310,328,107.84,888.07,delayed,0.67,0.55,0.86,0.59,0.61,0.62,0.74,medium,high_value,0.6,16,0,3.5,Driver was polite and professional,1,58.0
ced863b5,2025-12-30,10.43649,70.096857,32.77306,71.160486,India,Delhi,R8178,van,152,152,43.33,379.87,on-time,0.74,0.89,0.39,0.85,0.81,0.33,0.39,low,fragile,0.47,56,0,4.4,Driver was polite and professional,1,47.0
20d3169a,2025-12-06,30.074102,72.366359,10.819283,81.190175,India,Chennai,R4970,bike,232,260,73.42,571.57,delayed,0.6,0.7,0.4,0.67,0.33,0.1,0.33,medium,fragile,0.55,56,0,3.1,Handled package carefully,1,27.0
6d0549f4,2025-11-13,31.484733,76.743572,29.2021,68.173823,India,Kolkata,R2356,van,270,270,69.07,619.26,on-time,0.65,0.68,0.2,0.63,0.81,0.2,0.6,high,fragile,0.82,49,1,4.2,Rude behavior by driver,1,54.0
28500907,2026-01-03,24.357989,89.798951,16.704047,79.098683,India,Kolkata,R7060,van,322,322,109.58,631.83,on-time,0.81,0.4,0.85,0.45,0.72,0.85,0.87,low,fragile,0.88,51,0,3.7,Rude behavior by driver,0,73.0
e27d69fb,2026-01-07,20.296621,83.163318,17.080331,73.078641,India,Bengaluru,R8184,bike,80,80,21.55,182.99,on-time,0.42,0.83,0.79,0.51,0.62,0.79,0.05,medium,standard,0.61,31,0,4.7,Late delivery and poor communication,1,48.0
6558b4ee,2025-12-14,36.506633,84.66678,26.144669,84.819016,India,Ahmedabad,R6154,van,38,38,10.89,84.63,on-time,0.54,0.56,0.67,0.81,0.72,0.29,0.39,high,perishable,0.71,16,0,3.1,Delivery delayed but driver communicated well,1,47.0
7953ae9c,2025-12-28,29.340753,76.82546,13.605111,86.675915,India,Delhi,R3619,bike,193,226,52.04,262.25,delayed,0.79,0.4,0.76,0.64,0.51,0.72,0.16,high,high_value,0.17,17,0,3.6,Driver was polite and professional,1,39.0
49a7a706,2025-11-21,36.814235,78.532376,25.273053,79.333667,India,Ahmedabad,R2106,bike,18,18,5.71,39.72,on-time,0.89,0.31,0.31,0.61,0.3,0.59,0.7,low,standard,0.23,12,0,2.7,Rude behavior by driver,1,41.0
24f4ab5d,2026-01-08,27.242791,83.465923,32.234829,82.407356,India,Ahmedabad,R7095,scooter,263,263,94.09,844.16,on-time,0.68,0.64,0.54,0.36,0.7,0.88,0.11,low,high_value,0.69,20,0,3.3,Excellent service under tough conditions,1,56.0
5c5a36c9,2025-12-01,15.238015,87.449547,31.867297,96.126571,India,Pune,R3279,scooter,92,109,26.12,211.91,delayed,0.69,0.62,0.46,0.31,0.59,0.4,0.66,medium,high_value,0.45,33,1,3.8,Driver was polite and professional,1,48.0
da5f8bba,2026-01-07,20.066686,92.344854,36.471539,71.905203,India,Ahmedabad,R7452,van,62,62,19.0,123.55,on-time,0.46,0.73,0.27,0.88,0.68,0.65,0.29,medium,standard,0.46,39,0,4.3,Delivery delayed but driver communicated well,1,49.0
1f220f4a,2025-12-01,13.237719,76.53418,19.704585,78.889109,India,Hyderabad,R6486,van,109,138,32.67,164.28,delayed,0.65,0.83,0.56,0.53,0.45,0.15,0.2,low,fragile,0.35,33,1,3.0,Excellent service under tough conditions,1,26.0
609fb9d4,2025-11-12,9.26692,83.803701,30.941411,75.747638,India,Delhi,R1167,bike,242,242,94.37,763.52,on-time,0.69,0.35,0.89,0.66,0.88,0.42,0.94,low,standard,0.59,35,0,3.0,Driver was polite and professional,0,65.0
d4ad8ba6,2025-12-27,11.040179,78.70716,19.171839,75.189804,India,Ahmedabad,R3354,scooter,125,125,33.67,248.66,on-time,0.53,0.74,0.23,0.35,0.64,0.87,0.02,high,high_value,0.25,17,0,4.1,Rude behavior by driver,1,45.0
8dbb6f97,2025-12-12,33.643926,94.500392,34.743913,80.339284,India,Kolkata,R2997,bike,134,134,38.74,310.21,on-time,0.55,0.41,0.42,0.71,0.26,0.53,0.44,medium,high_value,0.6,16,1,3.5,Late delivery and poor communication,1,39.0
78193590,2025-12-13,26.672506,75.207081,10.736197,80.219268,India,Kolkata,R6817,bike,57,78,15.91,83.18,delayed,0.61,0.81,0.36,0.86,0.54,0.33,0.02,high,fragile,0.24,55,0,3.7,Handled package carefully,1,28.0
2fbcba18,2025-11-28,23.28705,70.703355,25.512943,78.634579,India,Mumbai,R9671,bike,252,252,91.77,734.17,on-time,0.41,0.79,0.38,0.65,0.77,0.2,0.48,high,standard,0.15,6,0,4.6,Excellent service under tough conditions,1,40.0
c7241da9,2025-11-24,25.614767,77.61557,20.672892,89.571161,India,Delhi,R9010,van,208,208,73.92,402.7,on-time,0.58,0.62,0.88,0.38,0.8,0.66,0.5,high,perishable,0.36,37,1,3.7,Handled package carefully,1,56.0
6bbe3ce5,2025-11-24,36.130363,86.766768,19.192418,95.45086,India,Mumbai,R7961,van,126,126,39.19,220.0,on-time,0.52,0.73,0.55,0.65,0.57,0.62,0.32,low,high_value,0.28,12,0,4.1,Rude behavior by driver,1,43.0
f8b4b3c6,2026-01-07,24.408901,76.858467,9.656744,80.435031,India,Hyderabad,R8677,bike,66,66,24.6,163.75,on-time,0.58,0.49,0.55,0.76,0.87,0.4,0.13,high,standard,0.81,45,0,4.1,Rude behavior by driver,1,51.0
08c65283,2025-11-15,27.714413,91.537571,28.23055,75.332557,India,Mumbai,R2164,van,209,209,63.93,396.1,on-time,0.47,0.58,0.77,0.54,0.4,0.86,0.38,low,fragile,0.14,44,1,4.5,Excellent service under tough conditions,1,43.0
1a8d71fd,2025-12-21,16.068122,70.641674,29.370669,88.098704,India,Bengaluru,R1141,van,253,253,75.27,399.75,on-time,0.89,0.79,0.32,0.83,0.51,0.12,0.67,medium,fragile,0.24,57,0,4.1,Delivery delayed but driver communicated well,1,35.0
84b55935,2025-11-27,13.500183,90.792072,20.847252,92.50454,India,Bengaluru,R5919,bike,131,131,37.03,296.61,on-time,0.73,0.58,0.57,0.69,0.87,0.34,0.78,medium,perishable,0.54,53,0,2.7,Excellent service under tough conditions,1,58.0
4d2f5337,2025-12-03,20.016485,81.855373,31.442783,75.195751,India,Kolkata,R2086,bike,394,394,107.02,624.36,on-time,0.77,0.51,0.52,0.84,0.87,0.84,0.53,low,high_value,0.48,45,0,3.4,Driver was polite and professional,1,65.0
4783c065,2025-12-10,9.123769,83.997254,13.48642,77.058383,India,Chennai,R3234,bike,110,110,29.69,200.06,on-time,0.83,0.6,0.65,0.67,0.71,0.36,0.59,high,perishable,0.14,36,0,5.0,Delivery delayed but driver communicated well,1,44.0
98abdeef,2025-11-30,24.511695,70.18167,27.518534,75.414049,India,Chennai,R4919,van,130,145,43.28,343.96,delayed,0.67,0.8,0.95,0.38,0.84,0.3,0.2,high,perishable,0.11,42,0,3.0,Handled package carefully,1,38.0
3d7ae55c,2025-11-25,14.510706,71.189667,12.977767,92.083336,India,Kolkata,R6762,scooter,173,197,48.55,319.0,delayed,0.45,0.5,0.78,0.49,0.27,0.53,0.29,low,perishable,0.89,32,1,4.0,Driver was polite and professional,1,40.0
8742a63f,2025-12-01,22.242988,77.260857,28.997153,91.931481,India,Bengaluru,R4516,van,409,409,102.51,850.03,on-time,0.7,0.4,0.5,0.42,0.85,0.76,0.16,medium,perishable,0.63,19,0,4.6,Delivery delayed but driver communicated well,1,57.0
0952b53d,2025-11-20,24.799901,74.711265,27.154396,78.117915,India,Chennai,R5044,van,105,105,36.34,294.73,on-time,0.72,0.73,0.82,0.85,0.44,0.18,0.25,low,fragile,0.39,27,0,4.0,Handled package carefully,1,29.0
44839b18,2025-12-26,16.410505,92.897563,17.679304,85.622925,India,Delhi,R2409,bike,196,196,61.13,392.52,on-time,0.81,0.8,0.33,0.76,0.33,0.85,0.22,medium,high_value,0.48,28,1,3.4,Driver was polite and professional,1,43.0
c5d0b562,2026-01-03,11.866495,83.920008,19.869218,70.470847,India,Kolkata,R4627,scooter,57,57,20.61,105.23,on-time,0.64,0.36,0.22,0.71,0.38,0.74,0.52,high,perishable,0.31,17,0,2.7,Late delivery and poor communication,1,45.0
16c2189d,2025-12-03,35.380539,93.074885,25.952991,76.066196,India,Kolkata,R6371,scooter,105,105,41.13,215.75,on-time,0.47,0.44,0.35,0.48,0.51,0.25,0.56,low,high_value,0.38,25,0,3.4,Excellent service under tough conditions,1,38.0
4346ad32,2025-11-13,22.531436,74.059933,32.802448,72.661059,India,Hyderabad,R6050,scooter,436,468,114.66,939.22,delayed,0.56,0.39,0.46,0.41,0.39,0.67,0.94,high,fragile,0.62,58,0,3.0,Excellent service under tough conditions,1,57.0
255b9121,2025-12-11,8.345381,93.759675,8.366722,75.289439,India,Delhi,R8560,bike,378,378,102.03,671.0,on-time,0.6,0.51,0.58,0.75,0.44,0.41,0.2,low,fragile,0.81,16,0,4.9,Excellent service under tough conditions,1,40.0
4212a6ce,2026-01-02,31.278782,85.115055,22.881441,95.681089,India,Kolkata,R5784,van,99,99,28.65,155.96,on-time,0.76,0.57,0.66,0.58,0.3,0.42,0.64,medium,standard,0.25,17,1,4.3,Late delivery and poor communication,1,36.0
344ad7ea,2025-12-21,35.488906,77.208256,12.49385,69.121397,India,Ahmedabad,R9331,bike,351,351,96.55,531.32,on-time,0.71,0.75,0.88,0.44,0.42,0.73,0.82,medium,standard,0.77,43,0,4.4,Delivery delayed but driver communicated well,1,59.0
d484a33a,2026-01-08,33.309223,70.227233,31.214538,73.222785,India,Ahmedabad,R8660,van,51,82,18.92,141.8,delayed,0.6,0.69,0.58,0.67,0.63,0.87,0.56,low,high_value,0.2,27,0,3.6,Rude behavior by driver,1,55.0
ceaecec3,2025-11-26,23.488989,70.22577,11.716337,73.303004,India,Ahmedabad,R7618,bike,101,101,34.7,209.24,on-time,0.94,0.67,0.58,0.32,0.53,0.2,0.26,low,standard,0.27,54,0,2.8,Driver was polite and professional,1,30.0
24284963,2025-12-09,35.257963,68.763318,36.875904,82.272014,India,Mumbai,R2695,scooter,102,102,30.12,240.38,on-time,0.73,0.51,0.24,0.5,0.46,0.44,0.26,high,perishable,0.13,50,0,3.2,Delivery delayed but driver communicated well,1,32.0
de17e5b0,2025-11-30,32.291261,85.369006,33.546179,85.710357,India,Mumbai,R6659,scooter,180,180,45.86,344.85,on-time,0.53,0.8,0.23,0.58,0.76,0.48,0.04,high,high_value,0.21,47,0,3.1,Rude behavior by driver,1,39.0
eb6ff253,2025-12-05,15.425087,73.094339,36.964998,89.995914,India,Kolkata,R2067,van,229,229,87.22,646.71,on-time,0.46,0.58,0.61,0.39,0.87,0.4,0.31,low,fragile,0.83,32,0,3.7,Excellent service under tough conditions,1,55.0
9b228b2a,2025-12-08,30.607659,78.326898,32.362902,88.948533,India,Chennai,R2464,bike,304,341,108.74,722.67,delayed,0.48,0.89,0.53,0.89,0.77,0.39,0.74,medium,fragile,0.47,18,0,3.7,Excellent service under tough conditions,1,55.0
aac81182,2025-12-18,15.241081,81.448603,11.866203,69.508726,India,Delhi,R6613,scooter,188,188,51.45,402.35,on-time,0.54,0.68,0.83,0.43,0.45,0.14,0.05,low,perishable,0.16,21,1,3.6,Excellent service under tough conditions,1,20.0
0a757fea,2026-01-02,10.549801,75.476782,26.607427,77.551719,India,Hyderabad,R2587,scooter,298,298,113.15,976.39,on-time,0.49,0.38,0.32,0.38,0.76,0.65,0.22,low,standard,0.87,28,0,3.7,Rude behavior by driver,1,56.0
1c52f385,2025-12-15,33.300547,72.085718,30.094896,68.174863,India,Ahmedabad,R1207,bike,262,300,89.36,768.13,delayed,0.5,0.71,0.22,0.42,0.31,0.45,0.71,medium,high_value,0.8,57,0,5.0,Driver was polite and professional,1,47.0
6c86df0e,2025-11-13,15.162301,87.668754,32.466211,94.494306,India,Hyderabad,R5000,bike,262,262,68.2,465.91,on-time,0.56,0.5,0.54,0.76,0.3,0.26,0.78,low,high_value,0.7,38,1,3.2,Driver was polite and professional,1,42.0
8b957eeb,2026-01-07,8.88694,88.990121,21.276257,80.781736,India,Ahmedabad,R2544,bike,260,260,77.68,668.3,on-time,0.5,0.71,0.38,0.56,0.46,0.75,0.46,high,perishable,0.85,55,0,4.0,Rude behavior by driver,1,54.0
f03233a9,2026-01-04,12.022135,77.949201,12.943699,68.584718,India,Mumbai,R4537,scooter,282,282,83.12,701.41,on-time,0.89,0.34,0.24,0.64,0.81,0.74,0.7,medium,standard,0.28,52,0,3.1,Handled package carefully,1,61.0
13d6ac28,2025-12-10,12.217644,71.467902,22.147601,93.480745,India,Delhi,R1259,bike,89,89,25.26,227.32,on-time,0.44,0.4,0.74,0.31,0.38,0.49,0.39,high,high_value,0.77,26,1,3.7,Excellent service under tough conditions,1,43.0
e83b50f9,2025-12-22,32.437207,72.056634,28.31126,78.551562,India,Kolkata,R5602,scooter,39,75,13.03,91.29,delayed,0.69,0.81,0.28,0.32,0.25,0.34,0.16,medium,perishable,0.65,14,0,3.0,Delivery delayed but driver communicated well,1,29.0
c282f762,2025-12-05,34.585179,95.324042,22.973164,89.993906,India,Hyderabad,R1831,scooter,139,139,42.56,372.27,on-time,0.63,0.44,0.66,0.57,0.3,0.61,0.4,high,high_value,0.8,58,0,3.9,Driver was polite and professional,1,44.0
263748d3,2025-12-09,8.701917,73.973382,15.715754,85.285474,India,Mumbai,R2809,van,179,198,51.77,279.0,delayed,0.94,0.8,0.41,0.79,0.84,0.33,0.58,medium,fragile,0.74,12,0,3.2,Rude behavior by driver,1,56.0
1fc23d8a,2025-12-06,14.476658,83.166035,28.438523,81.648251,India,Ahmedabad,R3462,scooter,42,42,12.28,87.39,on-time,0.46,0.47,0.33,0.83,0.68,0.29,0.95,medium,high_value,0.38,25,1,2.6,Handled package carefully,1,52.0
e797d65f,2025-11-17,28.199868,96.487679,36.847994,77.373561,India,Pune,R5364,scooter,12,12,3.89,28.83,on-time,0.62,0.69,0.48,0.35,0.39,0.68,0.07,high,high_value,0.72,41,0,4.5,Late delivery and poor communication,1,41.0
95f542e2,2026-01-09,25.174211,96.108673,25.491421,69.358919,India,Pune,R1086,bike,269,269,93.07,499.82,on-time,0.93,0.72,0.8,0.62,0.62,0.13,0.51,medium,high_value,0.31,11,0,2.8,Rude behavior by driver,1,37.0
84e27877,2025-12-03,19.599887,95.054562,35.060549,84.455248,India,Bengaluru,R1195,van,342,358,114.56,768.76,delayed,0.88,0.61,0.49,0.85,0.6,0.18,0.33,low,standard,0.36,30,0,3.4,Handled package carefully,1,34.0
7093ad9b,2025-11-24,23.600303,85.692402,15.555741,89.781026,India,Hyderabad,R9806,van,28,28,10.81,55.42,on-time,0.85,0.48,0.76,0.53,0.69,0.11,0.51,medium,standard,0.19,17,0,3.7,Late delivery and poor communication,1,36.0
e62b7e2b,2025-11-28,17.641549,81.386406,29.092335,94.195515,India,Kolkata,R6026,scooter,443,443,113.66,927.38,on-time,0.54,0.43,0.29,0.8,0.37,0.22,0.02,high,perishable,0.85,20,1,3.6,Handled package carefully,1,30.0
8750a42d,2025-11-30,36.881014,74.352741,33.91521,94.825961,India,Mumbai,R6813,scooter,346,346,109.49,773.12,on-time,0.49,0.32,0.78,0.38,0.85,0.16,0.31,high,standard,0.33,34,0,4.3,Driver was polite and professional,1,41.0
d81b1936,2026-01-07,34.608834,78.617987,10.33724,95.591103,India,Delhi,R2458,scooter,79,79,31.7,241.29,on-time,0.77,0.48,0.38,0.86,0.43,0.9,0.82,medium,high_value,0.52,35,0,4.0,Rude behavior by driver,1,60.0
0bdf9642,2025-12-24,10.690625,78.187907,11.207719,78.844994,India,Delhi,R1697,scooter,95,132,28.2,164.81,delayed,0.91,0.69,0.71,0.75,0.72,0.33,0.55,medium,high_value,0.41,9,0,3.2,Late delivery and poor communication,1,47.0
abc88a20,2026-01-05,18.474819,74.806396,30.211656,92.73159,India,Mumbai,R9068,van,259,259,75.84,449.29,on-time,0.71,0.86,0.62,0.86,0.21,0.22,0.45,high,standard,0.87,36,0,2.6,Handled package carefully,1,34.0
8aa6bc41,2025-11-14,12.443073,96.702225,24.396,87.124197,India,Chennai,R7762,bike,291,291,108.01,579.53,on-time,0.71,0.82,0.9,0.71,0.48,0.29,0.29,low,standard,0.37,20,1,4.4,Late delivery and poor communication,1,33.0
886a5072,2025-11-27,28.857736,80.990581,23.676362,69.327096,India,Chennai,R8843,scooter,260,260,92.26,819.4,on-time,0.55,0.76,0.49,0.52,0.46,0.85,0.3,medium,high_value,0.72,51,0,3.4,Delivery delayed but driver communicated well,1,52.0
a4fb07f9,2026-01-08,26.063719,72.412844,23.926692,83.879713,India,Ahmedabad,R6712,van,317,317,112.36,649.73,on-time,0.82,0.77,0.25,0.86,0.61,0.52,0.38,low,high_value,0.78,13,0,4.7,Rude behavior by driver,1,51.0
8695d8d4,2025-11-28,23.81477,75.507701,18.589646,69.92099,India,Mumbai,R2798,scooter,100,100,36.4,303.11,on-time,0.5,0.7,0.21,0.47,0.25,0.39,0.84,medium,fragile,0.45,26,0,3.5,Driver was polite and professional,1,41.0
296097e0,2025-12-19,31.698359,77.753605,35.26682,90.053383,India,Bengaluru,R8963,bike,147,147,45.56,346.12,on-time,0.58,0.46,0.82,0.5,0.79,0.8,0.97,medium,perishable,0.4,59,0,4.3,Late delivery and poor communication,1,69.0
5db3f090,2025-12-07,30.817749,88.707988,10.78331,70.014421,India,Ahmedabad,R5911,bike,31,31,10.04,76.01,on-time,0.63,0.84,0.59,0.72,0.36,0.42,0.44,low,standard,0.7,48,0,4.8,Excellent service under tough conditions,1,41.0
5bcaf020,2026-01-05,25.761981,71.993477,27.996906,82.532998,India,Mumbai,R9218,van,27,56,9.19,71.27,delayed,0.68,0.7,0.78,0.76,0.71,0.37,0.39,low,perishable,0.83,44,0,4.1,Handled package carefully,1,51.0
11d08d34,2025-12-13,21.955373,84.122057,23.013421,89.610754,India,Hyderabad,R9064,van,118,118,34.04,215.17,on-time,0.53,0.64,0.38,0.86,0.8,0.27,0.85,medium,high_value,0.7,49,1,3.5,Excellent service under tough conditions,1,58.0
649320d4,2026-01-01,19.081876,96.692405,27.513509,74.90308,India,Delhi,R7231,scooter,316,316,100.89,687.22,on-time,0.46,0.37,0.46,0.42,0.62,0.4,0.43,low,perishable,0.28,41,0,3.9,Late delivery and poor communication,1,41.0
a7c9bdea,2025-12-26,10.405069,71.010398,32.152234,93.231107,India,Chennai,R5343,van,222,222,69.8,428.85,on-time,0.74,0.57,0.22,0.78,0.76,0.35,0.55,low,standard,0.81,18,0,3.9,Excellent service under tough conditions,1,55.0
dcab2e3d,2025-12-23,36.642872,86.781477,12.041265,68.208747,India,Bengaluru,R5113,van,243,243,65.77,492.74,on-time,0.56,0.58,0.92,0.74,0.7,0.64,0.23,high,standard,0.41,20,0,4.0,Handled package carefully,1,48.0
95565632,2025-12-09,28.48053,85.1886,23.937572,78.335044,India,Ahmedabad,R1431,scooter,35,35,9.51,59.78,on-time,0.72,0.82,0.7,0.34,0.47,0.33,0.74,low,perishable,0.56,47,1,2.9,Late delivery and poor communication,1,46.0
ab107e1c,2025-11-25,20.684975,94.068279,34.62156,89.557538,India,Delhi,R4945,scooter,405,418,107.06,942.19,delayed,0.48,0.63,0.9,0.53,0.81,0.56,0.53,medium,standard,0.77,24,0,4.2,Driver was polite and professional,1,60.0
0739b2b6,2025-12-08,29.818468,87.39514,8.94679,72.260585,India,Pune,R8105,van,22,22,6.49,55.76,on-time,0.66,0.53,0.4,0.47,0.42,0.15,0.81,high,fragile,0.25,48,0,2.9,Driver was polite and professional,1,36.0
2cb4bc2d,2025-11-21,12.77116,75.249101,22.945643,81.290927,India,Ahmedabad,R6265,scooter,230,230,72.03,579.96,on-time,0.69,0.89,0.66,0.48,0.63,0.25,0.78,low,high_value,0.73,19,0,2.5,Rude behavior by driver,1,52.0
20901262,2025-12-16,31.001417,82.760542,35.584463,82.675006,India,Bengaluru,R4954,van,312,312,96.88,644.29,on-time,0.43,0.37,0.71,0.89,0.76,0.43,0.22,low,high_value,0.58,48,0,4.1,Driver was polite and professional,1,47.0
0bc3108a,2025-11-24,25.276224,79.9949,19.668072,76.585887,India,Delhi,R2300,bike,195,195,73.51,575.23,on-time,0.59,0.55,0.44,0.69,0.48,0.85,0.72,medium,standard,0.81,30,1,2.8,Late delivery and poor communication,1,62.0
e1e5a317,2025-12-21,19.390374,87.21288,8.089921,68.922674,India,Kolkata,R2811,scooter,108,145,31.6,277.39,delayed,0.47,0.33,0.84,0.73,0.43,0.4,0.8,high,high_value,0.24,13,0,4.4,Late delivery and poor communication,1,42.0
d730a84a,2026-01-03,15.454752,92.615009,36.633564,85.043475,India,Hyderabad,R2446,scooter,48,48,14.46,115.34,on-time,0.43,0.74,0.91,0.89,0.54,0.63,0.35,high,fragile,0.44,5,1,4.7,Driver was polite and professional,1,46.0
c2368c29,2025-12-11,10.818965,93.505575,20.297559,86.836939,India,Ahmedabad,R3574,scooter,220,241,75.12,654.21,delayed,0.94,0.85,0.86,0.53,0.81,0.3,0.17,high,standard,0.77,39,1,4.9,Delivery delayed but driver communicated well,1,47.0
8096baed,2026-01-03,30.921872,76.123662,25.847634,85.768979,India,Kolkata,R9322,scooter,35,35,13.54,72.29,on-time,0.58,0.47,0.75,0.78,0.9,0.2,0.0,high,fragile,0.12,48,0,4.2,Late delivery and poor communication,1,34.0
a2cd7603,2025-12-17,31.604781,92.877745,13.309561,96.503728,India,Hyderabad,R3176,van,19,19,7.32,58.08,on-time,0.85,0.82,0.41,0.56,0.61,0.15,0.45,low,fragile,0.19,24,1,3.7,Rude behavior by driver,1,34.0
61aab9b6,2025-11-16,36.290066,68.176967,12.842607,83.848043,India,Delhi,R5101,scooter,384,419,100.68,737.07,delayed,0.54,0.48,0.41,0.82,0.7,0.34,0.35,low,high_value,0.89,49,0,3.4,Delivery delayed but driver communicated well,1,50.0
e88f850c,2025-12-15,35.925467,74.750495,36.435877,84.617893,India,Kolkata,R2742,scooter,229,248,73.65,495.77,delayed,0.77,0.85,0.92,0.41,0.88,0.23,0.55,low,high_value,0.32,59,0,3.7,Driver was polite and professional,1,48.0
71eaee02,2025-12-14,29.558587,80.827915,35.808912,95.346893,India,Pune,R4460,van,28,51,9.58,77.6,delayed,0.82,0.75,0.21,0.87,0.27,0.24,0.19,low,perishable,0.88,10,1,3.0,Handled package carefully,1,31.0
999d1eb3,2025-12-22,26.717691,89.477439,23.103661,87.23162,India,Pune,R1028,scooter,86,86,32.0,167.21,on-time,0.73,0.78,0.74,0.43,0.37,0.71,0.86,medium,fragile,0.25,46,0,3.4,Late delivery and poor communication,1,50.0
e7860f8d,2026-01-09,11.51629,92.898027,9.699262,95.335312,India,Chennai,R5688,scooter,275,294,98.54,664.93,delayed,0.66,0.31,0.73,0.5,0.73,0.11,0.26,medium,high_value,0.39,14,0,4.3,Handled package carefully,1,36.0
c8228bb2,2025-11-29,20.531036,90.992664,19.702211,78.078439,India,Ahmedabad,R7709,scooter,95,111,24.36,172.88,delayed,0.63,0.88,0.67,0.75,0.82,0.55,0.23,low,fragile,0.7,52,0,3.0,Excellent service under tough conditions,1,53.0
25c3f1eb,2025-12-08,16.271685,80.631198,29.57065,68.285411,India,Chennai,R9631,van,214,214,71.27,568.99,on-time,0.59,0.74,0.94,0.54,0.84,0.4,0.48,high,perishable,0.63,37,1,3.2,Rude behavior by driver,1,54.0
595fa31d,2026-01-03,13.093343,69.305726,10.091517,84.58308,India,Chennai,R5840,van,270,270,92.71,607.11,on-time,0.91,0.48,0.43,0.66,0.51,0.51,0.5,low,fragile,0.56,20,0,4.4,Delivery delayed but driver communicated well,1,46.0
7ae4f581,2025-12-05,34.944781,88.314714,13.963537,96.418566,India,Kolkata,R3733,bike,349,349,88.8,450.18,on-time,0.86,0.8,0.45,0.57,0.27,0.55,0.22,medium,standard,0.52,40,0,2.9,Handled package carefully,1,34.0
0c3eef3e,2025-12-30,15.745257,90.919848,27.636179,96.469795,India,Pune,R4020,van,209,209,82.8,743.1,on-time,0.93,0.47,0.26,0.75,0.53,0.35,0.27,medium,perishable,0.77,10,0,3.1,Rude behavior by driver,1,42.0
a5a1ac5a,2025-11-29,14.133937,78.578638,33.445916,82.88625,India,Kolkata,R5069,scooter,223,256,82.72,487.68,delayed,0.47,0.82,0.53,0.44,0.37,0.34,0.17,medium,perishable,0.29,23,1,2.5,Handled package carefully,1,27.0
5289a74f,2025-12-21,11.692567,92.758693,36.624098,69.15352,India,Hyderabad,R4739,scooter,294,294,104.78,790.65,on-time,0.8,0.37,0.4,0.34,0.42,0.69,0.72,medium,fragile,0.45,35,0,4.3,Handled package carefully,1,51.0
e56a4568,2025-12-11,22.781376,76.667673,24.296216,95.708545,India,Chennai,R6110,van,149,149,58.23,481.45,on-time,0.92,0.72,0.46,0.48,0.78,0.8,0.77,low,fragile,0.22,6,0,4.0,Rude behavior by driver,1,62.0
7f8fd1a3,2025-12-29,14.329392,96.000042,9.788767,90.453489,India,Hyderabad,R5026,scooter,66,66,22.09,159.45,on-time,0.5,0.62,0.83,0.58,0.26,0.25,0.46,medium,high_value,0.58,22,0,4.2,Late delivery and poor communication,1,32.0
737bcd00,2026-01-01,14.605343,68.755746,28.082013,96.193986,India,Chennai,R4237,bike,207,207,75.32,662.52,on-time,0.44,0.36,0.9,0.4,0.82,0.18,0.71,high,standard,0.3,46,0,3.0,Handled package carefully,1,48.0
acf14ee1,2025-12-09,16.86664,74.463576,30.173157,78.203221,India,Mumbai,R2439,van,300,328,105.21,843.46,delayed,0.81,0.45,0.34,0.51,0.52,0.82,0.74,high,perishable,0.37,32,0,4.2,Rude behavior by driver,1,56.0
f9da0b6d,2026-01-08,16.588349,94.068004,10.334693,73.989836,India,Ahmedabad,R6562,van,184,200,56.53,404.81,delayed,0.72,0.31,0.48,0.54,0.65,0.38,0.14,medium,perishable,0.48,8,0,4.0,Handled package carefully,1,39.0
f3f7fed1,2025-12-01,34.780446,80.748995,28.840348,78.488198,India,Mumbai,R2697,scooter,23,56,7.3,42.29,delayed,0.86,0.58,0.9,0.33,0.27,0.54,0.97,medium,perishable,0.12,5,0,3.4,Late delivery and poor communication,1,43.0
5dbec67d,2025-11-17,22.001674,68.180889,34.54474,84.551473,India,Kolkata,R1496,scooter,196,196,58.39,303.1,on-time,0.48,0.48,0.25,0.65,0.45,0.39,0.82,medium,high_value,0.17,51,0,3.6,Rude behavior by driver,1,42.0
49a67992,2025-11-17,30.371602,95.52891,15.449929,89.860613,India,Chennai,R9313,bike,138,162,48.95,349.9,delayed,0.84,0.66,0.27,0.83,0.27,0.2,0.2,high,standard,0.65,46,0,3.9,Handled package carefully,1,27.0
0926c85a,2025-12-01,18.379083,82.178653,13.956239,80.138459,India,Mumbai,R4346,scooter,347,347,95.12,728.61,on-time,0.51,0.48,0.32,0.39,0.92,0.57,0.19,low,perishable,0.44,54,0,3.7,Driver was polite and professional,1,52.0
b0f04c0a,2025-12-22,14.134773,71.222105,22.56266,71.321147,India,Chennai,R6301,bike,106,129,34.18,272.2,delayed,0.49,0.48,0.65,0.66,0.81,0.52,0.13,medium,perishable,0.79,20,0,4.1,Late delivery and poor communication,1,52.0
396a0c25,2025-12-04,27.816266,95.346973,25.511304,90.318993,India,Delhi,R2027,scooter,326,344,88.56,599.82,delayed,0.49,0.75,0.31,0.7,0.54,0.26,0.14,high,high_value,0.66,49,0,3.0,Handled package carefully,1,35.0
d32f2cf6,2025-11-28,36.604264,84.662991,13.825108,95.899161,India,Hyderabad,R3753,van,339,339,117.96,753.66,on-time,0.85,0.33,0.93,0.55,0.37,0.46,0.75,medium,fragile,0.11,51,0,3.9,Delivery delayed but driver communicated well,1,39.0
036d1a61,2025-12-06,36.978543,81.731516,19.46603,75.548851,India,Ahmedabad,R4852,scooter,334,334,98.01,763.06,on-time,0.77,0.84,0.54,0.72,0.9,0.74,0.47,low,perishable,0.59,6,0,3.6,Rude behavior by driver,1,64.0
8f1f9483,2025-12-04,8.873432,88.508084,12.607062,69.871786,India,Hyderabad,R2909,bike,213,229,83.28,717.52,delayed,0.69,0.81,0.58,0.55,0.46,0.57,0.78,medium,standard,0.17,56,0,3.7,Handled package carefully,1,46.0
05bc7b39,2025-12-24,22.110451,93.637654,16.927934,95.919144,India,Kolkata,R5916,van,247,247,92.15,554.62,on-time,0.6,0.7,0.38,0.6,0.32,0.18,0.75,low,standard,0.72,40,0,3.7,Late delivery and poor communication,1,40.0
911803dc,2025-11-23,34.999421,87.68664,33.920793,87.643998,India,Hyderabad,R1097,bike,44,44,15.37,84.31,on-time,0.88,0.66,0.55,0.3,0.62,0.54,0.6,medium,standard,0.89,5,0,4.7,Late delivery and poor communication,1,57.0
e5fedf96,2025-12-28,8.51867,68.996376,22.194623,86.166857,India,Delhi,R1337,bike,377,410,95.52,534.92,delayed,0.62,0.84,0.7,0.72,0.91,0.66,0.69,medium,standard,0.52,43,0,4.5,Delivery delayed but driver communicated well,1,65.0
daf813d4,2025-11-12,27.985198,83.007622,22.94527,93.760443,India,Kolkata,R5370,van,135,135,38.47,309.49,on-time,0.85,0.41,0.76,0.7,0.2,0.73,0.02,high,high_value,0.65,27,1,4.1,Delivery delayed but driver communicated well,1,34.0
155b8a76,2025-11-25,34.630542,85.722005,13.505545,70.446269,India,Chennai,R8193,scooter,149,149,50.64,314.1,on-time,0.64,0.35,0.77,0.32,0.38,0.6,0.31,medium,perishable,0.29,30,0,4.3,Excellent service under tough conditions,1,37.0
a1b99dcc,2025-11-26,17.162106,79.992326,10.371718,78.936085,India,Mumbai,R4598,van,157,172,50.11,278.29,delayed,0.61,0.44,0.63,0.52,0.9,0.22,0.64,low,high_value,0.45,15,1,2.6,Excellent service under tough conditions,1,52.0
62566431,2025-11-29,18.396416,95.171676,11.902474,68.366475,India,Ahmedabad,R6370,scooter,321,321,110.51,600.05,on-time,0.65,0.78,0.88,0.89,0.33,0.67,0.01,low,standard,0.78,46,0,4.4,Handled package carefully,1,39.0
c8cbbde1,2025-11-12,24.846086,94.798136,28.36328,85.316487,India,Hyderabad,R5542,van,109,109,33.71,264.62,on-time,0.57,0.32,0.81,0.55,0.28,0.64,0.03,high,standard,0.23,5,0,3.7,Driver was polite and professional,1,28.0
af2ee19d,2025-11-19,18.343962,95.578292,12.80417,74.418831,India,Chennai,R6912,van,143,167,44.91,235.44,delayed,0.81,0.65,0.77,0.6,0.63,0.12,0.85,low,standard,0.31,15,1,3.3,Late delivery and poor communication,1,44.0
3cbd67a1,2025-11-13,21.18709,72.644667,34.394285,81.263444,India,Kolkata,R1619,scooter,47,47,12.41,81.77,on-time,0.68,0.9,0.24,0.85,0.85,0.43,0.68,medium,high_value,0.46,28,0,2.8,Driver was polite and professional,1,57.0
0820ee86,2025-12-19,23.954811,87.568653,25.128462,75.14916,India,Chennai,R8385,van,138,138,47.51,268.4,on-time,0.53,0.81,0.21,0.73,0.56,0.37,0.27,low,standard,0.67,14,0,2.7,Driver was polite and professional,1,42.0
c30caba2,2025-12-15,12.05032,93.812725,31.70799,92.828799,India,Ahmedabad,R6383,scooter,230,230,67.11,403.43,on-time,0.89,0.61,0.36,0.65,0.95,0.64,0.69,high,perishable,0.4,18,1,2.6,Handled package carefully,1,64.0
05ad1f05,2025-12-30,12.948954,94.220129,26.784545,89.368134,India,Mumbai,R3851,bike,242,242,64.66,450.13,on-time,0.61,0.34,0.7,0.78,0.71,0.27,0.79,medium,standard,0.84,18,0,2.9,Rude behavior by driver,0,56.0
239a2cc5,2025-12-24,34.794449,85.662538,21.143442,90.117271,India,Bengaluru,R7307,bike,363,363,106.83,791.39,on-time,0.7,0.8,0.51,0.82,0.26,0.57,0.31,low,perishable,0.18,11,0,2.6,Rude behavior by driver,1,31.0
316b5fe7,2025-12-11,9.660004,80.981817,29.747041,69.628081,India,Delhi,R6515,bike,50,50,13.16,83.44,on-time,0.9,0.66,0.5,0.57,0.94,0.83,0.04,low,perishable,0.4,27,0,4.3,Rude behavior by driver,1,56.0
dbde8d48,2026-01-02,29.74851,78.182138,9.697915,93.841061,India,Bengaluru,R1675,bike,324,324,98.07,694.36,on-time,0.74,0.37,0.86,0.59,0.51,0.74,0.93,high,standard,0.67,47,1,3.1,Delivery delayed but driver communicated well,1,62.0
096982a2,2025-11-18,27.789378,84.668418,34.61769,93.833771,India,Pune,R1161,bike,286,298,83.36,613.56,delayed,0.46,0.36,0.87,0.53,0.42,0.84,0.35,medium,high_value,0.28,26,1,3.4,Late delivery and poor communication,1,45.0
5d976194,2025-12-22,12.950607,83.672659,19.028649,87.09021,India,Bengaluru,R8640,bike,102,102,39.77,236.36,on-time,0.92,0.85,0.88,0.88,0.62,0.88,0.11,medium,fragile,0.63,40,0,4.6,Delivery delayed but driver communicated well,1,52.0
2090d72c,2025-11-24,25.334688,85.818948,33.666473,78.188077,India,Chennai,R7740,scooter,36,36,13.97,111.88,on-time,0.75,0.7,0.44,0.72,0.43,0.11,0.49,high,fragile,0.23,31,0,2.8,Late delivery and poor communication,1,29.0
21a7ab61,2025-12-21,29.781586,89.107523,23.162648,76.031313,India,Pune,R9645,bike,261,288,73.88,445.81,delayed,0.58,0.8,0.72,0.35,0.26,0.6,0.77,high,perishable,0.14,6,1,4.6,Excellent service under tough conditions,1,40.0
8da085d5,2025-12-29,34.739234,70.633533,10.734862,75.436305,India,Pune,R5442,scooter,377,377,119.98,881.54,on-time,0.48,0.83,0.4,0.82,0.2,0.43,0.22,low,high_value,0.2,43,0,4.1,Late delivery and poor communication,1,24.0
b602ca7e,2025-11-14,27.161031,76.114751,27.279377,83.311159,India,Ahmedabad,R6149,bike,257,257,73.36,426.85,on-time,0.84,0.64,0.34,0.59,0.54,0.79,0.27,high,fragile,0.84,55,0,3.4,Late delivery and poor communication,1,54.0
9ded737a,2026-01-07,24.401063,93.255487,9.618497,72.927111,India,Mumbai,R5456,bike,139,139,42.58,369.74,on-time,0.74,0.61,0.34,0.34,0.83,0.3,0.24,low,standard,0.54,50,0,2.8,Handled package carefully,1,45.0
7201959c,2025-12-17,13.318394,86.984395,24.707484,80.545768,India,Bengaluru,R6501,bike,90,119,23.98,188.5,delayed,0.69,0.56,0.46,0.63,0.63,0.88,0.99,low,standard,0.74,23,0,2.7,Rude behavior by driver,1,72.0
d36fffa3,2025-12-04,15.912303,85.807749,30.380957,85.648477,India,Pune,R1585,scooter,183,220,60.52,311.08,delayed,0.89,0.49,0.52,0.55,0.95,0.59,0.2,high,perishable,0.37,11,0,3.3,Delivery delayed but driver communicated well,1,53.0
e7e55903,2026-01-01,29.81244,95.656855,17.882182,87.068898,India,Mumbai,R9836,van,256,256,68.59,575.81,on-time,0.83,0.56,0.82,0.83,0.42,0.73,0.58,low,high_value,0.57,16,1,2.9,Excellent service under tough conditions,1,51.0
b8cc5674,2026-01-09,12.946176,83.687321,10.709597,73.504481,India,Ahmedabad,R2395,bike,282,282,110.53,733.61,on-time,0.48,0.76,0.29,0.42,0.41,0.17,0.93,low,high_value,0.5,7,1,3.2,Delivery delayed but driver communicated well,1,43.0
34664e52,2025-11-11,34.060561,91.131187,27.815031,80.526417,India,Pune,R4604,scooter,252,283,77.2,689.72,delayed,0.57,0.66,0.75,0.8,0.32,0.25,0.15,low,fragile,0.86,51,0,2.6,Handled package carefully,1,32.0
dc0ec47e,2025-12-17,33.914915,82.83246,20.352209,68.221657,India,Ahmedabad,R9950,van,70,70,27.71,180.43,on-time,0.54,0.84,0.6,0.63,0.32,0.71,0.97,medium,fragile,0.7,9,0,4.0,Late delivery and poor communication,1,57.0
81c1e7dc,2025-12-29,15.044767,81.218636,31.643316,68.882336,India,Kolkata,R8367,scooter,289,289,95.12,780.15,on-time,0.81,0.57,0.42,0.33,0.41,0.12,0.95,medium,standard,0.68,12,0,2.9,Excellent service under tough conditions,1,44.0
b67e4829,2025-12-10,31.600376,86.688012,13.6421,83.046513,India,Ahmedabad,R4474,van,112,112,38.36,254.81,on-time,0.42,0.66,0.57,0.88,0.79,0.75,0.88,medium,perishable,0.14,18,0,4.4,Rude behavior by driver,1,62.0
780359b3,2025-11-16,28.925692,82.578966,16.602228,75.969436,India,Hyderabad,R9364,bike,126,141,36.64,268.68,delayed,0.71,0.68,0.42,0.61,0.88,0.11,0.21,high,high_value,0.54,40,0,3.0,Driver was polite and professional,1,41.0
61d20d38,2025-12-06,25.652456,87.192489,9.82661,94.370011,India,Chennai,R7983,van,139,149,35.16,283.05,delayed,0.82,0.66,0.65,0.47,0.93,0.63,0.63,medium,fragile,0.47,11,0,4.5,Driver was polite and professional,1,63.0
3622773b,2026-01-04,33.151394,85.357066,15.595925,79.722135,India,Pune,R7517,bike,208,239,61.91,417.07,delayed,0.88,0.72,0.53,0.58,0.37,0.39,0.76,low,fragile,0.84,11,0,3.0,Handled package carefully,1,49.0
67e3b30d,2026-01-06,24.758007,71.673338,34.702172,81.711566,India,Kolkata,R3412,scooter,285,308,78.29,700.16,delayed,0.59,0.44,0.32,0.81,0.86,0.59,0.99,high,perishable,0.31,54,0,4.3,Rude behavior by driver,1,65.0
11f7e091,2025-12-29,23.393665,68.043826,10.358437,96.871188,India,Delhi,R7591,bike,22,22,6.37,57.24,on-time,0.85,0.61,0.29,0.48,0.45,0.66,0.18,low,perishable,0.32,50,0,3.3,Driver was polite and professional,1,38.0
a34bd426,2026-01-07,26.552008,95.372386,24.812259,87.493787,India,Delhi,R6310,scooter,180,180,51.53,260.39,on-time,0.46,0.36,0.61,0.42,0.28,0.37,0.77,low,standard,0.43,36,0,4.0,Driver was polite and professional,1,40.0
6717da91,2025-12-19,15.881053,86.479227,19.035493,72.413873,India,Hyderabad,R2722,van,298,298,84.46,587.93,on-time,0.87,0.53,0.88,0.38,0.85,0.19,0.34,low,perishable,0.29,12,0,2.6,Excellent service under tough conditions,1,41.0
4eb20bd8,2025-11-16,29.676851,90.60878,21.733822,90.014327,India,Hyderabad,R2119,scooter,109,109,29.91,240.57,on-time,0.47,0.59,0.46,0.48,0.68,0.16,0.18,medium,standard,0.2,16,0,3.7,Excellent service under tough conditions,1,31.0
c9d688e6,2025-12-29,8.032535,71.210619,17.838591,69.467623,India,Hyderabad,R8382,bike,137,160,44.7,359.94,delayed,0.62,0.69,0.75,0.77,0.32,0.57,0.42,low,standard,0.79,14,0,2.9,Delivery delayed but driver communicated well,1,44.0
6bc45427,2025-12-24,30.748223,94.415479,36.13402,80.598318,India,Ahmedabad,R3641,bike,392,392,111.31,706.18,on-time,0.84,0.87,0.69,0.58,0.52,0.52,0.79,low,perishable,0.55,18,0,3.7,Rude behavior by driver,1,53.0
5b28c882,2025-11-29,18.630019,77.054708,28.584711,93.413841,India,Bengaluru,R7332,bike,149,149,50.48,264.65,on-time,0.48,0.66,0.9,0.44,0.42,0.69,0.46,low,perishable,0.79,13,0,2.9,Driver was polite and professional,1,51.0
495a75a4,2026-01-07,23.679032,76.543436,36.123339,75.919533,India,Hyderabad,R1256,van,365,394,98.38,857.12,delayed,0.53,0.75,0.82,0.4,0.75,0.51,0.54,low,perishable,0.76,42,0,3.6,Excellent service under tough conditions,1,57.0
0c4b8fc9,2025-12-10,29.803712,79.136644,24.602844,72.885908,India,Ahmedabad,R7832,van,206,206,64.51,370.8,on-time,0.8,0.6,0.62,0.5,0.54,0.44,1.0,medium,perishable,0.33,34,0,2.8,Excellent service under tough conditions,1,52.0
0e26b13f,2025-12-03,11.023682,93.062923,13.330962,83.029756,India,Ahmedabad,R5043,scooter,115,115,39.04,343.77,on-time,0.8,0.68,0.69,0.86,0.94,0.42,0.4,high,perishable,0.54,9,0,3.0,Excellent service under tough conditions,1,55.0
78b92d82,2026-01-04,31.241688,80.713109,12.893516,78.295015,India,Chennai,R2249,van,412,412,115.01,754.23,on-time,0.75,0.34,0.87,0.51,0.24,0.12,0.62,high,standard,0.17,5,0,4.0,Delivery delayed but driver communicated well,1,25.0
a5210f4a,2026-01-06,22.491532,96.57247,13.183056,74.845438,India,Delhi,R4945,scooter,86,104,25.59,136.01,delayed,0.78,0.45,0.5,0.89,0.47,0.37,0.37,low,fragile,0.83,5,1,4.9,Rude behavior by driver,1,43.0
564a4f86,2025-11-17,20.636266,74.833487,31.452921,74.280235,India,Mumbai,R1820,scooter,43,78,15.79,103.8,delayed,0.7,0.52,0.45,0.59,0.56,0.88,0.39,low,high_value,0.42,24,0,3.6,Late delivery and poor communication,1,53.0
8a607725,2025-12-17,24.64895,83.928736,21.871679,90.69833,India,Kolkata,R5711,bike,296,296,94.7,484.39,on-time,0.54,0.58,0.21,0.41,0.58,0.8,0.7,high,high_value,0.41,53,0,4.2,Excellent service under tough conditions,1,58.0
6cf1da2a,2025-11-22,20.431512,72.183623,22.856871,76.055091,India,Bengaluru,R4029,scooter,146,186,45.6,319.91,delayed,0.59,0.33,0.82,0.83,0.44,0.36,0.94,low,standard,0.34,15,0,3.8,Rude behavior by driver,1,46.0
a95ccc62,2025-12-06,20.514121,76.62106,11.552968,87.47252,India,Hyderabad,R1670,scooter,286,319,91.27,794.94,delayed,0.5,0.38,0.8,0.58,0.75,0.57,0.54,high,standard,0.47,30,0,3.7,Handled package carefully,1,55.0
b68639a7,2025-11-13,10.519585,89.156645,9.790672,92.762211,India,Hyderabad,R8678,bike,87,87,27.28,139.19,on-time,0.9,0.47,0.28,0.73,0.86,0.78,0.77,low,fragile,0.3,48,0,2.7,Delivery delayed but driver communicated well,1,65.0
071e78e2,2026-01-05,33.94574,89.009031,30.018304,81.11357,India,Hyderabad,R3593,van,291,291,111.02,940.72,on-time,0.72,0.88,0.63,0.89,0.9,0.45,0.09,high,perishable,0.4,7,0,2.9,Late delivery and poor communication,1,46.0
a02e0a92,2026-01-03,16.467288,92.063969,14.929285,82.837151,India,Pune,R2357,bike,113,113,42.37,211.94,on-time,0.62,0.5,0.55,0.33,0.8,0.11,0.21,low,standard,0.74,10,0,4.7,Excellent service under tough conditions,1,42.0
b2a6ea76,2025-12-09,23.252982,87.671988,20.262003,77.726925,India,Mumbai,R4299,bike,95,95,24.53,178.68,on-time,0.65,0.59,0.29,0.36,0.84,0.16,0.5,medium,high_value,0.77,47,0,3.5,Excellent service under tough conditions,1,51.0
ff72c4ba,2025-12-20,16.499233,69.687055,28.72176,86.071323,India,Kolkata,R8495,scooter,75,75,20.08,143.27,on-time,0.92,0.42,0.94,0.73,0.61,0.51,0.02,medium,perishable,0.34,49,1,4.0,Delivery delayed but driver communicated well,1,37.0
b161b30f,2026-01-08,9.170618,82.963384,20.607253,83.699936,India,Delhi,R4971,van,35,35,14.18,94.57,on-time,0.48,0.67,0.36,0.47,0.82,0.88,0.25,medium,standard,0.48,15,0,3.8,Delivery delayed but driver communicated well,1,59.0
7e40f952,2025-11-27,33.683151,95.989177,35.574063,84.756586,India,Chennai,R1272,van,380,380,97.92,880.32,on-time,0.72,0.47,0.25,0.41,0.43,0.65,0.52,low,perishable,0.8,12,0,3.4,Driver was polite and professional,1,52.0
1c8cbdc1,2025-11-27,10.693396,72.456506,30.064056,84.088108,India,Hyderabad,R7776,van,121,158,30.46,200.8,delayed,0.68,0.42,0.65,0.32,0.5,0.16,0.01,medium,high_value,0.14,33,0,3.5,Excellent service under tough conditions,1,21.0
176f7ee6,2025-11-23,21.276384,72.450537,17.200629,80.394312,India,Ahmedabad,R6344,bike,315,315,109.69,790.84,on-time,0.74,0.61,0.75,0.31,0.44,0.25,0.26,medium,perishable,0.81,14,0,3.9,Rude behavior by driver,1,37.0
4f174a05,2026-01-02,31.353817,71.310205,22.408854,72.703482,India,Chennai,R6981,bike,259,259,100.8,666.89,on-time,0.41,0.3,0.22,0.76,0.55,0.72,0.51,low,standard,0.28,38,0,2.9,Delivery delayed but driver communicated well,1,49.0
194fa787,2025-11-16,19.69738,96.647701,35.256458,69.123121,India,Mumbai,R7536,van,43,43,15.74,81.99,on-time,0.88,0.3,0.69,0.38,0.41,0.77,0.57,low,standard,0.64,28,0,3.5,Delivery delayed but driver communicated well,1,53.0
ad8b797f,2025-11-30,9.182624,90.102299,8.104864,82.908087,India,Bengaluru,R5164,scooter,139,162,45.26,250.01,delayed,0.91,0.43,0.6,0.58,0.92,0.59,0.93,medium,high_value,0.57,50,0,3.6,Handled package carefully,0,70.0
1e163129,2025-12-12,27.927417,93.656752,9.561369,73.132598,India,Delhi,R6391,scooter,43,43,16.18,102.47,on-time,0.71,0.32,0.28,0.66,0.43,0.62,0.65,low,fragile,0.54,52,0,5.0,Handled package carefully,1,50.0
3367ee3e,2025-11-17,23.054011,84.56318,21.724672,71.592828,India,Chennai,R8544,van,220,220,74.91,613.34,on-time,0.78,0.36,0.33,0.56,0.27,0.12,0.41,medium,fragile,0.79,21,0,3.4,Handled package carefully,1,31.0
6c3a56ca,2025-12-20,15.105375,69.368258,14.099419,69.212362,India,Hyderabad,R7616,bike,306,306,96.56,706.75,on-time,0.91,0.5,0.63,0.32,0.6,0.76,0.93,low,perishable,0.18,36,0,4.1,Delivery delayed but driver communicated well,1,58.0
fd80e571,2025-12-11,30.170446,88.647691,30.368792,68.015529,India,Kolkata,R1518,van,132,132,37.68,304.37,on-time,0.79,0.78,0.42,0.77,0.24,0.73,0.78,medium,standard,0.38,15,0,2.8,Late delivery and poor communication,1,47.0
f93e11cd,2025-12-24,28.924433,91.082685,24.507602,75.954286,India,Hyderabad,R1942,van,114,114,34.63,174.3,on-time,0.48,0.64,0.9,0.31,0.28,0.31,0.2,low,standard,0.53,38,0,2.7,Rude behavior by driver,1,28.0
a2272c98,2025-12-20,35.704948,79.236798,11.23738,86.596333,India,Delhi,R5046,scooter,189,189,73.12,577.36,on-time,0.72,0.61,0.81,0.76,0.36,0.67,0.13,medium,high_value,0.75,28,0,4.7,Delivery delayed but driver communicated well,1,41.0
6774cfa9,2025-12-05,33.996258,88.053475,33.334908,95.847759,India,Chennai,R7890,van,336,336,88.48,472.52,on-time,0.73,0.48,0.94,0.84,0.55,0.27,0.68,low,high_value,0.27,59,0,4.3,Driver was polite and professional,1,41.0
572b60cb,2025-11-16,11.332149,89.957095,9.183974,90.060391,India,Kolkata,R2512,scooter,216,216,65.03,420.37,on-time,0.63,0.86,0.39,0.56,0.52,0.13,0.56,low,standard,0.74,9,0,3.3,Excellent service under tough conditions,1,41.0
90859cf7,2026-01-08,17.214009,74.474621,15.642448,68.668563,India,Bengaluru,R4526,scooter,52,52,13.54,70.68,on-time,0.81,0.54,0.93,0.62,0.8,0.26,0.79,low,high_value,0.42,33,0,3.8,Late delivery and poor communication,1,53.0
ef878d80,2025-12-17,31.648432,72.365615,35.02204,73.301131,India,Hyderabad,R2260,van,103,103,34.5,227.75,on-time,0.91,0.35,0.52,0.59,0.75,0.24,0.74,high,fragile,0.25,52,1,2.8,Late delivery and poor communication,1,47.0
d1c0955b,2026-01-04,10.32993,93.74326,16.371838,72.508768,India,Hyderabad,R6527,scooter,174,188,59.57,434.8,delayed,0.91,0.67,0.46,0.53,0.52,0.37,0.63,low,fragile,0.71,52,0,4.3,Rude behavior by driver,1,48.0
f5d6dc3e,2026-01-08,14.278085,91.202478,31.447451,78.534566,India,Ahmedabad,R3068,bike,210,210,70.36,445.69,on-time,0.65,0.37,0.24,0.83,0.45,0.43,0.99,medium,perishable,0.17,38,1,2.7,Late delivery and poor communication,1,47.0
7538678d,2025-11-23,31.504809,74.188268,10.992639,88.29588,India,Kolkata,R1535,scooter,273,307,75.8,600.39,delayed,0.46,0.51,0.24,0.84,0.44,0.51,0.53,low,high_value,0.51,20,0,4.4,Rude behavior by driver,1,44.0
ca2eba2d,2025-12-04,27.823652,95.993238,23.426532,86.461292,India,Bengaluru,R1883,van,79,93,29.97,197.54,delayed,0.94,0.6,0.72,0.5,0.78,0.48,0.11,low,perishable,0.15,29,0,3.9,Late delivery and poor communication,1,40.0
824d8827,2025-12-19,13.224525,75.417033,23.766111,71.562492,India,Hyderabad,R1530,scooter,97,136,32.89,231.56,delayed,0.86,0.82,0.54,0.67,0.24,0.32,0.83,medium,high_value,0.39,41,0,3.2,Excellent service under tough conditions,1,38.0
18767f5b,2025-12-19,23.67289,89.67446,18.119256,92.570946,India,Mumbai,R7413,van,273,289,90.09,470.54,delayed,0.47,0.6,0.37,0.86,0.21,0.12,0.25,medium,high_value,0.58,12,0,4.7,Rude behavior by driver,1,23.0
68c7483b,2025-11-30,19.3772,89.295025,25.514419,77.937429,India,Pune,R7132,scooter,186,186,47.14,253.88,on-time,0.91,0.72,0.66,0.88,0.8,0.58,0.78,high,fragile,0.54,33,0,5.0,Handled package carefully,1,62.0
2027462a,2025-11-28,18.499517,89.438323,18.827779,80.762486,India,Pune,R3516,van,17,17,5.89,50.19,on-time,0.88,0.9,0.39,0.61,0.56,0.42,0.96,high,standard,0.42,56,0,3.1,Handled package carefully,1,53.0
a43211f2,2025-12-04,16.065626,92.337021,10.499467,90.494602,India,Ahmedabad,R8087,van,361,361,107.59,959.0,on-time,0.69,0.38,0.63,0.57,0.3,0.34,0.7,high,high_value,0.44,50,1,4.5,Late delivery and poor communication,1,38.0
6c44ec25,2026-01-03,11.070136,83.267845,12.576459,86.26677,India,Mumbai,R9558,scooter,19,35,5.38,47.38,delayed,0.73,0.46,0.47,0.47,0.38,0.79,0.6,medium,high_value,0.28,29,0,4.4,Late delivery and poor communication,1,47.0
eada1cb0,2026-01-03,31.805564,83.589326,33.019887,84.587272,India,Hyderabad,R2592,scooter,187,202,70.23,482.23,delayed,0.62,0.54,0.82,0.88,0.9,0.7,0.46,medium,high_value,0.46,46,0,4.4,Rude behavior by driver,1,61.0
4236e7ac,2025-12-14,25.767308,84.992741,33.2538,83.729527,India,Chennai,R7090,bike,201,201,72.55,599.43,on-time,0.43,0.55,0.82,0.39,0.84,0.79,0.36,low,standard,0.86,27,0,4.9,Rude behavior by driver,1,65.0
a29f4553,2025-11-26,12.989135,89.219743,31.16134,79.643142,India,Pune,R9628,scooter,431,431,114.47,864.66,on-time,0.58,0.55,0.56,0.65,0.73,0.5,0.35,high,perishable,0.78,38,0,3.7,Excellent service under tough conditions,1,53.0
9bae3767,2025-11-21,31.241135,88.87212,36.918789,87.922736,India,Ahmedabad,R4859,scooter,329,354,86.5,480.86,delayed,0.84,0.84,0.46,0.47,0.56,0.2,0.64,medium,perishable,0.22,7,0,4.2,Delivery delayed but driver communicated well,1,38.0
b1a2a997,2025-12-21,24.219694,96.029658,23.556078,75.63479,India,Kolkata,R2508,scooter,336,336,118.22,593.42,on-time,0.4,0.73,0.47,0.47,0.59,0.66,0.75,medium,high_value,0.12,34,0,4.6,Handled package carefully,1,51.0
b9954734,2026-01-01,28.186066,81.505519,18.570957,88.44798,India,Bengaluru,R9876,bike,88,88,25.69,145.26,on-time,0.58,0.66,0.8,0.54,0.93,0.26,0.68,low,high_value,0.85,54,0,3.7,Delivery delayed but driver communicated well,0,61.0
6ea269f5,2025-11-19,13.308012,78.238757,20.840411,81.877487,India,Mumbai,R1386,bike,100,129,27.32,188.1,delayed,0.62,0.49,0.45,0.9,0.92,0.45,0.2,low,perishable,0.52,57,0,3.7,Delivery delayed but driver communicated well,1,51.0
23185c08,2025-11-24,27.545308,72.942102,19.082719,92.336964,India,Pune,R1654,bike,82,116,21.49,176.76,delayed,0.7,0.79,0.36,0.33,0.36,0.15,0.49,high,perishable,0.53,38,0,3.3,Driver was polite and professional,1,32.0
6e18d7c0,2025-11-20,18.780235,73.492952,22.079024,77.710137,India,Chennai,R6999,van,129,147,34.79,203.43,delayed,0.91,0.87,0.26,0.65,0.81,0.76,0.79,low,fragile,0.72,36,0,4.5,Rude behavior by driver,1,70.0
31f415c7,2025-12-21,34.789481,82.801121,19.898321,83.112584,India,Mumbai,R9915,scooter,300,300,89.34,580.5,on-time,0.59,0.79,0.55,0.35,0.35,0.2,0.48,medium,high_value,0.35,57,0,4.2,Driver was polite and professional,1,30.0
c146efbb,2025-11-20,14.917306,81.258006,31.110082,85.868698,India,Chennai,R2510,scooter,291,291,74.59,581.71,on-time,0.59,0.3,0.56,0.39,0.36,0.82,0.54,low,perishable,0.49,33,1,3.6,Driver was polite and professional,1,49.0
34e40bad,2025-12-13,33.543423,85.663088,32.173757,85.083433,India,Chennai,R4898,van,200,234,75.59,475.24,delayed,0.81,0.68,0.83,0.56,0.71,0.79,0.77,high,fragile,0.87,13,1,3.5,Delivery delayed but driver communicated well,1,70.0
f48faa6c,2025-12-29,32.17668,86.530102,12.581924,68.263683,India,Kolkata,R4564,bike,380,402,101.81,602.83,delayed,0.65,0.33,0.37,0.61,0.5,0.47,0.66,low,standard,0.64,6,0,2.7,Driver was polite and professional,1,50.0
19266694,2025-12-27,16.375586,73.620898,11.467104,95.324269,India,Delhi,R3462,bike,284,284,95.34,543.51,on-time,0.52,0.45,0.49,0.46,0.9,0.7,0.41,high,high_value,0.22,43,0,2.5,Excellent service under tough conditions,1,56.0
cd781081,2025-12-11,35.611103,76.572822,8.750838,81.807643,India,Bengaluru,R2986,bike,12,12,3.87,34.45,on-time,0.65,0.34,0.81,0.49,0.27,0.6,0.9,low,perishable,0.21,11,0,3.8,Rude behavior by driver,1,44.0
c6cbc2b5,2025-11-15,15.799558,92.375525,10.589402,81.091633,India,Ahmedabad,R4584,scooter,39,39,13.07,99.92,on-time,0.48,0.66,0.82,0.35,0.58,0.74,0.16,high,high_value,0.26,50,0,3.5,Delivery delayed but driver communicated well,1,43.0
9d315ffb,2025-11-16,20.865698,71.593703,21.412214,74.534157,India,Ahmedabad,R5512,scooter,143,143,43.36,339.1,on-time,0.5,0.71,0.49,0.48,0.89,0.45,1.0,medium,fragile,0.71,9,0,4.5,Rude behavior by driver,0,69.0
3e8495c3,2025-11-20,18.55124,70.859307,35.721215,74.597606,India,Mumbai,R2062,scooter,57,57,16.84,131.0,on-time,0.67,0.37,0.54,0.88,0.88,0.73,0.12,low,perishable,0.34,12,1,3.9,Excellent service under tough conditions,1,52.0
33875a6b,2026-01-02,23.134463,73.066813,18.098715,70.44547,India,Hyderabad,R8950,bike,217,217,62.89,381.53,on-time,0.63,0.53,0.43,0.87,0.32,0.47,0.01,medium,standard,0.12,36,0,4.8,Late delivery and poor communication,1,23.0
f100ccaf,2026-01-04,30.092582,80.963411,31.679749,96.521365,India,Pune,R8673,bike,74,74,27.78,170.11,on-time,0.9,0.57,0.9,0.5,0.47,0.85,0.89,low,standard,0.86,59,0,3.0,Driver was polite and professional,1,66.0
23ee7a00,2025-11-28,30.439123,72.823151,15.811127,93.762967,India,Bengaluru,R5937,scooter,336,336,87.6,622.22,on-time,0.6,0.52,0.29,0.64,0.66,0.49,0.24,low,fragile,0.24,58,0,5.0,Delivery delayed but driver communicated well,1,40.0
44759dd5,2025-12-01,32.535776,83.757857,26.537659,95.707933,India,Bengaluru,R6596,scooter,329,329,111.5,721.73,on-time,0.72,0.37,0.9,0.85,0.32,0.47,0.73,high,standard,0.11,22,1,3.2,Handled package carefully,1,38.0
ca126b0f,2025-11-26,28.824015,75.220892,9.518187,92.913904,India,Ahmedabad,R6411,scooter,65,65,23.95,208.54,on-time,0.75,0.55,0.71,0.3,0.93,0.73,0.81,medium,standard,0.29,42,1,4.1,Rude behavior by driver,1,67.0
6473593c,2025-12-01,30.078403,74.888899,33.686806,74.894432,India,Chennai,R2288,bike,349,349,116.81,1039.88,on-time,0.41,0.75,0.6,0.79,0.89,0.76,0.86,low,standard,0.29,50,0,3.8,Excellent service under tough conditions,1,67.0
835b509b,2026-01-09,8.484018,94.264624,14.135928,83.29979,India,Delhi,R8081,van,266,266,73.49,651.84,on-time,0.76,0.34,0.22,0.87,0.33,0.54,0.99,low,standard,0.44,22,0,3.4,Driver was polite and professional,1,50.0
efbebeac,2025-11-24,14.22901,90.102972,22.534964,87.086367,India,Ahmedabad,R8726,bike,312,312,93.92,606.61,on-time,0.5,0.35,0.56,0.35,0.29,0.24,0.29,low,standard,0.84,53,0,2.8,Rude behavior by driver,1,33.0
a3d83338,2025-12-25,25.840594,81.234792,16.531453,95.751007,India,Delhi,R6285,scooter,343,343,107.41,923.04,on-time,0.93,0.51,0.51,0.4,0.26,0.47,0.71,high,standard,0.8,45,0,2.8,Excellent service under tough conditions,1,46.0
7559d396,2025-11-24,31.179703,87.735096,16.049883,87.955093,India,Kolkata,R2852,scooter,153,153,47.04,276.53,on-time,0.48,0.87,0.32,0.88,0.88,0.87,0.12,low,standard,0.47,49,0,4.3,Rude behavior by driver,1,58.0
5b4f8181,2025-11-27,24.050647,85.421055,17.783161,94.913552,India,Ahmedabad,R9222,van,202,202,78.91,705.25,on-time,0.63,0.7,0.69,0.62,0.35,0.7,0.41,high,perishable,0.43,20,1,3.4,Late delivery and poor communication,1,43.0
7403b61b,2026-01-08,26.195918,78.133911,29.416233,92.491173,India,Hyderabad,R5421,scooter,247,247,68.86,452.08,on-time,0.45,0.71,0.93,0.31,0.51,0.75,0.85,high,standard,0.54,25,0,4.9,Excellent service under tough conditions,1,59.0
c4ab1223,2025-11-17,15.112742,83.208984,28.805516,69.225285,India,Kolkata,R3918,van,269,269,94.06,507.28,on-time,0.95,0.52,0.62,0.45,0.54,0.13,0.37,low,perishable,0.29,14,0,3.3,Rude behavior by driver,1,31.0
e6db3280,2026-01-07,27.285982,73.857416,33.16137,94.772009,India,Chennai,R6810,bike,226,226,77.38,579.08,on-time,0.68,0.66,0.74,0.57,0.65,0.47,0.59,low,high_value,0.14,46,0,5.0,Late delivery and poor communication,1,45.0
d1a29bce,2025-11-16,23.267051,91.861764,34.861922,74.028598,India,Bengaluru,R7192,scooter,244,261,93.93,504.74,delayed,0.73,0.31,0.25,0.72,0.25,0.62,0.5,high,fragile,0.85,8,0,3.0,Late delivery and poor communication,1,46.0
f580700c,2026-01-09,32.947985,80.190886,24.176585,80.469082,India,Kolkata,R1115,bike,19,48,6.15,41.76,delayed,0.44,0.68,0.51,0.74,0.37,0.76,0.65,low,standard,0.25,48,0,2.8,Late delivery and poor communication,1,47.0
5b838c7c,2025-12-06,19.090824,85.988643,26.443141,89.050114,India,Chennai,R5571,bike,45,85,15.6,117.01,delayed,0.81,0.85,0.29,0.9,0.9,0.14,0.97,low,fragile,0.26,12,0,3.3,Driver was polite and professional,1,54.0
40844436,2025-12-15,22.556406,80.713027,20.877727,85.994121,India,Kolkata,R2331,van,316,316,95.01,806.77,on-time,0.52,0.67,0.66,0.47,0.88,0.78,0.06,low,standard,0.48,51,0,4.7,Excellent service under tough conditions,1,54.0
493a5df8,2026-01-05,26.309202,70.754574,17.971023,76.387197,India,Mumbai,R6592,bike,173,173,58.86,377.66,on-time,0.89,0.82,0.9,0.62,0.79,0.54,0.57,medium,perishable,0.49,57,0,3.8,Rude behavior by driver,1,56.0
2aa78bca,2025-11-23,33.063896,89.308026,26.169079,92.482892,India,Bengaluru,R2007,van,351,351,110.2,786.65,on-time,0.51,0.73,0.7,0.62,0.21,0.26,0.86,high,standard,0.11,59,1,2.8,Rude behavior by driver,1,32.0
c73a621f,2025-12-19,29.776389,78.03236,32.574458,72.63068,India,Mumbai,R1361,bike,363,363,100.74,505.01,on-time,0.5,0.37,0.26,0.54,0.45,0.35,0.48,low,high_value,0.22,23,0,3.0,Excellent service under tough conditions,1,35.0
c1570e77,2026-01-03,22.342716,80.769276,35.315402,81.231279,India,Chennai,R2838,van,81,81,26.04,233.29,on-time,0.42,0.84,0.47,0.4,0.67,0.33,0.08,low,fragile,0.4,51,0,3.3,Late delivery and poor communication,1,36.0
85e4081f,2025-12-02,23.53431,80.944993,17.555866,77.507201,India,Kolkata,R4001,van,452,452,114.32,906.49,on-time,0.66,0.34,0.61,0.89,0.41,0.52,0.56,high,fragile,0.65,44,0,4.0,Rude behavior by driver,1,46.0
f1dd6ec7,2025-11-16,14.274092,74.996292,10.521756,93.17779,India,Bengaluru,R7073,scooter,159,159,59.5,456.81,on-time,0.71,0.62,0.5,0.81,0.88,0.14,0.33,high,high_value,0.28,44,0,3.3,Rude behavior by driver,1,41.0
df3a03c4,2025-11-11,19.3288,89.036297,28.184245,76.341289,India,Kolkata,R1966,scooter,255,255,87.7,597.56,on-time,0.44,0.39,0.83,0.6,0.68,0.23,0.15,medium,perishable,0.44,55,1,4.4,Late delivery and poor communication,1,36.0
e5f5dd95,2025-12-14,34.231594,82.245111,16.570638,90.240571,India,Kolkata,R4584,bike,303,321,101.63,763.77,delayed,0.83,0.31,0.81,0.66,0.25,0.75,0.85,high,perishable,0.55,13,0,4.0,Handled package carefully,1,52.0
255559cd,2025-12-24,17.650664,78.035309,11.39078,68.233395,India,Kolkata,R6785,bike,157,157,57.43,316.22,on-time,0.65,0.55,0.66,0.44,0.88,0.21,0.52,medium,high_value,0.81,34,0,4.7,Handled package carefully,0,54.0
34cf4c03,2025-12-24,31.996181,74.257474,29.889056,69.399502,India,Bengaluru,R7271,scooter,48,48,15.14,84.75,on-time,0.69,0.48,0.48,0.63,0.92,0.29,0.93,high,fragile,0.36,21,1,3.8,Late delivery and poor communication,1,59.0
6fc4fdde,2025-12-30,32.952561,91.37474,13.837464,77.679723,India,Pune,R8630,bike,144,184,43.96,354.29,delayed,0.64,0.59,0.39,0.72,0.26,0.46,0.81,low,standard,0.21,44,0,3.3,Driver was polite and professional,1,39.0
b7fa82c6,2025-12-09,9.59781,73.535285,32.65622,87.310785,India,Kolkata,R4992,scooter,264,264,92.41,726.6,on-time,0.62,0.65,0.28,0.61,0.6,0.51,0.69,low,perishable,0.49,48,0,5.0,Rude behavior by driver,1,52.0
c469e5c0,2025-12-05,35.064372,96.787374,16.759972,70.005095,India,Delhi,R3177,scooter,246,246,64.56,438.32,on-time,0.71,0.33,0.47,0.89,0.43,0.71,0.01,medium,standard,0.7,19,0,3.4,Rude behavior by driver,1,41.0
651f1759,2025-11-29,31.355775,71.532751,15.899906,84.868742,India,Chennai,R4612,scooter,300,328,89.29,646.78,delayed,0.49,0.37,0.51,0.67,0.49,0.46,0.43,medium,fragile,0.19,8,0,3.6,Handled package carefully,1,38.0
95fb0793,2025-11-20,13.310254,73.699735,36.770769,91.86364,India,Ahmedabad,R5840,scooter,280,280,85.23,696.77,on-time,0.5,0.64,0.71,0.52,0.33,0.73,0.2,high,standard,0.44,10,0,4.5,Late delivery and poor communication,1,39.0
39718c27,2025-12-26,25.390724,82.242937,29.166729,93.856275,India,Chennai,R2063,scooter,285,285,80.26,516.66,on-time,0.87,0.51,0.69,0.76,0.63,0.59,0.91,low,high_value,0.11,20,0,2.7,Excellent service under tough conditions,1,53.0
13c1675e,2025-12-07,34.917573,83.389977,8.349959,83.438901,India,Chennai,R4872,van,441,474,111.44,761.9,delayed,0.92,0.74,0.25,0.4,0.92,0.19,0.17,high,perishable,0.13,30,0,3.5,Excellent service under tough conditions,1,38.0
c1367d7e,2025-12-21,22.614836,94.456764,36.326144,84.565618,India,Mumbai,R5934,scooter,25,38,7.05,60.49,delayed,0.61,0.69,0.5,0.53,0.58,0.23,0.29,high,perishable,0.49,41,0,2.7,Driver was polite and professional,1,36.0
660bbaaf,2025-12-27,34.898978,92.23555,23.837577,95.571131,India,Kolkata,R9737,van,231,231,66.4,466.29,on-time,0.55,0.81,0.34,0.51,0.26,0.45,0.52,low,high_value,0.34,27,0,2.8,Late delivery and poor communication,1,35.0
b597d275,2025-12-04,34.009862,93.754518,8.423099,84.758987,India,Kolkata,R9857,bike,376,376,111.23,577.27,on-time,0.75,0.72,0.32,0.56,0.67,0.42,0.26,high,high_value,0.78,17,1,2.5,Handled package carefully,1,48.0
8162589b,2025-11-15,18.059116,86.353757,19.088964,78.173084,India,Hyderabad,R1439,bike,52,52,18.94,106.79,on-time,0.62,0.56,0.82,0.77,0.46,0.69,0.21,medium,perishable,0.58,51,1,2.5,Handled package carefully,1,44.0
b110a1af,2025-12-29,35.458102,81.750794,8.620393,69.817318,India,Kolkata,R6766,bike,152,152,58.93,476.17,on-time,0.41,0.7,0.23,0.59,0.84,0.56,0.6,high,perishable,0.46,21,0,3.5,Rude behavior by driver,1,58.0
9d73055c,2025-12-07,15.010825,87.113799,21.07126,80.80456,India,Hyderabad,R8803,van,88,88,29.63,234.37,on-time,0.49,0.47,0.51,0.78,0.53,0.41,0.09,medium,perishable,0.43,58,0,4.5,Delivery delayed but driver communicated well,1,34.0
76d00723,2025-12-25,16.092956,89.412467,30.412689,69.79868,India,Pune,R9676,scooter,305,327,92.4,680.56,delayed,0.79,0.48,0.33,0.65,0.34,0.24,0.06,medium,fragile,0.5,31,0,4.0,Driver was polite and professional,1,25.0
246304dc,2025-11-14,31.313278,76.66864,11.627679,92.156236,India,Bengaluru,R8273,bike,253,253,70.36,385.17,on-time,0.76,0.77,0.86,0.51,0.34,0.28,0.37,medium,fragile,0.13,56,1,4.1,Driver was polite and professional,1,27.0
b7024a8e,2025-11-13,27.400671,83.58521,27.817316,91.022426,India,Chennai,R9262,bike,254,268,64.74,405.51,delayed,0.41,0.57,0.62,0.79,0.78,0.56,0.72,low,fragile,0.81,26,1,3.8,Delivery delayed but driver communicated well,0,64.0
0413cbc0,2025-11-13,15.362862,87.130157,33.54848,83.550497,India,Chennai,R8057,bike,97,97,29.47,198.81,on-time,0.52,0.78,0.37,0.44,0.4,0.44,0.55,low,standard,0.9,41,1,4.5,Excellent service under tough conditions,1,48.0
6703a1e9,2025-11-11,32.851191,70.374324,11.02927,96.163208,India,Pune,R4228,scooter,380,380,100.78,804.17,on-time,0.53,0.79,0.58,0.43,0.78,0.51,0.42,medium,fragile,0.25,23,1,4.7,Excellent service under tough conditions,1,48.0
c6a4b392,2025-11-16,26.237892,87.596035,19.804377,96.497941,India,Chennai,R8567,scooter,231,231,80.49,618.89,on-time,0.77,0.81,0.75,0.6,0.35,0.24,0.57,high,perishable,0.2,43,0,4.6,Excellent service under tough conditions,1,31.0
b8e901e0,2026-01-05,12.011179,76.402444,26.355734,79.319446,India,Chennai,R4492,van,192,227,58.89,527.12,delayed,0.41,0.85,0.92,0.46,0.44,0.63,0.37,medium,fragile,0.21,39,0,4.5,Handled package carefully,1,40.0
b1433378,2025-12-05,29.10023,95.620211,13.072252,93.973721,India,Pune,R9849,van,309,328,84.08,675.75,delayed,0.46,0.56,0.37,0.31,0.55,0.78,0.94,medium,perishable,0.63,17,0,3.0,Late delivery and poor communication,1,64.0
a91752f2,2026-01-03,31.153782,93.949738,20.552314,79.997063,India,Kolkata,R1855,van,446,460,112.46,830.58,delayed,0.84,0.49,0.86,0.69,0.91,0.31,0.05,low,high_value,0.63,18,0,4.0,Driver was polite and professional,1,46.0
de92683a,2025-11-29,21.43059,72.496167,24.077908,79.796966,India,Kolkata,R8167,bike,137,173,39.15,209.99,delayed,0.5,0.65,0.9,0.61,0.9,0.49,0.67,medium,standard,0.78,52,0,4.0,Delivery delayed but driver communicated well,0,64.0
1d36c210,2025-12-24,20.420502,72.048602,35.001066,91.690594,India,Delhi,R8643,van,246,280,67.73,490.63,delayed,0.76,0.52,0.89,0.57,0.36,0.88,0.89,low,standard,0.7,35,0,3.8,Rude behavior by driver,1,61.0
7545a205,2025-11-15,24.323151,82.400412,19.856743,88.353681,India,Delhi,R8467,van,214,214,55.86,331.28,on-time,0.53,0.66,0.68,0.88,0.47,0.37,0.8,high,high_value,0.46,49,1,3.7,Rude behavior by driver,1,46.0
f834d239,2025-12-04,23.676985,79.271539,13.682914,76.281306,India,Bengaluru,R5546,bike,229,229,76.02,452.47,on-time,0.45,0.72,0.67,0.64,0.31,0.58,0.18,high,perishable,0.59,6,0,2.7,Handled package carefully,1,36.0
a49e2618,2025-12-31,22.012057,80.301268,25.554505,92.410545,India,Ahmedabad,R3686,bike,119,119,39.78,256.02,on-time,0.53,0.71,0.5,0.82,0.58,0.17,0.3,medium,standard,0.65,50,1,2.8,Driver was polite and professional,1,37.0
2da194e7,2025-12-20,12.210715,70.367415,35.560516,77.256899,India,Bengaluru,R5193,scooter,243,243,80.32,653.68,on-time,0.8,0.52,0.76,0.38,0.55,0.58,0.72,low,fragile,0.51,56,0,4.8,Late delivery and poor communication,1,53.0
167d2b05,2025-12-13,23.619538,87.631927,25.633934,90.515306,India,Ahmedabad,R3769,bike,261,261,88.08,492.87,on-time,0.87,0.4,0.6,0.64,0.88,0.17,0.08,low,perishable,0.48,43,0,4.1,Driver was polite and professional,1,39.0
b9342f8b,2025-12-25,36.161122,83.316136,12.283547,70.854893,India,Chennai,R5696,bike,28,28,7.7,53.71,on-time,0.86,0.56,0.71,0.82,0.9,0.87,0.81,medium,standard,0.62,41,0,3.2,Excellent service under tough conditions,0,74.0
aec56308,2025-12-06,13.21057,94.776805,29.933012,77.436466,India,Pune,R3123,van,218,218,68.23,488.13,on-time,0.62,0.39,0.52,0.65,0.49,0.67,0.72,medium,high_value,0.55,18,0,3.2,Rude behavior by driver,1,54.0
243d32ac,2025-12-30,10.742354,75.192497,18.260856,88.190378,India,Delhi,R6082,van,346,346,100.24,604.12,on-time,0.77,0.83,0.75,0.73,0.57,0.73,0.73,high,perishable,0.62,13,0,4.0,Driver was polite and professional,1,59.0
3c0d97e5,2025-12-20,33.865693,90.19858,18.547042,90.442614,India,Pune,R9890,bike,39,39,12.41,69.98,on-time,0.51,0.51,0.82,0.52,0.87,0.66,0.1,low,standard,0.59,14,0,3.5,Rude behavior by driver,1,53.0
45659286,2026-01-01,19.327147,78.059184,31.83021,84.906345,India,Chennai,R6643,van,215,215,65.0,424.28,on-time,0.56,0.39,0.31,0.36,0.81,0.57,0.72,high,high_value,0.68,11,1,3.6,Delivery delayed but driver communicated well,0,63.0
856eacac,2025-12-17,10.413524,71.087874,13.430267,83.346681,India,Bengaluru,R5635,scooter,320,320,109.14,908.13,on-time,0.89,0.32,0.82,0.57,0.2,0.46,0.68,medium,perishable,0.61,32,0,2.7,Delivery delayed but driver communicated well,1,40.0
820a4e01,2025-11-21,19.140619,70.503634,27.959224,68.534961,India,Hyderabad,R5691,bike,142,142,53.62,415.3,on-time,0.41,0.69,0.61,0.54,0.44,0.79,0.83,low,fragile,0.52,50,0,2.8,Rude behavior by driver,1,57.0
c5ee7fe3,2025-12-11,18.911741,86.757918,22.770434,68.415612,India,Chennai,R9644,van,225,225,70.52,542.18,on-time,0.45,0.68,0.83,0.82,0.52,0.87,0.04,medium,perishable,0.65,29,1,3.5,Late delivery and poor communication,1,48.0
3a6a1d77,2025-12-17,13.30345,88.87278,33.611721,73.727957,India,Delhi,R6811,bike,256,256,98.58,819.68,on-time,0.51,0.5,0.52,0.45,0.37,0.5,0.02,low,fragile,0.46,50,0,4.2,Late delivery and poor communication,1,31.0
462e2b71,2025-12-04,22.158215,87.247682,17.662666,73.122974,India,Chennai,R8822,van,329,329,115.03,646.26,on-time,0.41,0.34,0.48,0.88,0.35,0.85,0.37,medium,perishable,0.29,32,0,2.6,Driver was polite and professional,1,44.0
926a35fd,2025-12-20,16.658665,68.069415,32.005782,72.379461,India,Chennai,R8913,bike,263,263,87.21,443.3,on-time,0.5,0.55,0.89,0.87,0.23,0.57,0.15,high,high_value,0.1,6,0,3.3,Rude behavior by driver,1,26.0
e62d398e,2026-01-01,34.200372,72.657143,14.774255,78.871129,India,Kolkata,R2292,bike,244,244,63.49,454.28,on-time,0.72,0.49,0.39,0.45,0.68,0.53,0.56,medium,fragile,0.55,21,0,4.2,Handled package carefully,1,53.0
a57b9831,2025-12-01,30.832364,93.59178,14.337692,90.997666,India,Delhi,R6964,bike,250,250,95.5,477.9,on-time,0.63,0.71,0.83,0.51,0.4,0.46,0.92,high,fragile,0.57,56,0,4.5,Late delivery and poor communication,1,50.0
05008cb1,2025-12-20,35.414704,69.735727,13.228072,90.966276,India,Kolkata,R5516,bike,239,239,93.84,804.05,on-time,0.89,0.66,0.56,0.84,0.24,0.27,0.39,medium,perishable,0.88,8,0,3.0,Late delivery and poor communication,1,35.0
9f581840,2025-12-11,14.07761,77.666494,9.712299,73.438563,India,Delhi,R3157,van,125,125,41.76,264.5,on-time,0.85,0.52,0.59,0.88,0.37,0.1,0.84,low,standard,0.39,17,0,4.3,Excellent service under tough conditions,1,36.0
94a8ba72,2026-01-03,23.581402,87.720354,28.765746,81.181734,India,Mumbai,R5348,scooter,189,218,71.79,539.61,delayed,0.59,0.43,0.43,0.57,0.8,0.29,0.0,medium,fragile,0.42,22,0,4.9,Delivery delayed but driver communicated well,1,38.0
41e35793,2026-01-07,31.889147,70.014191,23.430774,95.923809,India,Ahmedabad,R6257,scooter,205,220,60.62,481.37,delayed,0.54,0.89,0.63,0.49,0.84,0.51,0.17,medium,perishable,0.26,7,0,4.8,Late delivery and poor communication,1,45.0
e9fbc5f6,2025-12-12,18.903754,85.187187,11.998309,93.932445,India,Ahmedabad,R3628,scooter,261,261,89.89,789.88,on-time,0.61,0.57,0.44,0.62,0.56,0.4,0.03,low,high_value,0.16,55,0,4.5,Late delivery and poor communication,1,30.0
fc2afed8,2025-12-12,14.366985,70.904089,35.081688,93.815883,India,Chennai,R1265,van,42,53,13.32,69.0,delayed,0.72,0.71,0.23,0.71,0.51,0.46,0.33,low,perishable,0.72,41,1,4.3,Excellent service under tough conditions,1,44.0
14396a26,2025-12-02,36.781611,79.668749,17.857128,93.311229,India,Chennai,R6522,scooter,149,149,50.23,314.6,on-time,0.55,0.38,0.4,0.46,0.93,0.88,0.91,medium,perishable,0.3,37,0,3.1,Late delivery and poor communication,1,73.0
f67f45f3,2025-11-26,32.659603,70.802002,32.295552,87.071942,India,Kolkata,R4485,scooter,293,325,89.52,644.17,delayed,0.74,0.59,0.2,0.74,0.35,0.38,0.1,low,fragile,0.59,45,0,4.1,Excellent service under tough conditions,1,31.0
920d62f7,2025-12-17,12.263895,71.050816,17.802042,83.951975,India,Mumbai,R4625,scooter,353,353,108.88,671.22,on-time,0.63,0.32,0.93,0.33,0.36,0.46,0.61,low,standard,0.65,28,1,4.1,Rude behavior by driver,1,44.0
1091e7b8,2025-11-24,15.548832,73.242235,32.088083,96.561526,India,Pune,R7193,scooter,53,53,21.15,165.45,on-time,0.7,0.6,0.92,0.33,0.42,0.21,0.45,medium,high_value,0.48,12,1,3.5,Rude behavior by driver,1,34.0
784ae4ac,2026-01-01,32.69781,89.823935,28.56974,81.448309,India,Delhi,R2755,van,209,248,63.86,553.95,delayed,0.64,0.88,0.5,0.53,0.33,0.14,0.94,low,fragile,0.8,39,1,3.7,Delivery delayed but driver communicated well,1,44.0
fea17f90,2025-12-31,33.519773,69.091169,31.635063,80.815655,India,Bengaluru,R8335,van,97,97,29.78,159.72,on-time,0.56,0.53,0.75,0.51,0.48,0.72,0.12,high,fragile,0.46,6,1,4.2,Driver was polite and professional,1,42.0
0ac0660f,2025-11-27,20.339894,77.637593,26.247166,77.520101,India,Pune,R5387,bike,372,402,109.27,796.37,delayed,0.92,0.32,0.46,0.49,0.88,0.56,0.21,low,fragile,0.33,37,0,4.9,Excellent service under tough conditions,1,50.0
cfddb144,2026-01-08,27.010962,79.321463,18.523305,93.68271,India,Pune,R6494,van,120,120,40.93,365.13,on-time,0.82,0.32,0.7,0.59,0.66,0.71,0.03,high,high_value,0.82,16,0,3.2,Late delivery and poor communication,1,50.0
faadeb7a,2025-11-28,9.210213,91.03874,8.239613,79.736848,India,Pune,R8217,bike,228,245,91.08,689.52,delayed,0.48,0.53,0.8,0.49,0.51,0.22,0.43,medium,standard,0.79,26,0,3.1,Driver was polite and professional,1,41.0
2ea728cd,2025-11-15,32.445604,88.119162,23.003598,84.422951,India,Mumbai,R7315,bike,265,293,77.76,650.32,delayed,0.88,0.4,0.91,0.42,0.9,0.56,0.28,medium,high_value,0.23,17,0,4.0,Rude behavior by driver,1,50.0
045adda2,2025-12-11,28.037081,81.782871,24.518347,84.318481,India,Chennai,R3454,bike,23,23,6.79,53.95,on-time,0.67,0.31,0.5,0.49,0.24,0.3,0.87,low,high_value,0.12,14,0,2.8,Late delivery and poor communication,1,34.0
4d26e911,2025-11-20,15.814099,94.989638,22.172534,95.36231,India,Mumbai,R6171,scooter,445,445,112.19,572.82,on-time,0.89,0.75,0.79,0.88,0.36,0.28,0.6,high,standard,0.17,21,0,4.0,Driver was polite and professional,1,32.0
389534cc,2025-11-16,32.60604,75.461634,32.80933,78.016906,India,Pune,R4247,scooter,397,433,117.72,768.26,delayed,0.84,0.58,0.4,0.55,0.62,0.11,0.61,medium,high_value,0.33,47,0,2.7,Excellent service under tough conditions,1,38.0
ebfa5536,2025-12-06,24.021228,83.264023,35.122554,92.829956,India,Bengaluru,R9635,van,87,119,28.29,254.37,delayed,0.63,0.47,0.94,0.57,0.66,0.2,0.53,high,perishable,0.88,9,0,3.7,Excellent service under tough conditions,1,49.0
8069b864,2025-12-27,26.937977,90.696774,18.047797,74.819828,India,Pune,R5557,scooter,206,206,70.14,465.22,on-time,0.41,0.84,0.22,0.65,0.23,0.35,0.09,low,high_value,0.55,13,0,4.1,Driver was polite and professional,1,26.0
ed46443c,2025-12-15,11.115961,75.957006,16.450048,88.645524,India,Mumbai,R4494,bike,241,241,77.96,426.97,on-time,0.55,0.37,0.65,0.89,0.5,0.19,0.45,low,fragile,0.4,17,0,2.7,Excellent service under tough conditions,1,35.0
64044989,2025-11-26,22.677055,86.898482,29.296762,89.47736,India,Mumbai,R1682,scooter,13,13,3.48,20.46,on-time,0.7,0.87,0.69,0.44,0.69,0.89,1.0,medium,high_value,0.81,56,0,3.0,Handled package carefully,1,75.0
e6e4748f,2026-01-06,13.518324,95.931965,20.647252,74.854783,India,Pune,R5270,scooter,163,163,51.05,294.54,on-time,0.75,0.49,0.72,0.71,0.72,0.35,0.84,low,fragile,0.46,27,0,3.3,Rude behavior by driver,1,54.0
c4dc057b,2025-12-07,26.629346,90.56069,34.772438,94.551571,India,Kolkata,R4823,scooter,355,389,91.85,595.42,delayed,0.54,0.83,0.29,0.73,0.68,0.2,0.89,medium,high_value,0.35,34,1,3.4,Delivery delayed but driver communicated well,1,48.0
43fd714e,2025-11-14,33.871908,92.448425,11.589075,84.088552,India,Pune,R1321,bike,155,155,47.59,423.34,on-time,0.48,0.66,0.9,0.66,0.44,0.26,0.82,low,fragile,0.85,47,1,4.2,Delivery delayed but driver communicated well,1,49.0
081e334b,2025-11-14,18.288774,89.318854,29.272739,78.018448,India,Hyderabad,R7286,bike,278,293,77.29,641.66,delayed,0.86,0.8,0.34,0.35,0.27,0.57,0.1,medium,fragile,0.78,59,0,3.8,Handled package carefully,1,36.0
1276601d,2025-12-21,35.48056,92.451714,16.673275,82.262687,India,Bengaluru,R7745,van,412,422,103.87,912.71,delayed,0.94,0.89,0.67,0.71,0.52,0.15,0.23,high,fragile,0.77,8,1,3.5,Driver was polite and professional,1,36.0
de83f84f,2025-11-28,8.26445,89.855029,20.92055,68.786025,India,Mumbai,R2835,bike,147,147,51.29,353.17,on-time,0.69,0.47,0.37,0.34,0.3,0.79,0.0,medium,standard,0.51,25,0,3.6,Excellent service under tough conditions,1,36.0
7f4f34b6,2025-11-20,8.106088,72.829972,34.267133,88.513825,India,Pune,R8929,bike,299,299,79.04,623.71,on-time,0.49,0.88,0.43,0.66,0.91,0.87,0.3,high,high_value,0.73,47,0,2.5,Handled package carefully,1,66.0
4ee3ec59,2025-12-26,26.380236,71.69793,8.302602,71.886501,India,Ahmedabad,R4506,van,209,209,56.25,464.49,on-time,0.55,0.53,0.61,0.74,0.56,0.3,0.11,medium,high_value,0.24,13,0,4.4,Handled package carefully,1,30.0
6b0f5d11,2025-12-27,21.29495,81.334257,30.472465,86.739476,India,Bengaluru,R9951,bike,58,58,16.02,82.11,on-time,0.41,0.53,0.51,0.43,0.44,0.46,0.47,medium,perishable,0.56,11,0,2.6,Excellent service under tough conditions,1,42.0
79fba66c,2025-12-02,10.050044,69.382219,23.352077,92.74915,India,Hyderabad,R9203,bike,394,394,117.99,727.11,on-time,0.9,0.5,0.32,0.8,0.77,0.12,0.68,high,perishable,0.89,20,1,4.6,Rude behavior by driver,0,53.0
8ae4eaba,2025-11-26,11.507413,70.209103,8.810847,93.362348,India,Ahmedabad,R8186,scooter,222,222,75.49,509.46,on-time,0.46,0.62,0.33,0.32,0.57,0.61,0.87,high,perishable,0.33,27,0,3.9,Excellent service under tough conditions,1,55.0
1c7d51ef,2025-11-17,26.799165,82.855212,28.96671,93.695906,India,Kolkata,R4708,scooter,178,209,68.28,472.12,delayed,0.72,0.39,0.51,0.81,0.43,0.43,0.75,high,high_value,0.74,27,1,3.8,Excellent service under tough conditions,1,50.0
123f1165,2025-12-11,18.921419,79.962569,11.153043,93.774757,India,Ahmedabad,R3424,scooter,144,144,47.97,404.58,on-time,0.55,0.63,0.77,0.58,0.81,0.32,0.94,low,standard,0.49,35,0,4.3,Late delivery and poor communication,1,58.0
76b5b618,2025-11-22,15.31566,70.446207,15.571454,71.442072,India,Mumbai,R5515,bike,140,140,41.95,371.47,on-time,0.7,0.63,0.87,0.43,0.85,0.27,0.05,medium,fragile,0.13,9,1,4.6,Driver was polite and professional,1,35.0
43572b92,2025-12-16,28.189801,75.645648,16.987139,69.742972,India,Chennai,R6662,bike,24,24,9.4,59.2,on-time,0.76,0.76,0.26,0.38,0.7,0.62,0.01,low,high_value,0.71,10,1,4.9,Delivery delayed but driver communicated well,1,47.0
846ed370,2026-01-06,31.275505,78.36904,36.880152,77.620064,India,Chennai,R1119,bike,363,363,93.06,695.77,on-time,0.86,0.8,0.49,0.87,0.24,0.43,0.66,medium,standard,0.23,55,0,3.9,Delivery delayed but driver communicated well,1,35.0
af6385ab,2025-11-24,12.337603,76.898066,36.937012,79.655963,India,Delhi,R7442,scooter,308,308,83.89,702.77,on-time,0.51,0.56,0.28,0.34,0.62,0.24,0.29,medium,standard,0.61,5,0,2.9,Handled package carefully,1,40.0
51de695d,2025-12-14,21.055285,91.74036,30.314397,82.87816,India,Kolkata,R4935,bike,175,175,51.27,442.88,on-time,0.41,0.48,0.21,0.42,0.77,0.65,0.25,high,high_value,0.17,52,0,4.7,Handled package carefully,1,47.0
65c91b03,2026-01-05,31.247963,78.603169,16.155684,73.066658,India,Kolkata,R1971,van,452,452,119.46,965.14,on-time,0.48,0.46,0.7,0.51,0.3,0.55,0.33,high,fragile,0.86,32,1,2.6,Handled package carefully,1,42.0
7a7aecc5,2026-01-05,25.011851,78.026163,18.636027,78.306038,India,Chennai,R4342,van,240,240,79.42,670.23,on-time,0.9,0.42,0.65,0.67,0.37,0.79,0.27,medium,standard,0.33,22,0,4.5,Driver was polite and professional,1,41.0
9937cfe2,2025-12-29,19.098938,68.890085,16.069589,91.255429,India,Pune,R3558,van,78,78,30.21,254.54,on-time,0.88,0.33,0.32,0.63,0.86,0.19,0.51,low,high_value,0.28,28,0,4.2,Handled package carefully,1,45.0
f7de57ab,2025-12-07,9.381716,70.89865,34.566344,82.484339,India,Kolkata,R7213,van,180,180,59.63,445.4,on-time,0.73,0.51,0.38,0.38,0.22,0.73,0.44,high,fragile,0.2,17,0,4.8,Handled package carefully,1,37.0
fe1f2056,2025-12-14,13.144631,96.046703,28.892001,91.742762,India,Delhi,R6717,scooter,39,39,10.23,59.13,on-time,0.73,0.46,0.22,0.47,0.76,0.64,0.51,low,perishable,0.86,37,0,4.7,Late delivery and poor communication,1,62.0
23a6df0d,2026-01-06,36.01564,90.904768,14.731128,80.932677,India,Delhi,R2158,bike,86,118,22.85,143.76,delayed,0.77,0.88,0.83,0.44,0.56,0.19,0.67,medium,standard,0.67,14,0,2.6,Driver was polite and professional,1,45.0
45ed43aa,2025-12-08,35.05893,70.255319,19.704436,88.23258,India,Pune,R1848,bike,425,447,117.04,777.71,delayed,0.5,0.63,0.93,0.43,0.54,0.66,0.39,low,standard,0.69,11,0,4.0,Rude behavior by driver,1,51.0
5857dead,2025-12-03,29.136702,90.047273,33.727885,84.074489,India,Delhi,R7261,scooter,20,20,6.82,56.25,on-time,0.9,0.51,0.3,0.55,0.21,0.45,0.25,low,high_value,0.5,41,1,2.8,Rude behavior by driver,1,30.0
0bf9fdb8,2025-11-16,18.535697,74.572661,23.708697,70.051112,India,Bengaluru,R9891,van,95,120,27.92,165.44,delayed,0.63,0.65,0.37,0.72,0.81,0.86,0.17,high,high_value,0.48,36,0,2.7,Excellent service under tough conditions,1,56.0
79bce7ab,2025-11-19,15.906233,88.075217,27.225368,86.261834,India,Kolkata,R7609,van,267,267,86.79,712.48,on-time,0.61,0.38,0.85,0.43,0.47,0.21,0.35,low,fragile,0.19,49,0,3.6,Late delivery and poor communication,1,29.0
9461d343,2025-12-04,24.525125,76.814402,25.515278,69.310322,India,Mumbai,R5892,van,90,90,34.25,296.95,on-time,0.69,0.57,0.89,0.52,0.61,0.61,0.74,medium,perishable,0.55,26,0,2.7,Delivery delayed but driver communicated well,1,57.0
a7e0a7ef,2025-11-12,25.477384,92.398209,11.784627,75.087065,India,Hyderabad,R7119,scooter,204,241,53.11,336.07,delayed,0.43,0.68,0.51,0.53,0.71,0.41,0.76,low,perishable,0.3,20,0,4.3,Excellent service under tough conditions,1,51.0
c832c75e,2025-11-19,17.170629,93.121198,24.907331,87.738521,India,Mumbai,R5841,bike,199,199,76.14,444.49,on-time,0.49,0.59,0.24,0.89,0.73,0.87,0.67,high,high_value,0.88,28,1,4.9,Rude behavior by driver,1,70.0
37ba3f6d,2025-11-20,36.278545,88.124517,28.772229,74.370151,India,Kolkata,R8886,bike,290,290,90.2,687.77,on-time,0.81,0.54,0.23,0.87,0.92,0.36,0.23,high,high_value,0.74,56,0,3.9,Driver was polite and professional,1,52.0
96d8e354,2025-11-26,28.48267,84.833288,26.559762,85.248784,India,Delhi,R7635,scooter,388,388,103.24,800.71,on-time,0.45,0.9,0.63,0.78,0.6,0.87,0.59,low,fragile,0.43,58,0,3.1,Delivery delayed but driver communicated well,1,58.0
1991f4f6,2025-12-15,11.699917,70.581281,30.913647,79.946086,India,Hyderabad,R2383,scooter,311,337,84.36,572.82,delayed,0.73,0.83,0.49,0.44,0.5,0.82,0.57,low,high_value,0.22,18,0,4.6,Handled package carefully,1,50.0
47032c21,2025-11-11,28.412676,96.038141,34.399502,91.385462,India,Kolkata,R2911,scooter,128,128,40.31,240.97,on-time,0.53,0.67,0.22,0.34,0.92,0.32,0.48,medium,fragile,0.73,15,1,4.6,Driver was polite and professional,1,56.0
8ad580bc,2026-01-02,32.886409,83.394491,24.812311,94.871141,India,Bengaluru,R2472,scooter,289,289,106.61,929.73,on-time,0.61,0.64,0.64,0.49,0.68,0.74,0.55,low,fragile,0.2,23,1,4.3,Delivery delayed but driver communicated well,1,53.0
918b1e1d,2025-12-28,28.604425,72.479916,22.957589,80.524125,India,Chennai,R7614,van,373,373,102.54,765.55,on-time,0.56,0.67,0.21,0.46,0.42,0.9,0.49,medium,perishable,0.25,27,0,4.0,Rude behavior by driver,1,49.0
110cc5e9,2025-11-24,30.070637,89.751034,20.795247,76.979172,India,Bengaluru,R2319,scooter,341,341,92.2,507.57,on-time,0.6,0.42,0.79,0.6,0.29,0.3,0.57,low,fragile,0.27,38,0,4.7,Excellent service under tough conditions,1,32.0
65940a6d,2025-12-28,9.344525,69.67778,27.340726,89.71997,India,Ahmedabad,R7607,bike,235,235,59.77,523.59,on-time,0.8,0.54,0.43,0.77,0.83,0.45,0.72,low,perishable,0.55,44,0,2.9,Handled package carefully,1,59.0
c9336599,2025-11-12,33.851938,90.040721,9.140318,91.484391,India,Chennai,R6357,bike,358,358,117.33,1041.51,on-time,0.56,0.32,0.23,0.81,0.47,0.52,0.11,medium,perishable,0.73,17,0,4.8,Handled package carefully,1,40.0
1b981f9b,2025-12-31,32.588177,89.699096,17.815794,72.002106,India,Bengaluru,R8606,van,221,261,81.07,574.89,delayed,0.71,0.59,0.64,0.81,0.7,0.34,0.75,low,perishable,0.35,43,0,4.9,Driver was polite and professional,1,50.0
a55c402b,2026-01-08,17.146546,75.572878,17.588568,70.092196,India,Delhi,R8180,van,105,105,36.81,295.23,on-time,0.66,0.63,0.5,0.52,0.55,0.11,0.14,high,high_value,0.17,48,1,4.7,Excellent service under tough conditions,1,25.0
7cae8fd6,2025-12-10,16.194019,85.107702,32.638882,83.982905,India,Chennai,R5671,van,125,125,39.59,210.65,on-time,0.77,0.44,0.93,0.71,0.35,0.28,0.07,low,perishable,0.47,32,1,3.1,Handled package carefully,1,26.0
5381c325,2025-12-06,13.167631,90.603217,27.97238,83.825913,India,Pune,R1914,bike,133,133,34.0,171.41,on-time,0.92,0.88,0.61,0.49,0.65,0.33,0.98,low,fragile,0.7,44,1,4.6,Delivery delayed but driver communicated well,1,58.0
1e542780,2025-12-25,20.680954,82.100631,24.104571,94.423466,India,Mumbai,R9575,bike,279,279,89.47,783.37,on-time,0.8,0.85,0.41,0.34,0.25,0.45,0.96,high,high_value,0.28,20,0,3.7,Late delivery and poor communication,1,42.0
ddaf7c6a,2025-12-30,21.830608,70.973988,36.766774,86.737961,India,Hyderabad,R9575,bike,182,182,45.71,323.09,on-time,0.52,0.73,0.73,0.72,0.51,0.24,0.06,medium,fragile,0.28,54,0,4.0,Rude behavior by driver,1,27.0
bb5a0fe7,2025-11-13,14.079562,77.176413,17.212712,72.532354,India,Delhi,R2910,bike,17,44,5.52,47.78,delayed,0.42,0.62,0.4,0.31,0.61,0.8,0.44,medium,high_value,0.86,55,0,4.6,Driver was polite and professional,1,60.0
69c61045,2025-12-22,22.059183,68.382791,9.906183,71.14157,India,Ahmedabad,R6508,van,146,146,49.58,403.07,on-time,0.54,0.82,0.88,0.55,0.53,0.66,0.19,low,fragile,0.86,32,0,2.6,Excellent service under tough conditions,1,49.0
3b61ee8c,2026-01-04,24.876008,90.141523,32.131579,93.836012,India,Delhi,R7738,scooter,57,88,18.84,113.36,delayed,0.73,0.38,0.48,0.5,0.76,0.17,0.49,medium,standard,0.89,8,0,3.4,Late delivery and poor communication,0,50.0
3054891b,2025-11-21,22.089601,69.243997,16.211615,85.832562,India,Hyderabad,R7824,bike,46,69,12.47,92.48,delayed,0.43,0.77,0.61,0.72,0.82,0.62,0.83,medium,standard,0.75,32,0,4.5,Late delivery and poor communication,1,68.0
fc250ab3,2025-11-27,22.750592,78.428693,9.719728,78.673088,India,Hyderabad,R3131,van,410,410,114.22,643.72,on-time,0.67,0.37,0.24,0.76,0.78,0.62,0.95,low,standard,0.25,16,0,4.5,Driver was polite and professional,1,62.0
f12d0c4d,2025-11-20,30.784865,94.998031,29.961981,71.51073,India,Ahmedabad,R7988,bike,362,362,114.64,846.51,on-time,0.73,0.78,0.52,0.48,0.23,0.86,0.63,high,fragile,0.27,20,0,4.6,Delivery delayed but driver communicated well,1,45.0
820e0cd9,2025-11-25,35.196766,89.338158,23.865218,87.086398,India,Hyderabad,R5577,van,168,168,49.91,358.37,on-time,0.58,0.47,0.82,0.79,0.35,0.1,0.35,medium,high_value,0.37,57,0,2.9,Excellent service under tough conditions,1,26.0
4eb8c930,2025-12-25,29.695754,68.980805,29.491052,68.245318,India,Ahmedabad,R2983,van,161,179,61.53,350.53,delayed,0.82,0.83,0.8,0.48,0.6,0.3,0.6,low,perishable,0.35,58,0,4.3,Rude behavior by driver,1,43.0
1d4f5c70,2026-01-02,11.218083,93.364306,22.816233,74.33684,India,Delhi,R9263,scooter,246,260,88.83,765.84,delayed,0.46,0.87,0.37,0.57,0.9,0.84,0.31,medium,perishable,0.87,53,0,2.9,Driver was polite and professional,1,67.0
0bc17abf,2025-12-01,36.574727,77.370168,12.261603,87.950791,India,Delhi,R5926,bike,170,170,46.47,389.53,on-time,0.44,0.39,0.37,0.74,0.83,0.85,0.91,medium,fragile,0.73,40,0,4.5,Excellent service under tough conditions,0,75.0
e2125985,2025-11-12,18.081443,80.380007,23.416106,86.606933,India,Hyderabad,R5011,bike,193,193,71.13,594.81,on-time,0.8,0.58,0.81,0.72,0.83,0.68,0.87,low,fragile,0.68,24,0,3.1,Late delivery and poor communication,0,70.0
d5be7c54,2025-12-25,35.978355,89.236976,10.47219,73.330079,India,Ahmedabad,R5273,bike,281,281,111.41,979.49,on-time,0.67,0.89,0.9,0.89,0.43,0.71,0.56,medium,fragile,0.25,30,0,4.3,Late delivery and poor communication,1,46.0
a4ff7d28,2025-12-06,8.413226,74.185255,10.45516,87.645478,India,Kolkata,R4385,van,392,424,109.16,861.62,delayed,0.78,0.59,0.27,0.44,0.52,0.17,0.32,low,fragile,0.83,30,1,3.6,Driver was polite and professional,1,39.0
59af1dd8,2025-11-13,8.391648,95.328234,10.390422,94.801433,India,Chennai,R1958,bike,363,378,93.77,665.22,delayed,0.64,0.82,0.54,0.7,0.55,0.51,0.29,medium,perishable,0.76,26,1,5.0,Excellent service under tough conditions,1,46.0
bb2b0691,2025-12-15,21.910469,89.989588,17.621842,83.500471,India,Chennai,R9140,bike,472,472,119.5,978.38,on-time,0.54,0.65,0.45,0.67,0.32,0.29,0.03,high,high_value,0.23,13,0,3.9,Late delivery and poor communication,1,21.0
3640a347,2025-12-23,28.812997,77.513001,17.692937,78.801372,India,Ahmedabad,R7540,bike,423,423,111.64,631.22,on-time,0.85,0.53,0.85,0.85,0.22,0.24,0.82,medium,perishable,0.8,9,0,4.1,Driver was polite and professional,1,41.0
77955f33,2026-01-03,36.764276,96.815819,23.164254,85.849754,India,Ahmedabad,R4042,scooter,333,333,87.11,514.04,on-time,0.84,0.47,0.26,0.39,0.91,0.75,0.45,high,fragile,0.32,21,0,3.4,Driver was polite and professional,1,60.0
041018bc,2025-12-17,10.306756,71.461475,9.059069,77.855242,India,Mumbai,R4200,van,106,122,41.03,254.59,delayed,0.78,0.42,0.36,0.75,0.38,0.21,0.33,low,standard,0.16,53,0,4.3,Rude behavior by driver,1,26.0
9ded7de4,2025-11-17,10.175533,92.147947,32.317791,80.616947,India,Bengaluru,R2199,scooter,303,303,107.11,691.8,on-time,0.55,0.76,0.76,0.64,0.38,0.47,0.47,medium,perishable,0.63,38,0,3.7,Driver was polite and professional,1,42.0
cf7a23ef,2026-01-07,36.087748,68.037986,22.894916,78.95958,India,Hyderabad,R7478,scooter,264,264,83.98,740.88,on-time,0.72,0.53,0.24,0.46,0.26,0.85,0.82,high,standard,0.62,6,0,2.5,Excellent service under tough conditions,1,55.0
d3dd6a49,2026-01-09,21.202065,69.755639,17.707477,68.004504,India,Chennai,R3654,scooter,310,330,104.0,577.07,delayed,0.6,0.61,0.57,0.58,0.9,0.25,0.12,medium,standard,0.18,57,0,4.0,Excellent service under tough conditions,1,38.0
8cde697e,2026-01-02,24.452776,91.218464,17.331796,68.361565,India,Ahmedabad,R9680,van,8,8,3.28,29.04,on-time,0.45,0.6,0.53,0.5,0.63,0.88,0.86,medium,fragile,0.36,59,0,4.6,Late delivery and poor communication,1,63.0
786eafd5,2025-12-16,23.008765,74.100896,9.474599,75.788235,India,Bengaluru,R5409,bike,225,251,67.72,409.6,delayed,0.9,0.65,0.45,0.65,0.7,0.9,0.9,low,perishable,0.89,11,1,3.1,Handled package carefully,0,75.0
6cfa7a03,2025-12-02,11.187681,70.216628,33.912698,93.085066,India,Bengaluru,R8921,scooter,12,30,4.56,25.93,delayed,0.48,0.82,0.5,0.83,0.88,0.54,0.95,low,high_value,0.64,40,0,3.1,Rude behavior by driver,1,68.0
aebeaa96,2025-12-07,36.663928,69.500712,25.77147,86.03847,India,Pune,R7632,bike,184,184,56.54,439.49,on-time,0.92,0.89,0.6,0.64,0.46,0.24,0.4,low,perishable,0.68,17,0,4.0,Excellent service under tough conditions,1,38.0
f61798d4,2025-12-18,17.146683,91.412382,27.789578,91.113763,India,Ahmedabad,R2141,van,229,248,59.97,514.66,delayed,0.65,0.54,0.32,0.68,0.67,0.35,0.22,high,high_value,0.27,24,1,4.5,Late delivery and poor communication,1,37.0
baffd9f0,2025-11-25,11.694497,80.961395,29.280779,69.822791,India,Mumbai,R8107,bike,95,95,25.64,180.75,on-time,0.5,0.8,0.63,0.61,0.23,0.44,0.37,low,high_value,0.16,34,1,3.1,Late delivery and poor communication,1,28.0
8fa75b48,2025-12-03,10.931605,79.352554,10.570669,71.768892,India,Kolkata,R4681,bike,257,274,86.89,539.26,delayed,0.7,0.76,0.8,0.33,0.34,0.35,0.33,high,fragile,0.32,34,0,4.8,Rude behavior by driver,1,30.0
7a0c7013,2025-12-25,36.27301,81.385454,31.448321,72.846576,India,Kolkata,R6527,scooter,91,91,27.36,149.39,on-time,0.88,0.64,0.77,0.44,0.82,0.32,0.18,medium,high_value,0.3,15,1,4.8,Rude behavior by driver,1,41.0
e3e01978,2026-01-08,24.673902,81.120175,19.829462,89.425728,India,Delhi,R6664,van,80,80,27.58,197.15,on-time,0.8,0.87,0.32,0.6,0.78,0.88,0.61,low,perishable,0.29,35,0,3.0,Late delivery and poor communication,1,62.0
c67a4b07,2025-11-27,23.187684,68.653433,16.207266,85.448514,India,Pune,R7796,bike,188,188,62.41,433.57,on-time,0.84,0.42,0.31,0.49,0.46,0.22,0.48,medium,perishable,0.25,7,0,3.2,Handled package carefully,1,33.0
ca25c49e,2025-11-19,33.350572,76.646896,35.769373,78.369351,India,Kolkata,R4074,van,71,71,20.71,173.51,on-time,0.76,0.37,0.4,0.41,0.48,0.69,0.87,high,standard,0.56,6,0,4.3,Delivery delayed but driver communicated well,1,57.0
79312416,2025-11-26,13.870427,93.763526,36.164015,71.385214,India,Hyderabad,R3634,bike,191,191,48.74,296.74,on-time,0.78,0.81,0.47,0.6,0.6,0.1,0.03,high,high_value,0.36,52,0,4.9,Late delivery and poor communication,1,26.0
1111591f,2025-11-27,23.383155,88.236805,16.115684,77.080893,India,Delhi,R7212,van,121,121,41.34,318.86,on-time,0.87,0.56,0.51,0.49,0.2,0.58,0.64,low,fragile,0.76,7,0,4.3,Rude behavior by driver,1,45.0
67b6a104,2025-12-12,32.95167,75.347956,25.960479,70.973224,India,Mumbai,R3950,bike,232,232,78.04,484.03,on-time,0.54,0.81,0.71,0.45,0.38,0.83,0.76,low,fragile,0.25,19,0,3.6,Driver was polite and professional,1,51.0
aecaf269,2026-01-05,34.481877,91.158428,21.101925,88.154896,India,Pune,R2653,scooter,53,53,17.41,140.3,on-time,0.67,0.84,0.24,0.58,0.36,0.33,0.76,low,perishable,0.47,21,0,2.9,Driver was polite and professional,1,41.0
787958a3,2025-12-23,36.139294,78.883839,15.197064,85.470837,India,Pune,R3131,bike,354,385,90.42,760.07,delayed,0.52,0.34,0.23,0.38,0.39,0.25,0.89,low,high_value,0.11,52,0,3.7,Rude behavior by driver,1,37.0
fb057918,2025-11-29,26.750153,75.237119,13.406371,72.587885,India,Chennai,R1325,bike,209,209,62.3,459.46,on-time,0.94,0.83,0.49,0.86,0.8,0.62,0.73,medium,fragile,0.49,56,0,4.0,Rude behavior by driver,1,61.0
25181772,2025-12-25,21.579643,74.289639,27.761666,79.554811,India,Kolkata,R7859,scooter,100,100,27.33,214.36,on-time,0.92,0.57,0.72,0.82,0.41,0.67,0.93,high,high_value,0.14,11,1,3.3,Delivery delayed but driver communicated well,1,50.0
0cdd7d6e,2025-12-15,30.327546,93.131484,13.145207,81.783722,India,Mumbai,R4582,van,130,130,38.74,295.6,on-time,0.42,0.61,0.35,0.72,0.34,0.65,0.33,low,high_value,0.88,52,0,3.8,Excellent service under tough conditions,1,46.0
cc7eda01,2025-12-26,22.956626,92.81397,27.409445,82.574979,India,Delhi,R8957,van,195,195,71.45,374.91,on-time,0.79,0.68,0.68,0.36,0.58,0.36,0.5,medium,standard,0.73,9,0,2.8,Rude behavior by driver,1,47.0
eb4075fe,2026-01-07,30.890466,70.324378,12.831253,71.406665,India,Chennai,R2414,van,56,56,19.13,164.04,on-time,0.91,0.86,0.39,0.77,0.85,0.3,0.01,medium,fragile,0.49,38,0,3.6,Driver was polite and professional,1,41.0
0f652328,2025-12-04,16.005781,85.888309,8.546681,92.22928,India,Bengaluru,R6024,scooter,20,20,5.28,42.57,on-time,0.5,0.31,0.86,0.78,0.38,0.86,0.01,low,standard,0.17,37,0,2.7,Handled package carefully,1,36.0
c02bf38b,2026-01-01,8.640999,69.306928,36.891695,83.818425,India,Delhi,R5374,scooter,154,154,40.54,344.45,on-time,0.71,0.59,0.87,0.76,0.26,0.84,0.24,low,fragile,0.57,58,0,2.6,Rude behavior by driver,1,42.0
d3ea731f,2025-12-18,33.282601,82.761096,19.50713,88.951457,India,Kolkata,R6117,bike,322,322,105.88,587.71,on-time,0.9,0.71,0.42,0.37,0.47,0.47,0.1,medium,high_value,0.71,49,0,4.6,Delivery delayed but driver communicated well,1,38.0
3abe5104,2025-11-25,28.18636,85.626826,33.670991,83.253741,India,Kolkata,R1173,bike,27,53,8.34,71.9,delayed,0.42,0.73,0.37,0.69,0.76,0.78,0.26,high,fragile,0.25,20,1,3.0,Handled package carefully,1,51.0
221915ad,2025-11-30,16.98776,91.584357,10.609305,81.431588,India,Delhi,R1270,scooter,437,457,115.36,680.11,delayed,0.78,0.72,0.51,0.8,0.61,0.46,0.18,medium,perishable,0.55,41,0,3.9,Delivery delayed but driver communicated well,1,42.0
8adb2355,2025-12-16,25.686756,93.604615,27.690947,81.066001,India,Pune,R6817,bike,51,51,13.41,69.49,on-time,0.56,0.38,0.38,0.65,0.81,0.44,0.03,low,high_value,0.75,7,0,2.9,Handled package carefully,1,47.0
1a3f0d78,2026-01-09,19.475674,79.550974,31.786394,68.711056,India,Bengaluru,R6311,scooter,219,219,78.24,491.93,on-time,0.91,0.48,0.7,0.69,0.92,0.23,0.91,low,fragile,0.71,51,0,3.2,Rude behavior by driver,0,62.0
3200581e,2026-01-09,12.917954,85.616654,13.109267,89.782063,India,Mumbai,R6902,bike,139,139,45.93,411.07,on-time,0.93,0.52,0.82,0.58,0.79,0.44,0.01,low,standard,0.74,52,0,3.4,Driver was polite and professional,1,46.0
8ac25336,2025-11-14,32.193103,85.38877,32.411297,90.374547,India,Pune,R4267,scooter,74,74,19.18,97.01,on-time,0.92,0.78,0.7,0.62,0.65,0.53,0.74,medium,standard,0.8,47,0,2.9,Handled package carefully,1,60.0
3d1ba240,2025-11-20,27.97845,78.959069,12.991819,68.663688,India,Ahmedabad,R7608,van,56,95,20.49,120.35,delayed,0.66,0.47,0.82,0.32,0.57,0.12,0.15,high,high_value,0.85,55,1,2.6,Late delivery and poor communication,1,36.0
7d4c75cc,2025-12-25,30.614162,93.186955,10.000935,70.908331,India,Kolkata,R3238,bike,204,204,79.58,647.03,on-time,0.87,0.43,0.5,0.68,0.23,0.46,0.91,low,standard,0.42,54,1,4.7,Excellent service under tough conditions,1,43.0
cd321cb1,2025-12-11,29.619976,76.563759,31.710243,89.746457,India,Ahmedabad,R4432,bike,299,299,95.32,837.59,on-time,0.86,0.87,0.32,0.35,0.94,0.73,0.89,high,high_value,0.56,25,0,2.5,Delivery delayed but driver communicated well,1,73.0
57dfb839,2025-12-06,29.419141,83.49915,29.855385,93.135561,India,Ahmedabad,R5356,van,308,308,107.56,635.77,on-time,0.58,0.31,0.75,0.56,0.49,0.64,0.65,medium,high_value,0.73,45,0,2.7,Handled package carefully,1,55.0
78248ca8,2025-11-20,18.554116,79.768277,33.487479,76.425908,India,Ahmedabad,R8948,scooter,204,204,76.1,535.9,on-time,0.86,0.9,0.47,0.48,0.31,0.61,0.67,medium,high_value,0.66,12,1,4.5,Delivery delayed but driver communicated well,1,48.0
8e7440a5,2026-01-06,21.892998,82.836107,30.321944,83.979842,India,Chennai,R8157,van,366,366,92.36,757.45,on-time,0.42,0.71,0.7,0.63,0.7,0.83,0.01,high,fragile,0.9,26,0,3.2,Driver was polite and professional,1,55.0
1d483bfd,2025-12-22,23.131898,71.194781,16.846123,74.563431,India,Pune,R7599,van,303,303,93.76,819.53,on-time,0.73,0.8,0.4,0.38,0.41,0.11,0.98,low,high_value,0.11,55,0,4.3,Delivery delayed but driver communicated well,1,36.0
8bed24d4,2025-12-14,36.021023,76.737872,16.001201,73.096875,India,Chennai,R9759,bike,137,137,46.97,391.72,on-time,0.53,0.48,0.26,0.71,0.64,0.55,0.88,high,standard,0.38,58,1,2.9,Delivery delayed but driver communicated well,1,56.0
b33cb236,2025-12-28,34.698447,79.331534,33.926946,82.614719,India,Ahmedabad,R7429,van,299,299,109.85,833.36,on-time,0.47,0.31,0.94,0.78,0.64,0.73,0.9,low,perishable,0.32,9,0,3.1,Late delivery and poor communication,1,60.0
542a67e2,2025-12-29,30.556369,89.433954,22.767304,78.52602,India,Delhi,R5902,van,444,444,117.57,800.4,on-time,0.44,0.74,0.32,0.4,0.53,0.53,0.66,low,fragile,0.31,21,0,3.9,Delivery delayed but driver communicated well,1,47.0
3f8079ac,2025-12-03,13.221585,72.344459,20.593843,71.500696,India,Hyderabad,R3357,scooter,161,161,40.64,346.72,on-time,0.78,0.8,0.94,0.36,0.83,0.36,0.34,high,standard,0.28,41,0,5.0,Handled package carefully,1,45.0
3674367c,2025-11-25,8.646622,88.667782,19.927392,90.62359,India,Bengaluru,R9415,bike,335,335,93.79,477.09,on-time,0.59,0.74,0.93,0.39,0.4,0.21,0.89,high,high_value,0.67,18,0,2.7,Delivery delayed but driver communicated well,1,45.0
8b3625cb,2025-11-14,31.914377,69.60817,24.206879,95.97136,India,Bengaluru,R8298,scooter,141,141,47.86,253.0,on-time,0.8,0.39,0.8,0.83,0.54,0.81,0.29,medium,high_value,0.17,43,0,3.5,Rude behavior by driver,1,45.0
a6891d5c,2025-11-21,34.875316,85.943113,13.537538,95.967212,India,Mumbai,R3962,van,233,261,89.25,725.17,delayed,0.44,0.75,0.69,0.62,0.6,0.48,0.56,medium,perishable,0.69,45,1,2.6,Delivery delayed but driver communicated well,1,52.0
3625159d,2026-01-07,35.607564,95.9561,13.769928,72.3589,India,Mumbai,R9199,van,286,286,100.68,589.24,on-time,0.57,0.76,0.63,0.58,0.7,0.8,0.1,medium,standard,0.65,32,0,3.0,Rude behavior by driver,1,53.0
5375df43,2026-01-06,8.094967,92.676271,32.670256,84.722121,India,Delhi,R6911,scooter,321,321,90.66,781.19,on-time,0.7,0.7,0.85,0.36,0.79,0.57,0.92,high,fragile,0.3,35,0,4.8,Excellent service under tough conditions,1,61.0
f09b4be8,2025-11-30,22.171809,76.441811,36.036393,79.783235,India,Kolkata,R1271,bike,218,218,68.31,548.47,on-time,0.83,0.76,0.42,0.69,0.5,0.64,0.14,low,standard,0.3,21,0,2.7,Delivery delayed but driver communicated well,1,38.0
3a373250,2025-11-13,24.334195,69.879342,18.724512,82.223228,India,Mumbai,R5939,scooter,375,375,111.41,682.57,on-time,0.58,0.81,0.55,0.82,0.68,0.74,0.22,high,high_value,0.6,39,0,4.6,Excellent service under tough conditions,1,52.0
664ff953,2025-11-13,25.127091,92.256025,33.824173,91.354371,India,Pune,R7275,bike,91,91,27.25,140.15,on-time,0.74,0.67,0.66,0.8,0.31,0.63,0.56,medium,fragile,0.71,44,0,2.9,Delivery delayed but driver communicated well,1,47.0
6838beed,2025-12-22,11.758852,80.713698,18.516664,92.351179,India,Mumbai,R4586,scooter,445,445,118.87,639.71,on-time,0.89,0.35,0.51,0.68,0.9,0.42,0.76,medium,high_value,0.8,26,1,4.7,Handled package carefully,0,65.0
143bc3b3,2025-12-23,34.510039,73.990936,24.723464,70.58905,India,Mumbai,R7676,bike,37,37,11.29,65.06,on-time,0.74,0.59,0.52,0.35,0.49,0.51,0.62,medium,high_value,0.78,49,0,3.8,Rude behavior by driver,1,52.0
c9279cef,2025-11-26,31.676001,95.381173,19.891617,93.010085,India,Bengaluru,R7376,scooter,353,353,99.43,625.48,on-time,0.53,0.35,0.45,0.37,0.75,0.74,0.23,medium,standard,0.87,52,0,4.7,Excellent service under tough conditions,1,59.0
e5c71ae3,2025-12-06,22.160849,68.074978,9.022198,96.146446,India,Ahmedabad,R5712,bike,368,368,113.03,665.0,on-time,0.41,0.54,0.62,0.33,0.22,0.4,0.0,high,perishable,0.57,57,0,2.9,Excellent service under tough conditions,1,25.0
b3c92c76,2025-12-18,16.806938,89.551221,8.365722,78.781793,India,Delhi,R2404,van,431,464,110.87,936.82,delayed,0.88,0.54,0.84,0.45,0.35,0.41,0.76,medium,high_value,0.83,33,1,4.4,Rude behavior by driver,1,48.0
5fb1f183,2025-12-02,21.623006,69.36888,19.111225,92.016238,India,Ahmedabad,R4221,van,112,112,35.52,256.6,on-time,0.41,0.34,0.35,0.38,0.57,0.18,0.99,high,standard,0.75,14,0,4.2,Late delivery and poor communication,0,53.0
ef5a3c0b,2025-12-29,20.96909,70.21758,12.641339,84.342266,India,Mumbai,R9821,scooter,289,289,93.41,791.36,on-time,0.88,0.51,0.9,0.46,0.86,0.83,0.81,low,fragile,0.82,22,0,3.9,Delivery delayed but driver communicated well,0,75.0
df061aba,2025-12-20,22.511,87.99672,24.489778,77.510321,India,Mumbai,R1263,bike,318,318,86.34,743.4,on-time,0.69,0.37,0.72,0.53,0.6,0.17,0.46,medium,perishable,0.11,39,0,4.5,Delivery delayed but driver communicated well,1,33.0
e459d17a,2025-12-11,12.325482,76.044297,29.471953,81.345451,India,Chennai,R7842,bike,22,39,8.92,56.07,delayed,0.92,0.78,0.82,0.87,0.9,0.62,0.9,high,high_value,0.87,48,0,4.1,Handled package carefully,0,74.0
b04cc2c8,2025-11-21,34.125544,86.905921,12.872293,88.608095,India,Ahmedabad,R8695,bike,310,336,92.82,735.37,delayed,0.84,0.87,0.62,0.67,0.56,0.43,0.41,medium,high_value,0.48,20,1,4.7,Late delivery and poor communication,1,43.0
6e9a5a02,2025-11-23,25.877268,73.270987,8.864547,75.794823,India,Ahmedabad,R4373,scooter,163,163,42.06,348.43,on-time,0.95,0.34,0.78,0.8,0.57,0.42,0.52,medium,fragile,0.74,54,0,3.5,Late delivery and poor communication,1,49.0
ae6d4a5a,2025-12-05,21.14262,79.070961,34.512437,85.847633,India,Pune,R3996,van,136,136,39.54,244.92,on-time,0.59,0.87,0.21,0.73,0.29,0.64,0.48,medium,standard,0.2,53,0,4.0,Handled package carefully,1,37.0
81e480b9,2025-12-02,10.77924,74.82016,25.543219,94.668834,India,Mumbai,R5313,scooter,295,295,80.16,443.02,on-time,0.82,0.61,0.81,0.37,0.8,0.15,0.45,high,high_value,0.42,11,1,4.7,Excellent service under tough conditions,1,43.0
31ea93f8,2025-12-30,27.941486,82.929132,8.74944,68.182082,India,Pune,R3886,bike,65,65,24.08,137.68,on-time,0.62,0.48,0.23,0.74,0.39,0.57,0.78,high,fragile,0.32,34,1,3.0,Rude behavior by driver,1,46.0
c38022b8,2025-12-31,21.567721,90.640919,10.081636,81.146968,India,Delhi,R1355,van,211,234,73.23,414.9,delayed,0.66,0.35,0.87,0.47,0.87,0.72,0.53,low,high_value,0.33,23,0,3.7,Excellent service under tough conditions,1,60.0
fd38345c,2025-12-15,12.157694,92.723128,35.356215,72.124785,India,Bengaluru,R1202,van,266,266,76.85,603.03,on-time,0.75,0.6,0.94,0.68,0.88,0.76,0.32,high,standard,0.2,59,0,4.9,Driver was polite and professional,1,55.0
05219d2a,2026-01-01,14.953052,80.041234,19.249298,71.367772,India,Mumbai,R9265,bike,348,378,96.22,525.15,delayed,0.88,0.78,0.42,0.5,0.91,0.24,0.26,medium,perishable,0.74,27,0,3.7,Handled package carefully,1,50.0
dad1a73d,2025-11-29,17.337485,91.609685,22.460962,82.949947,India,Hyderabad,R9680,scooter,20,20,6.63,38.62,on-time,0.94,0.72,0.36,0.9,0.59,0.82,0.04,low,standard,0.11,12,0,3.1,Rude behavior by driver,1,41.0
b571927d,2025-11-13,14.074212,82.752123,27.979047,85.459542,India,Bengaluru,R7441,van,19,19,6.76,39.94,on-time,0.82,0.33,0.77,0.46,0.71,0.62,0.58,high,standard,0.35,21,1,3.4,Excellent service under tough conditions,1,54.0
9256dd92,2025-12-14,15.530894,79.791271,21.865111,75.388511,India,Kolkata,R6432,bike,65,100,25.71,163.02,delayed,0.63,0.34,0.39,0.47,0.78,0.81,0.23,medium,standard,0.24,25,1,4.7,Excellent service under tough conditions,1,52.0
d7b800ea,2025-11-25,29.874877,80.148698,30.514363,72.210165,India,Chennai,R6064,scooter,218,218,86.13,607.82,on-time,0.63,0.54,0.85,0.86,0.3,0.49,0.15,high,fragile,0.57,30,0,4.9,Late delivery and poor communication,1,33.0
b2438c61,2025-11-21,32.07706,85.826483,25.003681,87.476493,India,Pune,R4468,van,46,81,16.05,108.34,delayed,0.81,0.48,0.28,0.31,0.65,0.53,0.65,low,high_value,0.3,32,0,4.9,Handled package carefully,1,50.0
cb3f4a1b,2025-11-21,8.106968,70.186674,29.518734,80.04905,India,Kolkata,R9255,scooter,394,415,108.31,557.89,delayed,0.53,0.44,0.29,0.72,0.23,0.84,0.68,low,perishable,0.31,43,0,4.2,Driver was polite and professional,1,46.0
601a4c7a,2025-12-01,15.989126,78.90579,30.286059,69.21342,India,Bengaluru,R3231,scooter,170,192,62.6,456.14,delayed,0.46,0.47,0.93,0.74,0.57,0.82,0.75,medium,fragile,0.49,37,0,3.8,Delivery delayed but driver communicated well,1,60.0
1c961d8d,2025-12-23,35.966996,90.622623,20.155549,88.177539,India,Delhi,R4361,scooter,73,73,19.86,134.57,on-time,0.6,0.78,0.71,0.8,0.32,0.46,0.5,low,standard,0.62,44,1,3.0,Handled package carefully,1,40.0
737469ec,2025-11-30,24.180241,89.456166,24.694623,83.634023,India,Bengaluru,R7307,bike,284,284,82.75,594.3,on-time,0.56,0.86,0.84,0.88,0.34,0.32,0.89,high,perishable,0.2,23,0,2.8,Driver was polite and professional,1,39.0
7892667e,2026-01-07,26.930991,87.620823,31.338407,80.873133,India,Kolkata,R2121,van,402,402,107.74,701.96,on-time,0.56,0.54,0.44,0.89,0.47,0.41,0.94,low,standard,0.24,33,0,2.6,Driver was polite and professional,1,47.0
308b1a65,2025-11-15,13.829433,94.377359,22.144687,82.929244,India,Pune,R8017,bike,69,101,19.88,166.42,delayed,0.53,0.84,0.71,0.34,0.52,0.41,0.81,medium,standard,0.3,24,0,2.5,Handled package carefully,1,47.0
76120744,2025-12-13,23.623257,88.697654,8.387455,78.319921,India,Kolkata,R7783,scooter,87,87,33.66,268.25,on-time,0.42,0.49,0.65,0.79,0.67,0.33,0.64,low,standard,0.88,24,1,4.7,Rude behavior by driver,1,54.0
fe19a0e4,2025-11-19,22.875256,75.841615,32.269989,92.288013,India,Bengaluru,R8158,scooter,240,240,93.51,789.85,on-time,0.41,0.59,0.65,0.69,0.26,0.31,0.3,low,perishable,0.42,14,0,4.5,Handled package carefully,1,28.0
c9ee3bf4,2025-11-27,20.322457,71.780622,33.868883,84.491376,India,Ahmedabad,R5792,van,75,75,26.04,200.33,on-time,0.94,0.44,0.71,0.69,0.58,0.79,0.98,high,high_value,0.58,16,1,3.9,Excellent service under tough conditions,1,65.0
bce46234,2025-11-26,27.4826,71.612368,28.585972,81.73428,India,Bengaluru,R9229,bike,365,388,95.34,498.6,delayed,0.64,0.68,0.63,0.38,0.34,0.16,0.27,low,standard,0.29,37,1,5.0,Late delivery and poor communication,1,24.0
8ae49942,2025-12-05,15.128074,94.683531,27.90861,85.156675,India,Kolkata,R4800,scooter,298,298,85.77,431.84,on-time,0.61,0.89,0.52,0.69,0.63,0.64,0.2,medium,high_value,0.49,29,0,4.9,Excellent service under tough conditions,1,46.0
1ebf2b6d,2026-01-02,8.310564,85.358312,33.315616,93.267227,India,Pune,R1834,van,205,205,74.03,585.55,on-time,0.77,0.66,0.41,0.89,0.68,0.24,0.44,high,perishable,0.16,29,0,4.1,Driver was polite and professional,1,38.0
6862e22f,2025-12-16,28.593045,87.069015,23.417561,68.723505,India,Hyderabad,R5029,van,266,266,91.55,754.18,on-time,0.52,0.51,0.78,0.85,0.62,0.38,0.06,medium,perishable,0.13,57,0,3.7,Driver was polite and professional,1,31.0
c738412c,2025-12-10,30.68669,90.026555,34.772069,83.130757,India,Delhi,R5696,scooter,21,59,6.57,48.52,delayed,0.92,0.69,0.37,0.56,0.75,0.15,0.98,high,standard,0.47,8,0,2.9,Delivery delayed but driver communicated well,1,53.0
7ec26547,2025-12-03,24.898113,94.419699,28.466,76.934593,India,Hyderabad,R4700,van,382,382,111.97,997.82,on-time,0.83,0.37,0.72,0.32,0.45,0.32,0.59,low,high_value,0.42,8,1,3.8,Driver was polite and professional,1,40.0
324c6aa7,2025-12-31,30.589179,96.8989,32.16023,94.567457,India,Chennai,R5301,scooter,327,339,112.08,728.83,delayed,0.45,0.83,0.37,0.52,0.77,0.71,0.56,low,high_value,0.21,13,0,2.9,Delivery delayed but driver communicated well,1,55.0
0d9b2070,2026-01-01,33.049822,90.032336,24.674644,86.744784,India,Bengaluru,R1327,scooter,182,194,46.36,357.76,delayed,0.63,0.6,0.67,0.8,0.52,0.81,0.66,high,standard,0.65,19,0,3.5,Driver was polite and professional,1,59.0
6f541501,2025-12-24,19.392117,73.476364,15.899805,83.684474,India,Bengaluru,R8995,bike,173,173,62.46,489.28,on-time,0.88,0.57,0.76,0.72,0.56,0.28,0.5,medium,fragile,0.89,30,0,4.9,Driver was polite and professional,1,47.0
52fc0951,2025-11-28,20.777935,69.895264,9.743863,94.891419,India,Mumbai,R9193,van,182,182,53.95,294.73,on-time,0.92,0.65,0.36,0.58,0.69,0.47,0.03,medium,fragile,0.42,19,0,3.4,Handled package carefully,1,39.0
63f14cd2,2025-11-24,26.216883,94.555197,11.582457,95.047963,India,Hyderabad,R8295,scooter,323,323,94.72,574.12,on-time,0.66,0.67,0.24,0.33,0.21,0.48,0.61,medium,perishable,0.6,30,0,2.9,Handled package carefully,1,40.0
2bc5a038,2025-11-22,27.325156,75.424945,13.600523,89.01543,India,Delhi,R4873,scooter,53,53,17.36,95.33,on-time,0.74,0.34,0.3,0.56,0.69,0.8,0.72,medium,perishable,0.87,32,0,4.0,Late delivery and poor communication,0,68.0
e9cac928,2025-12-28,17.148068,78.864191,36.527389,76.125437,India,Delhi,R8327,van,339,374,88.57,508.55,delayed,0.49,0.71,0.65,0.58,0.66,0.71,0.42,low,fragile,0.77,11,0,4.0,Excellent service under tough conditions,1,58.0
0fd0e19b,2025-12-12,15.669437,87.012524,17.017816,77.198166,India,Delhi,R8342,bike,142,174,47.15,389.32,delayed,0.95,0.45,0.84,0.86,0.43,0.51,0.76,high,fragile,0.47,36,0,3.0,Rude behavior by driver,1,48.0
b47b2809,2025-12-09,28.000105,89.52132,21.800064,90.170093,India,Hyderabad,R4001,scooter,149,160,52.01,426.64,delayed,0.53,0.73,0.23,0.68,0.26,0.64,0.23,medium,fragile,0.69,16,0,3.0,Late delivery and poor communication,1,39.0
95f0f2d1,2025-12-23,21.833508,95.137623,27.757979,83.968613,India,Delhi,R3412,bike,67,93,23.33,177.54,delayed,0.92,0.79,0.75,0.49,0.27,0.78,0.22,medium,standard,0.2,39,0,5.0,Driver was polite and professional,1,35.0
5fe3f15f,2025-12-16,25.228048,71.813992,12.228843,82.169462,India,Ahmedabad,R4814,van,328,328,88.84,701.99,on-time,0.76,0.78,0.46,0.62,0.89,0.11,0.16,high,standard,0.51,56,0,3.1,Late delivery and poor communication,1,40.0
8f71f0a7,2026-01-01,18.886203,74.888676,23.077225,71.653446,India,Delhi,R5303,scooter,194,217,61.6,468.14,delayed,0.73,0.63,0.56,0.34,0.72,0.42,0.37,low,standard,0.32,36,1,4.6,Handled package carefully,1,44.0
92c224c0,2026-01-02,19.415445,92.021305,29.71362,95.683878,India,Hyderabad,R7440,scooter,249,249,71.83,423.82,on-time,0.68,0.61,0.9,0.88,0.3,0.83,0.85,low,standard,0.23,13,0,3.7,Excellent service under tough conditions,1,50.0
c7afce16,2025-12-23,31.687707,87.788679,19.899404,84.662991,India,Pune,R9750,scooter,165,165,52.13,262.36,on-time,0.53,0.39,0.45,0.52,0.47,0.69,0.83,high,standard,0.44,18,0,3.6,Driver was polite and professional,1,55.0
eb7c8640,2025-12-11,28.953768,84.141803,11.514893,73.321786,India,Chennai,R3028,bike,73,111,25.5,220.44,delayed,0.5,0.77,0.55,0.59,0.64,0.53,0.38,high,standard,0.2,17,0,3.2,Driver was polite and professional,1,43.0
4c3f782d,2026-01-03,8.814375,80.957038,22.025871,85.81194,India,Mumbai,R2763,van,92,110,31.09,211.21,delayed,0.52,0.46,0.21,0.51,0.83,0.52,0.59,medium,perishable,0.66,48,0,4.4,Late delivery and poor communication,1,60.0
b18e7d72,2025-12-14,28.839558,92.563688,14.117496,73.5007,India,Ahmedabad,R3861,bike,257,257,64.66,334.66,on-time,0.5,0.6,0.26,0.71,0.23,0.38,0.72,low,high_value,0.46,37,0,4.7,Excellent service under tough conditions,1,38.0
05aaa84e,2025-11-17,16.868199,69.451639,33.110531,78.170413,India,Pune,R9895,bike,63,63,16.9,131.09,on-time,0.83,0.47,0.39,0.7,0.38,0.52,0.24,low,perishable,0.52,36,1,3.2,Delivery delayed but driver communicated well,1,37.0
b13d73cd,2025-11-24,24.562936,94.40269,29.281418,94.726503,India,Kolkata,R9561,scooter,296,296,80.38,624.19,on-time,0.59,0.38,0.22,0.73,0.87,0.62,0.17,medium,high_value,0.22,23,0,2.7,Rude behavior by driver,1,48.0
b392b01c,2025-11-17,8.853751,71.289956,33.614386,77.501883,India,Ahmedabad,R3371,bike,278,278,101.34,701.62,on-time,0.43,0.68,0.67,0.46,0.21,0.43,0.97,low,perishable,0.21,34,0,2.8,Excellent service under tough conditions,1,40.0
84e471a4,2025-11-17,16.22298,72.910816,24.278558,82.015395,India,Chennai,R6950,van,46,75,18.31,159.19,delayed,0.93,0.33,0.52,0.49,0.35,0.67,0.62,high,perishable,0.57,20,0,4.5,Late delivery and poor communication,1,48.0
7b8bc081,2025-11-27,24.646142,94.031285,35.669274,96.099254,India,Hyderabad,R2909,bike,91,91,35.66,269.74,on-time,0.89,0.75,0.61,0.38,0.92,0.79,0.98,high,standard,0.89,16,0,3.6,Late delivery and poor communication,0,80.0
075494ba,2026-01-05,35.147894,85.708702,34.438829,89.297353,India,Kolkata,R7305,van,379,407,99.08,624.85,delayed,0.91,0.49,0.33,0.69,0.66,0.22,0.34,high,standard,0.18,14,0,2.8,Rude behavior by driver,1,35.0
4b625122,2025-12-17,25.821289,86.532755,31.016108,77.442394,India,Mumbai,R3666,scooter,339,370,107.83,746.33,delayed,0.95,0.3,0.42,0.32,0.4,0.46,0.7,low,high_value,0.33,6,0,3.4,Driver was polite and professional,1,42.0
d678609d,2025-12-30,34.487283,77.455197,33.381459,90.606263,India,Pune,R3993,bike,323,323,95.26,553.69,on-time,0.5,0.61,0.7,0.66,0.25,0.43,0.22,high,high_value,0.8,22,1,3.8,Driver was polite and professional,1,35.0
573a0665,2025-12-13,17.829204,85.594087,18.978311,91.476266,India,Bengaluru,R3673,bike,190,190,58.34,503.45,on-time,0.62,0.33,0.92,0.82,0.22,0.65,0.26,low,standard,0.16,17,0,4.6,Delivery delayed but driver communicated well,1,30.0
ab32bc14,2026-01-06,19.029016,79.738022,29.982494,76.764169,India,Ahmedabad,R1862,van,235,235,63.29,384.03,on-time,0.82,0.47,0.24,0.83,0.38,0.3,0.51,low,perishable,0.8,33,0,4.1,Late delivery and poor communication,1,41.0
b74a4a36,2025-12-04,12.763447,90.667232,9.327892,86.659795,India,Kolkata,R5657,van,395,395,111.24,899.97,on-time,0.78,0.72,0.87,0.57,0.86,0.61,0.32,low,high_value,0.52,28,1,2.9,Rude behavior by driver,1,55.0
dbce8c5c,2025-12-20,23.040644,68.858818,31.919121,75.143311,India,Kolkata,R1556,bike,136,136,34.31,212.04,on-time,0.48,0.34,0.63,0.58,0.51,0.8,0.17,low,fragile,0.43,42,1,2.9,Late delivery and poor communication,1,45.0
f33d21cb,2025-11-16,15.326757,87.49215,20.048662,70.703323,India,Bengaluru,R2478,van,154,154,38.69,259.98,on-time,0.85,0.8,0.62,0.35,0.74,0.43,0.26,high,fragile,0.35,16,1,3.5,Handled package carefully,1,43.0
f57568ae,2025-12-12,15.649889,90.639832,36.713581,84.919677,India,Kolkata,R8494,van,312,312,110.11,659.24,on-time,0.52,0.3,0.58,0.7,0.89,0.83,0.04,low,fragile,0.34,33,0,2.7,Late delivery and poor communication,1,53.0
97344528,2025-12-25,31.573484,84.692106,32.254901,69.433922,India,Pune,R4703,scooter,258,258,77.8,390.02,on-time,0.52,0.45,0.25,0.79,0.51,0.89,0.7,low,high_value,0.34,26,0,4.4,Late delivery and poor communication,1,57.0
2fddcf8b,2026-01-06,28.614387,94.071033,28.473348,80.127159,India,Pune,R3394,scooter,281,281,95.04,836.89,on-time,0.7,0.74,0.27,0.45,0.34,0.18,0.49,high,standard,0.81,40,1,3.5,Handled package carefully,1,37.0
3cd788a4,2025-11-14,8.176601,91.265037,20.370894,85.481991,India,Delhi,R2617,van,269,269,93.71,820.52,on-time,0.73,0.49,0.65,0.55,0.59,0.29,0.09,low,standard,0.68,5,0,3.4,Handled package carefully,1,37.0
aef19aaf,2025-11-11,11.255155,88.483749,17.038453,80.238495,India,Bengaluru,R2170,bike,321,334,104.49,844.29,delayed,0.72,0.36,0.46,0.8,0.88,0.86,0.17,high,standard,0.64,47,0,3.8,Rude behavior by driver,1,61.0
c94cf729,2025-12-08,34.180732,75.240895,35.018511,73.680052,India,Kolkata,R8225,van,192,212,64.3,471.59,delayed,0.45,0.52,0.89,0.83,0.8,0.87,0.1,low,high_value,0.74,59,0,4.3,Driver was polite and professional,1,59.0
589fa19a,2025-12-23,36.473404,88.49933,26.060135,84.474542,India,Ahmedabad,R6224,bike,156,156,48.9,416.17,on-time,0.88,0.46,0.5,0.45,0.25,0.18,0.61,low,high_value,0.31,44,0,3.9,Delivery delayed but driver communicated well,1,29.0
f085f770,2025-12-04,21.762054,96.655044,19.405159,71.275746,India,Hyderabad,R5505,van,240,240,83.64,570.77,on-time,0.55,0.81,0.31,0.63,0.72,0.11,0.09,high,fragile,0.59,38,1,4.5,Handled package carefully,1,35.0
d1aa1e96,2025-12-11,33.446104,75.483818,36.117832,79.098496,India,Delhi,R4649,bike,263,263,78.11,526.16,on-time,0.47,0.49,0.74,0.42,0.63,0.23,0.75,low,high_value,0.47,38,1,4.1,Driver was polite and professional,1,47.0
8ba80509,2025-11-13,18.506118,89.529834,33.759607,69.774803,India,Bengaluru,R9599,bike,176,176,46.96,320.24,on-time,0.89,0.77,0.42,0.36,0.88,0.9,0.02,medium,fragile,0.73,52,1,4.5,Rude behavior by driver,1,60.0
b59044a3,2025-12-26,15.400195,87.958591,36.300495,71.908735,India,Ahmedabad,R2599,scooter,282,295,92.49,463.87,delayed,0.93,0.84,0.59,0.85,0.29,0.24,0.25,low,fragile,0.35,37,0,4.2,Excellent service under tough conditions,1,25.0
ec7b1794,2025-11-25,13.616722,70.357782,13.363366,93.882529,India,Kolkata,R1315,van,198,198,64.32,484.56,on-time,0.87,0.56,0.72,0.79,0.6,0.5,0.89,low,standard,0.61,8,0,3.0,Late delivery and poor communication,1,57.0
4ad9cc5c,2025-12-05,9.271753,89.079336,29.426719,89.968504,India,Ahmedabad,R9074,van,50,83,18.29,116.57,delayed,0.85,0.85,0.88,0.76,0.86,0.78,0.72,low,high_value,0.81,42,1,2.6,Rude behavior by driver,1,72.0
947faff6,2025-11-18,31.297046,74.505616,18.50754,96.405638,India,Ahmedabad,R5707,scooter,13,13,3.5,19.25,on-time,0.76,0.53,0.79,0.33,0.51,0.12,0.07,low,standard,0.42,34,1,4.8,Rude behavior by driver,1,26.0
2b1c9b56,2025-12-22,20.631816,93.458505,17.483109,91.985421,India,Ahmedabad,R4301,van,251,290,97.31,773.33,delayed,0.7,0.88,0.71,0.81,0.56,0.58,0.82,low,standard,0.15,57,0,4.9,Handled package carefully,1,50.0
73bc10e5,2025-12-19,35.486849,83.485194,21.271164,69.728392,India,Delhi,R4601,scooter,258,288,74.26,422.7,delayed,0.45,0.35,0.71,0.56,0.25,0.32,0.49,high,high_value,0.51,56,0,4.3,Delivery delayed but driver communicated well,1,33.0
03a050b6,2025-12-14,26.69835,78.956836,27.749659,71.11312,India,Delhi,R3649,scooter,200,200,51.67,342.47,on-time,0.62,0.71,0.91,0.51,0.41,0.79,0.85,medium,high_value,0.38,50,1,4.3,Handled package carefully,1,55.0
707db379,2025-11-20,11.322096,90.233013,35.586048,72.734236,India,Pune,R6530,bike,22,22,8.92,60.89,on-time,0.6,0.6,0.42,0.63,0.44,0.33,0.6,low,perishable,0.64,24,0,3.2,Late delivery and poor communication,1,43.0
7b26cda5,2025-11-24,10.639955,92.677258,30.121316,77.991285,India,Delhi,R2164,bike,462,501,118.62,716.31,delayed,0.54,0.53,0.2,0.35,0.91,0.65,0.68,medium,fragile,0.86,30,0,3.9,Handled package carefully,0,70.0
0c0ef34a,2025-12-20,16.296434,74.174334,8.036817,93.568097,India,Pune,R7894,van,91,91,28.36,160.63,on-time,0.8,0.68,0.4,0.75,0.41,0.64,0.99,high,perishable,0.49,19,0,5.0,Late delivery and poor communication,1,55.0
30f76381,2025-11-27,8.894739,68.105483,32.952451,88.282335,India,Pune,R9063,van,51,51,16.33,96.73,on-time,0.67,0.72,0.36,0.65,0.55,0.28,0.23,high,fragile,0.47,11,0,4.6,Handled package carefully,1,35.0
1ff1de4c,2026-01-08,26.772094,88.127423,10.304262,76.952619,India,Kolkata,R4847,bike,72,72,18.66,100.02,on-time,0.44,0.3,0.7,0.41,0.7,0.13,0.62,medium,fragile,0.62,11,0,3.3,Excellent service under tough conditions,1,46.0
ad2898e3,2025-11-12,28.711547,71.080215,33.416177,74.550776,India,Pune,R5292,scooter,418,418,105.12,903.56,on-time,0.52,0.4,0.68,0.41,0.32,0.43,0.46,high,fragile,0.18,54,0,3.3,Delivery delayed but driver communicated well,1,32.0
9bc1f913,2025-11-18,31.359258,94.753655,8.942913,79.938226,India,Hyderabad,R7351,bike,23,23,6.16,46.25,on-time,0.78,0.73,0.65,0.41,0.56,0.33,0.04,low,standard,0.3,33,0,3.7,Excellent service under tough conditions,1,30.0
b0d6929b,2025-12-26,9.617208,69.55597,10.960724,89.011844,India,Delhi,R5405,bike,43,66,12.91,108.56,delayed,0.44,0.7,0.21,0.33,0.75,0.75,0.01,low,standard,0.84,27,0,3.5,Driver was polite and professional,1,54.0
a8947279,2025-12-23,33.888732,83.206789,26.790501,68.140738,India,Pune,R3679,van,282,282,107.24,946.93,on-time,0.87,0.88,0.75,0.65,0.85,0.74,0.12,medium,high_value,0.64,38,0,3.4,Delivery delayed but driver communicated well,1,56.0
8cb0d797,2025-12-18,33.069091,74.98122,13.467344,94.577173,India,Hyderabad,R2037,van,276,276,71.02,552.54,on-time,0.67,0.76,0.44,0.8,0.67,0.47,0.65,medium,fragile,0.11,24,0,4.1,Handled package carefully,1,46.0
5f139650,2025-11-23,32.901085,85.662495,15.631529,68.8457,India,Delhi,R7432,scooter,440,440,117.37,861.2,on-time,0.66,0.87,0.7,0.31,0.7,0.59,0.57,medium,fragile,0.26,19,0,2.5,Rude behavior by driver,1,51.0
add26b3a,2025-11-22,8.689961,81.523324,23.999433,81.477107,India,Kolkata,R4074,bike,324,337,86.13,698.74,delayed,0.73,0.72,0.62,0.33,0.29,0.58,0.55,medium,fragile,0.65,37,0,4.4,Driver was polite and professional,1,44.0
a8386c14,2025-11-17,30.972297,89.759373,24.74773,90.656411,India,Pune,R7608,bike,32,68,11.41,76.23,delayed,0.85,0.48,0.46,0.64,0.91,0.76,0.03,high,standard,0.71,57,0,4.4,Rude behavior by driver,1,58.0
3687a3b3,2025-12-16,28.541839,75.351899,20.627933,68.030445,India,Bengaluru,R8645,scooter,154,154,53.84,309.02,on-time,0.59,0.36,0.3,0.79,0.3,0.44,0.47,high,high_value,0.77,21,0,4.6,Excellent service under tough conditions,1,41.0
4f4692c4,2025-12-14,34.1089,89.207219,24.301436,81.455391,India,Ahmedabad,R4607,van,259,259,97.58,699.9,on-time,0.77,0.77,0.27,0.5,0.78,0.32,0.92,medium,standard,0.33,24,0,4.6,Delivery delayed but driver communicated well,1,55.0
ac534a63,2025-11-26,36.959023,68.412437,24.349778,86.881374,India,Bengaluru,R3037,van,27,41,7.11,42.96,delayed,0.71,0.69,0.82,0.51,0.4,0.31,0.4,medium,perishable,0.84,17,0,3.9,Driver was polite and professional,1,40.0
3be84a13,2025-12-28,28.152802,81.737679,11.833689,81.976808,India,Bengaluru,R8948,bike,82,82,20.8,172.17,on-time,0.55,0.33,0.89,0.66,0.9,0.53,0.62,low,perishable,0.54,48,0,4.5,Excellent service under tough conditions,1,61.0
d5fb7f2a,2025-11-24,8.292658,68.984118,21.841837,83.138306,India,Bengaluru,R5637,scooter,304,304,77.22,411.28,on-time,0.88,0.52,0.69,0.46,0.74,0.46,0.78,low,perishable,0.66,28,0,3.7,Handled package carefully,1,59.0
ba6f8d32,2025-12-23,12.107519,91.007322,25.005162,84.735897,India,Bengaluru,R2253,bike,319,333,84.81,677.25,delayed,0.84,0.87,0.28,0.32,0.77,0.45,0.78,low,high_value,0.58,58,0,4.9,Rude behavior by driver,1,59.0
0fa41406,2025-12-23,10.676335,96.697296,31.052682,95.56229,India,Delhi,R9582,bike,234,234,74.18,527.74,on-time,0.76,0.6,0.5,0.74,0.36,0.17,0.52,medium,perishable,0.2,51,0,3.0,Handled package carefully,1,28.0
f2ba5649,2025-12-25,31.136516,87.096784,17.892493,79.806416,India,Ahmedabad,R2336,scooter,326,326,106.39,652.27,on-time,0.87,0.56,0.75,0.68,0.53,0.67,0.86,low,high_value,0.87,41,1,4.8,Late delivery and poor communication,1,63.0
2730aa63,2026-01-07,27.020375,69.664704,18.82074,75.195111,India,Mumbai,R2615,scooter,203,203,54.29,309.04,on-time,0.88,0.57,0.78,0.65,0.66,0.27,0.39,high,standard,0.2,11,1,3.1,Driver was polite and professional,1,37.0
9d761e9b,2025-11-14,25.104841,71.765579,14.999822,86.182293,India,Ahmedabad,R4122,scooter,313,313,111.96,976.11,on-time,0.79,0.43,0.29,0.75,0.78,0.26,0.89,low,standard,0.3,12,0,2.8,Rude behavior by driver,1,52.0
5b2beccc,2026-01-02,33.05064,69.895432,10.181078,74.326833,India,Hyderabad,R2819,van,139,165,44.95,393.96,delayed,0.86,0.52,0.2,0.71,0.28,0.43,0.24,medium,high_value,0.75,27,0,3.6,Delivery delayed but driver communicated well,1,35.0
6917e5c9,2025-12-27,15.964969,70.75192,34.683837,82.381962,India,Pune,R6995,bike,98,138,27.5,192.36,delayed,0.78,0.52,0.73,0.42,0.92,0.28,0.28,low,standard,0.59,18,1,4.0,Delivery delayed but driver communicated well,1,49.0
5a1fc168,2025-12-11,30.580402,69.470333,14.954454,92.625612,India,Pune,R7631,van,58,58,20.35,147.69,on-time,0.77,0.33,0.47,0.51,0.87,0.57,0.05,low,standard,0.77,8,0,3.1,Delivery delayed but driver communicated well,1,53.0
96bcfa1d,2025-11-22,33.538034,72.730752,36.421067,69.003215,India,Hyderabad,R4711,van,299,299,77.99,660.31,on-time,0.74,0.76,0.39,0.38,0.4,0.4,0.8,high,high_value,0.51,25,0,3.9,Excellent service under tough conditions,1,46.0
c9a6adfe,2025-11-11,32.735936,74.327133,34.066476,93.83636,India,Mumbai,R1963,scooter,126,126,31.96,182.15,on-time,0.81,0.55,0.21,0.38,0.82,0.46,0.42,medium,perishable,0.4,50,0,4.5,Delivery delayed but driver communicated well,1,50.0
e009b60f,2025-12-05,31.912774,68.238584,31.410186,93.372387,India,Ahmedabad,R9535,scooter,248,261,73.48,535.6,delayed,0.49,0.79,0.61,0.71,0.59,0.53,0.23,high,high_value,0.84,14,0,3.1,Rude behavior by driver,1,48.0
75d9c469,2025-12-16,30.422463,87.812254,27.028381,68.489395,India,Mumbai,R6444,bike,213,213,60.73,530.65,on-time,0.88,0.81,0.84,0.82,0.55,0.26,0.23,high,fragile,0.13,26,1,4.0,Excellent service under tough conditions,1,30.0
e41cf77a,2025-12-04,28.106561,81.006235,22.670027,81.483029,India,Pune,R4982,scooter,19,19,7.25,37.28,on-time,0.88,0.43,0.92,0.88,0.44,0.22,0.9,low,standard,0.78,34,0,3.3,Late delivery and poor communication,1,48.0
ba560359,2025-11-25,28.73581,81.614736,30.583044,87.787107,India,Mumbai,R4710,bike,47,81,18.76,132.46,delayed,0.42,0.69,0.62,0.68,0.64,0.8,0.83,low,high_value,0.28,34,0,3.8,Delivery delayed but driver communicated well,1,60.0
f9f7e92f,2025-11-30,21.732747,79.824626,23.254991,69.905541,India,Delhi,R4650,scooter,340,350,110.03,956.78,delayed,0.85,0.58,0.59,0.41,0.75,0.45,0.55,high,standard,0.78,20,1,4.2,Delivery delayed but driver communicated well,1,56.0
0ee30d58,2025-12-05,12.043375,74.001431,19.445822,90.149305,India,Ahmedabad,R7916,bike,342,342,94.48,509.76,on-time,0.47,0.83,0.26,0.36,0.51,0.43,0.62,high,perishable,0.21,15,0,3.4,Excellent service under tough conditions,1,42.0
fb30ad8e,2025-12-18,32.433864,90.077128,25.952179,88.82005,India,Delhi,R4178,van,151,151,56.73,324.72,on-time,0.58,0.43,0.61,0.79,0.67,0.13,0.47,medium,standard,0.56,26,0,5.0,Delivery delayed but driver communicated well,1,41.0
8c4497eb,2025-11-30,20.815125,79.146119,9.288421,88.432909,India,Ahmedabad,R3208,bike,180,180,66.35,583.34,on-time,0.81,0.71,0.48,0.65,0.72,0.5,0.39,high,high_value,0.81,33,0,3.9,Late delivery and poor communication,1,54.0
88eb209f,2026-01-01,18.934131,75.185877,22.694218,69.21249,India,Bengaluru,R3929,van,10,10,3.52,29.06,on-time,0.49,0.66,0.66,0.67,0.73,0.54,0.92,high,perishable,0.48,29,0,4.6,Excellent service under tough conditions,1,61.0
34595aba,2025-12-08,8.09538,87.698191,12.992898,77.708367,India,Bengaluru,R6379,scooter,272,283,104.8,778.82,delayed,0.85,0.48,0.49,0.77,0.24,0.55,0.13,low,perishable,0.7,18,1,4.3,Excellent service under tough conditions,1,34.0
49fbf682,2025-11-22,11.058098,75.445152,11.805227,83.622118,India,Ahmedabad,R7768,van,248,248,92.11,530.97,on-time,0.86,0.38,0.38,0.72,0.84,0.67,0.42,medium,perishable,0.74,18,1,4.6,Driver was polite and professional,1,61.0
c4d543e8,2025-11-15,36.84295,68.437741,23.913303,85.052189,India,Pune,R1188,van,403,403,109.21,854.68,on-time,0.68,0.69,0.27,0.8,0.54,0.24,0.34,high,fragile,0.69,6,1,2.9,Excellent service under tough conditions,1,39.0
7c0030a6,2026-01-06,30.616988,78.140893,9.602666,70.629902,India,Hyderabad,R3380,bike,63,63,23.81,130.62,on-time,0.4,0.74,0.44,0.33,0.4,0.3,0.5,medium,high_value,0.84,58,0,3.1,Delivery delayed but driver communicated well,1,42.0
4c1758fd,2025-12-29,23.685618,82.11248,9.713142,75.797886,India,Hyderabad,R7218,van,257,257,75.4,667.93,on-time,0.56,0.49,0.27,0.75,0.38,0.75,0.46,low,high_value,0.46,17,0,3.7,Excellent service under tough conditions,1,46.0
16d122f1,2025-12-01,23.763533,71.361697,10.683236,71.877638,India,Kolkata,R3233,bike,34,34,12.63,67.98,on-time,0.74,0.69,0.33,0.81,0.56,0.86,0.52,low,perishable,0.24,7,1,4.6,Delivery delayed but driver communicated well,1,52.0
b8b62e7b,2026-01-09,30.064909,84.882401,13.841882,78.212238,India,Pune,R2540,scooter,365,365,109.23,870.2,on-time,0.94,0.54,0.94,0.47,0.87,0.21,0.14,low,standard,0.14,34,0,3.0,Delivery delayed but driver communicated well,1,36.0
c5d16723,2025-11-25,8.994354,80.971275,25.516725,71.295619,India,Kolkata,R4467,van,194,194,71.99,601.7,on-time,0.75,0.73,0.53,0.68,0.48,0.5,0.51,low,perishable,0.3,22,1,4.9,Excellent service under tough conditions,1,42.0
b044c3e6,2025-12-26,10.007925,93.20731,36.318869,68.264092,India,Chennai,R9850,van,150,150,44.3,268.23,on-time,0.54,0.42,0.6,0.49,0.76,0.27,0.24,high,fragile,0.21,58,0,2.8,Driver was polite and professional,1,38.0
3ca68079,2025-12-05,14.272371,92.615069,9.603206,74.814543,India,Mumbai,R9853,scooter,88,88,28.21,149.22,on-time,0.75,0.83,0.86,0.87,0.27,0.15,0.18,low,perishable,0.55,40,1,2.9,Delivery delayed but driver communicated well,1,24.0
7ce564c3,2025-11-12,30.942026,68.201646,31.309704,73.894069,India,Bengaluru,R7842,scooter,62,62,19.61,129.34,on-time,0.7,0.47,0.95,0.32,0.56,0.36,0.06,low,high_value,0.25,25,0,2.9,Driver was polite and professional,1,31.0
90a07f26,2025-11-18,8.472288,78.421766,16.812178,84.516147,India,Ahmedabad,R8013,bike,290,323,81.5,413.75,delayed,0.83,0.52,0.64,0.65,0.94,0.21,0.76,low,perishable,0.13,57,0,4.0,Driver was polite and professional,1,51.0
f9ae3582,2026-01-05,22.49676,78.502217,30.032665,69.55389,India,Hyderabad,R5011,van,433,433,117.19,756.75,on-time,0.46,0.33,0.81,0.4,0.78,0.67,0.43,medium,standard,0.13,23,0,4.8,Excellent service under tough conditions,1,51.0
896a34a8,2025-11-21,22.217202,87.680385,11.884671,90.024357,India,Mumbai,R3437,van,369,405,92.59,749.12,delayed,0.82,0.37,0.45,0.73,0.36,0.53,0.63,medium,high_value,0.77,20,0,3.1,Handled package carefully,1,48.0
9c6d7ebd,2025-12-23,17.731424,82.870252,32.944269,87.661272,India,Hyderabad,R6024,bike,267,267,104.2,575.55,on-time,0.7,0.61,0.43,0.41,0.58,0.22,0.73,low,standard,0.57,32,0,3.9,Handled package carefully,1,46.0
5278de58,2025-12-20,32.707984,95.010694,10.311162,91.996513,India,Mumbai,R5948,bike,280,301,103.86,579.21,delayed,0.93,0.46,0.5,0.44,0.38,0.11,0.68,low,perishable,0.39,8,0,2.9,Delivery delayed but driver communicated well,1,34.0
57c8afe5,2025-12-30,36.004966,93.31514,21.05245,93.701236,India,Pune,R1536,van,34,34,11.9,104.43,on-time,0.59,0.8,0.7,0.6,0.51,0.75,0.47,low,high_value,0.82,55,0,4.1,Rude behavior by driver,1,56.0
d87432b9,2025-12-22,30.428846,79.51953,14.63575,82.891954,India,Pune,R1494,bike,369,369,102.09,855.31,on-time,0.75,0.31,0.71,0.85,0.79,0.24,0.39,medium,fragile,0.16,59,0,2.8,Handled package carefully,1,40.0
08af0e13,2025-12-08,19.014749,68.411964,22.360381,85.517926,India,Pune,R5759,van,228,228,83.8,636.95,on-time,0.91,0.53,0.44,0.43,0.78,0.58,0.38,low,high_value,0.88,19,0,3.7,Excellent service under tough conditions,1,59.0
e5513f10,2025-11-28,15.244537,89.558069,16.698099,94.886252,India,Mumbai,R1311,bike,334,334,113.6,687.91,on-time,0.46,0.5,0.3,0.39,0.37,0.37,0.64,high,standard,0.59,5,1,4.1,Excellent service under tough conditions,1,42.0
94e730fd,2025-11-25,36.787794,75.946017,27.395686,95.400888,India,Delhi,R1351,bike,39,70,10.1,86.19,delayed,0.92,0.31,0.67,0.76,0.89,0.57,0.49,medium,high_value,0.25,52,0,3.9,Handled package carefully,1,54.0
d422061a,2025-11-11,25.348595,92.480837,32.313196,68.349763,India,Mumbai,R2883,scooter,45,68,16.37,89.54,delayed,0.78,0.37,0.3,0.6,0.64,0.35,0.85,low,fragile,0.64,51,0,2.9,Rude behavior by driver,1,55.0
cc364b5a,2025-12-20,32.473417,95.819617,19.468003,75.73757,India,Kolkata,R1961,van,399,399,116.6,1046.43,on-time,0.44,0.55,0.63,0.85,0.48,0.17,0.87,medium,fragile,0.71,20,0,2.9,Late delivery and poor communication,1,47.0
2bdd90dd,2025-12-04,33.325422,71.792209,30.585871,72.846619,India,Kolkata,R9218,bike,118,118,31.51,200.54,on-time,0.57,0.6,0.72,0.39,0.58,0.28,0.17,low,fragile,0.44,58,0,4.2,Delivery delayed but driver communicated well,1,34.0
2d1494cd,2025-12-17,31.1137,73.043448,29.09009,79.887571,India,Chennai,R4454,scooter,178,178,62.21,414.92,on-time,0.79,0.54,0.73,0.69,0.65,0.25,0.14,medium,fragile,0.79,24,1,4.5,Late delivery and poor communication,1,40.0
417d3a91,2025-12-26,31.56226,71.656387,21.108951,68.368368,India,Bengaluru,R5791,bike,11,11,3.55,22.42,on-time,0.44,0.62,0.77,0.44,0.62,0.44,0.63,low,standard,0.22,37,1,4.8,Late delivery and poor communication,1,46.0
a65ed2ef,2025-12-25,20.451712,76.362958,28.541757,68.478451,India,Pune,R5449,scooter,321,321,107.05,672.52,on-time,0.72,0.66,0.85,0.39,0.56,0.63,0.3,medium,high_value,0.32,21,1,4.5,Driver was polite and professional,1,43.0
65e37781,2025-12-03,12.940326,78.784953,19.657849,77.464366,India,Pune,R6144,van,109,119,33.2,227.22,delayed,0.59,0.31,0.57,0.71,0.58,0.31,0.02,high,perishable,0.17,9,0,4.9,Driver was polite and professional,1,28.0
6b418260,2025-12-06,8.885504,74.345066,24.290097,87.77905,India,Mumbai,R5286,scooter,333,365,105.41,581.9,delayed,0.74,0.58,0.75,0.66,0.33,0.11,0.89,high,fragile,0.27,9,0,3.5,Delivery delayed but driver communicated well,1,34.0
02e707dd,2025-12-26,22.09996,82.802435,9.062693,69.612442,India,Bengaluru,R7055,scooter,252,252,91.34,547.12,on-time,0.43,0.88,0.66,0.75,0.81,0.52,0.23,low,perishable,0.29,43,0,3.3,Rude behavior by driver,1,46.0
39e76ec2,2025-12-29,9.15795,91.541874,14.448169,74.606847,India,Kolkata,R1559,van,315,315,96.07,624.78,on-time,0.88,0.61,0.34,0.49,0.61,0.58,0.93,low,perishable,0.83,17,0,2.6,Driver was polite and professional,1,64.0
a360a353,2025-12-28,13.374773,75.196323,35.50735,81.847844,India,Ahmedabad,R7671,scooter,63,79,18.41,152.46,delayed,0.94,0.71,0.22,0.57,0.3,0.87,0.72,medium,high_value,0.16,48,0,3.6,Handled package carefully,1,48.0
b57acb56,2025-12-13,15.758144,91.843632,9.996967,75.874919,India,Mumbai,R1819,scooter,160,160,57.31,313.17,on-time,0.93,0.49,0.41,0.54,0.77,0.57,0.76,high,perishable,0.44,40,0,4.1,Delivery delayed but driver communicated well,1,59.0
7ca1fb29,2025-12-02,32.92412,82.024412,31.640746,77.100142,India,Mumbai,R6809,van,108,108,35.9,294.58,on-time,0.81,0.76,0.53,0.89,0.9,0.48,0.2,high,perishable,0.53,34,0,4.5,Excellent service under tough conditions,1,51.0
88da8757,2025-12-31,27.006103,79.981963,17.605123,75.349018,India,Ahmedabad,R4010,bike,306,306,83.8,720.56,on-time,0.47,0.76,0.66,0.48,0.91,0.56,0.23,low,standard,0.82,8,1,3.2,Late delivery and poor communication,1,58.0
65a3dfa6,2025-12-12,11.478959,70.207576,8.69291,84.150354,India,Kolkata,R5999,van,166,166,64.67,353.55,on-time,0.82,0.61,0.84,0.48,0.48,0.84,0.52,low,perishable,0.9,27,1,3.8,Delivery delayed but driver communicated well,1,59.0
697d588d,2025-12-08,19.204219,91.485369,22.707223,82.637536,India,Chennai,R3190,scooter,200,200,67.88,582.78,on-time,0.41,0.89,0.35,0.51,0.3,0.76,0.17,medium,high_value,0.7,25,0,4.2,Excellent service under tough conditions,1,42.0
b2f953dc,2025-11-29,28.221477,75.347897,25.836192,74.054108,India,Delhi,R7552,bike,132,132,51.84,380.16,on-time,0.41,0.38,0.29,0.64,0.59,0.36,0.31,low,perishable,0.88,25,0,3.9,Excellent service under tough conditions,1,46.0
b6ed5035,2026-01-02,14.822676,85.032707,11.620972,96.746381,India,Kolkata,R4997,van,149,149,53.9,341.37,on-time,0.58,0.31,0.92,0.45,0.28,0.29,0.32,low,high_value,0.73,10,1,3.2,Driver was polite and professional,1,33.0
729cc218,2025-11-11,9.589469,89.743927,22.883047,70.125886,India,Bengaluru,R8788,van,375,410,110.14,755.97,delayed,0.67,0.76,0.28,0.85,0.9,0.31,0.16,low,fragile,0.87,28,0,4.5,Excellent service under tough conditions,1,51.0
af053734,2025-11-23,14.222716,87.141701,30.431772,72.9202,India,Chennai,R8357,bike,188,188,66.95,473.07,on-time,0.82,0.78,0.56,0.46,0.34,0.5,0.21,medium,perishable,0.67,51,1,2.9,Rude behavior by driver,1,37.0
053a6231,2025-11-16,20.71567,80.782319,35.498151,69.179219,India,Kolkata,R8552,scooter,127,127,42.12,364.1,on-time,0.78,0.37,0.64,0.84,0.39,0.7,0.79,high,perishable,0.16,57,0,4.8,Excellent service under tough conditions,1,47.0
100da1b3,2025-12-18,17.966468,83.589197,8.689724,87.852425,India,Hyderabad,R5461,bike,49,49,18.81,130.43,on-time,0.65,0.46,0.61,0.36,0.5,0.5,0.17,high,perishable,0.42,35,1,4.9,Excellent service under tough conditions,1,37.0
6237022a,2025-11-23,36.349443,90.41447,25.311109,69.335009,India,Bengaluru,R9143,van,204,224,70.09,424.17,delayed,0.55,0.31,0.26,0.69,0.49,0.15,0.03,low,fragile,0.62,23,0,3.4,Late delivery and poor communication,1,28.0
1d12feea,2025-12-29,15.214337,86.497669,34.432915,86.776111,India,Kolkata,R8892,van,147,147,46.22,323.45,on-time,0.95,0.48,0.24,0.84,0.8,0.68,0.63,medium,standard,0.38,42,0,3.4,Rude behavior by driver,1,59.0
d6ec4103,2025-12-07,31.439404,87.182474,15.925489,92.724403,India,Bengaluru,R1017,bike,327,355,113.74,614.38,delayed,0.63,0.76,0.28,0.4,0.54,0.74,0.98,high,perishable,0.32,16,0,4.4,Delivery delayed but driver communicated well,1,59.0
06fe54da,2025-12-27,10.365852,88.722294,15.24965,91.828217,India,Bengaluru,R5002,van,189,211,72.49,563.94,delayed,0.65,0.61,0.64,0.88,0.33,0.33,0.33,low,high_value,0.56,18,0,3.6,Rude behavior by driver,1,33.0
60d984db,2025-12-22,13.789041,93.794902,11.749142,75.477561,India,Pune,R9457,scooter,328,328,114.49,834.98,on-time,0.49,0.51,0.61,0.57,0.4,0.63,0.12,medium,standard,0.85,54,1,2.6,Rude behavior by driver,1,43.0
7d4a4fcb,2026-01-05,31.569748,95.127411,21.89022,71.473539,India,Delhi,R4649,van,301,301,75.61,441.19,on-time,0.84,0.52,0.38,0.87,0.58,0.44,0.57,medium,standard,0.13,16,0,4.8,Delivery delayed but driver communicated well,1,42.0
c16b1e55,2025-11-12,14.110063,92.376537,10.976172,91.84038,India,Hyderabad,R4238,van,149,149,44.04,282.72,on-time,0.78,0.3,0.68,0.71,0.31,0.81,0.91,low,standard,0.72,19,0,3.6,Late delivery and poor communication,1,59.0
61664148,2026-01-07,8.971916,86.084283,16.024695,77.381786,India,Bengaluru,R7118,bike,249,249,77.72,653.39,on-time,0.52,0.48,0.82,0.48,0.66,0.78,0.78,medium,perishable,0.68,23,0,3.0,Excellent service under tough conditions,1,65.0
218ba050,2026-01-07,21.877743,75.532247,12.299881,74.653932,India,Delhi,R9439,scooter,172,172,46.99,302.66,on-time,0.45,0.69,0.23,0.41,0.62,0.52,0.62,low,fragile,0.87,32,1,3.9,Rude behavior by driver,1,57.0
d7eddd39,2025-12-30,24.372834,94.670183,29.43855,92.212259,India,Delhi,R2993,bike,362,362,108.25,864.36,on-time,0.77,0.88,0.57,0.48,0.74,0.65,0.32,medium,fragile,0.84,44,1,3.0,Rude behavior by driver,1,57.0
11ae50bb,2025-11-27,11.040055,87.525822,20.327696,89.341062,India,Delhi,R1792,van,123,123,46.42,246.11,on-time,0.76,0.81,0.72,0.36,0.9,0.81,0.54,low,perishable,0.71,45,0,3.0,Delivery delayed but driver communicated well,1,69.0
d5574030,2025-12-08,20.500464,96.653056,27.453561,74.461267,India,Kolkata,R9699,bike,342,342,118.58,622.2,on-time,0.55,0.31,0.39,0.39,0.88,0.5,0.09,low,high_value,0.52,9,0,3.9,Handled package carefully,1,48.0
19db31c4,2025-11-30,15.475766,74.666691,8.178701,74.901455,India,Pune,R8489,bike,289,289,108.45,876.22,on-time,0.92,0.84,0.43,0.36,0.91,0.35,0.68,low,high_value,0.26,9,0,3.5,Rude behavior by driver,1,54.0
b051f3e6,2026-01-07,22.9525,68.587241,25.679844,68.111645,India,Kolkata,R6737,bike,235,262,72.71,443.86,delayed,0.48,0.77,0.66,0.55,0.38,0.7,0.73,high,high_value,0.54,10,0,3.9,Driver was polite and professional,1,52.0
f355f1f8,2025-12-21,15.45969,92.744591,31.078322,83.962607,India,Chennai,R4888,van,200,216,60.51,355.56,delayed,0.64,0.77,0.87,0.78,0.3,0.28,0.97,medium,perishable,0.71,27,0,5.0,Excellent service under tough conditions,1,46.0
d72c6153,2025-12-31,24.293665,74.471748,33.367248,78.477843,India,Hyderabad,R2837,van,214,214,61.37,325.35,on-time,0.92,0.57,0.81,0.38,0.43,0.41,0.26,medium,fragile,0.82,7,0,4.6,Excellent service under tough conditions,1,41.0
d65aa86f,2026-01-09,29.734125,71.07565,27.525092,81.628121,India,Hyderabad,R4232,van,153,153,49.6,347.1,on-time,0.63,0.54,0.64,0.38,0.87,0.79,0.02,medium,perishable,0.73,41,1,2.5,Late delivery and poor communication,1,57.0
537e2e01,2025-11-25,9.242534,80.127664,28.077742,88.917088,India,Bengaluru,R2169,van,49,49,16.86,100.59,on-time,0.75,0.48,0.75,0.69,0.93,0.68,0.55,medium,fragile,0.26,37,0,2.6,Rude behavior by driver,1,60.0
7a8ebade,2025-11-29,35.915137,83.24838,14.682056,85.759792,India,Pune,R7814,bike,115,115,31.67,274.56,on-time,0.62,0.34,0.47,0.42,0.84,0.42,0.71,low,standard,0.58,47,0,4.0,Delivery delayed but driver communicated well,0,59.0
9946dea5,2025-12-08,36.778043,78.919905,34.145327,90.524999,India,Delhi,R5543,van,31,65,10.23,75.25,delayed,0.55,0.44,0.68,0.36,0.28,0.27,0.79,medium,perishable,0.37,25,0,4.1,Driver was polite and professional,1,36.0
5c28042c,2025-12-23,30.023096,69.781278,24.9582,69.008582,India,Kolkata,R4556,scooter,225,225,63.35,499.81,on-time,0.94,0.45,0.55,0.4,0.91,0.38,0.19,low,fragile,0.11,24,0,4.7,Delivery delayed but driver communicated well,1,42.0
6e702e59,2025-12-17,12.927831,70.572397,30.473081,90.189316,India,Kolkata,R6639,scooter,318,318,103.01,567.85,on-time,0.63,0.59,0.34,0.85,0.52,0.33,0.26,low,standard,0.26,5,0,4.1,Rude behavior by driver,1,33.0
c75acdd9,2025-12-03,14.203007,71.5874,15.295633,73.337002,India,Kolkata,R5238,scooter,336,336,99.86,567.3,on-time,0.89,0.75,0.73,0.79,0.21,0.24,0.51,medium,standard,0.19,43,0,3.1,Driver was polite and professional,1,25.0
ec823c0f,2025-12-23,16.757194,83.430998,9.085685,68.856845,India,Delhi,R1808,van,114,114,37.27,278.7,on-time,0.53,0.58,0.62,0.51,0.53,0.69,0.33,low,perishable,0.77,51,0,3.7,Late delivery and poor communication,1,51.0
ee9585b3,2025-11-15,18.413582,68.531635,24.937299,71.806379,India,Delhi,R8267,van,354,370,113.73,726.86,delayed,0.52,0.33,0.47,0.69,0.23,0.3,0.86,low,fragile,0.31,21,1,4.5,Late delivery and poor communication,1,36.0
236dc11f,2025-12-22,14.102483,76.492862,24.890877,72.587309,India,Ahmedabad,R3142,scooter,412,412,107.0,633.3,on-time,0.42,0.87,0.88,0.62,0.61,0.46,0.47,medium,standard,0.33,33,0,4.8,Late delivery and poor communication,1,44.0
fefe2b72,2025-11-30,11.836554,81.016989,22.035525,88.527097,India,Delhi,R9524,bike,187,187,70.88,481.78,on-time,0.76,0.87,0.22,0.71,0.45,0.41,0.8,medium,perishable,0.87,12,0,3.1,Handled package carefully,1,53.0
f74631af,2025-12-26,13.169419,72.578493,30.642131,72.820475,India,Hyderabad,R5642,bike,79,79,28.77,229.75,on-time,0.6,0.77,0.44,0.71,0.56,0.89,0.58,medium,standard,0.4,30,1,3.8,Delivery delayed but driver communicated well,1,57.0
ebfc9cf5,2025-12-20,35.405537,94.026715,12.216489,92.485083,India,Chennai,R5058,van,245,245,65.21,364.17,on-time,0.88,0.89,0.24,0.68,0.66,0.41,0.77,medium,high_value,0.11,32,0,2.9,Rude behavior by driver,1,47.0
8e2533d2,2025-12-04,19.737676,77.958319,29.971359,69.004389,India,Bengaluru,R9587,van,219,219,76.16,629.59,on-time,0.66,0.63,0.77,0.46,0.85,0.16,0.33,medium,perishable,0.33,38,0,3.7,Driver was polite and professional,1,41.0
7c6f3d9b,2025-12-11,32.598868,91.139137,14.412233,85.26016,India,Chennai,R6685,bike,279,291,76.25,529.22,delayed,0.93,0.88,0.73,0.32,0.7,0.17,0.83,medium,standard,0.2,30,0,2.7,Excellent service under tough conditions,1,45.0
2b486451,2025-12-13,31.882114,91.839977,34.675588,83.321917,India,Hyderabad,R8971,scooter,278,306,78.25,568.41,delayed,0.5,0.35,0.45,0.57,0.53,0.57,0.27,low,perishable,0.18,17,1,4.9,Excellent service under tough conditions,1,38.0
13769252,2025-12-16,30.583254,91.687651,31.522602,76.804681,India,Pune,R7646,van,288,288,90.05,642.82,on-time,0.88,0.52,0.71,0.83,0.81,0.58,0.55,low,perishable,0.16,48,1,4.1,Delivery delayed but driver communicated well,1,52.0
45f5b5fb,2025-11-21,9.225583,85.332649,33.323608,94.348952,India,Chennai,R9491,bike,353,369,97.4,640.17,delayed,0.83,0.44,0.5,0.64,0.88,0.44,0.21,medium,fragile,0.57,41,0,4.6,Rude behavior by driver,1,50.0
ce7610ad,2025-12-26,23.235328,83.330728,27.27472,72.828179,India,Chennai,R3371,scooter,161,161,49.5,346.65,on-time,0.82,0.42,0.77,0.8,0.29,0.45,0.48,low,fragile,0.25,17,0,5.0,Handled package carefully,1,33.0
703d35af,2025-12-22,25.587256,68.973171,23.544917,86.433173,India,Hyderabad,R1874,bike,416,416,115.94,852.49,on-time,0.86,0.38,0.54,0.89,0.6,0.14,0.32,high,standard,0.39,42,0,3.0,Rude behavior by driver,1,34.0
d24c52c3,2025-11-25,19.026716,77.045058,22.494736,83.432048,India,Chennai,R9133,van,219,219,79.07,550.41,on-time,0.82,0.67,0.51,0.4,0.41,0.51,0.27,high,perishable,0.79,29,1,4.2,Delivery delayed but driver communicated well,1,42.0
83cad39a,2025-12-12,17.871391,79.87739,15.907472,75.069637,India,Ahmedabad,R2432,van,258,258,93.54,826.93,on-time,0.74,0.77,0.9,0.72,0.24,0.5,0.97,low,perishable,0.44,51,0,4.7,Rude behavior by driver,1,46.0
e6d5e733,2025-12-15,13.934044,70.70278,11.519771,93.027699,India,Chennai,R4837,scooter,68,68,19.49,106.76,on-time,0.47,0.65,0.39,0.7,0.7,0.22,0.16,low,high_value,0.83,27,1,3.9,Excellent service under tough conditions,1,42.0
5f5f770a,2025-12-26,23.313647,79.157584,25.395066,75.859354,India,Hyderabad,R3697,bike,136,175,38.6,331.52,delayed,0.42,0.39,0.29,0.89,0.85,0.18,0.79,low,perishable,0.5,26,0,4.1,Excellent service under tough conditions,1,53.0
d2585e5e,2025-11-20,11.359443,93.258573,16.580878,89.462089,India,Chennai,R8309,bike,50,50,18.65,158.17,on-time,0.91,0.79,0.64,0.89,0.32,0.2,0.98,low,fragile,0.42,25,0,3.5,Driver was polite and professional,1,40.0
bd793514,2025-12-26,12.477381,69.519878,10.181523,76.940584,India,Hyderabad,R9310,scooter,158,158,62.64,514.11,on-time,0.74,0.68,0.93,0.71,0.81,0.18,0.02,low,perishable,0.7,58,0,4.2,Handled package carefully,1,40.0
db05c13d,2025-12-19,28.664074,90.192175,28.512116,83.185519,India,Pune,R4687,scooter,407,440,116.6,772.93,delayed,0.84,0.53,0.48,0.45,0.84,0.59,0.7,medium,fragile,0.16,34,0,3.5,Excellent service under tough conditions,1,56.0
59f3ef55,2025-11-12,15.817133,72.202972,19.75545,74.935777,India,Mumbai,R8443,van,139,166,37.42,235.02,delayed,0.66,0.7,0.25,0.78,0.89,0.26,0.25,high,high_value,0.17,15,0,3.7,Driver was polite and professional,1,41.0
ec24bd14,2025-12-09,8.552753,88.141012,12.372509,68.077048,India,Mumbai,R8977,van,28,28,8.85,71.36,on-time,0.46,0.46,0.45,0.36,0.4,0.3,0.04,medium,standard,0.62,8,1,2.8,Handled package carefully,1,30.0
f6a10b78,2025-12-29,22.323294,82.049091,34.480476,82.740303,India,Ahmedabad,R2663,bike,154,154,49.86,392.62,on-time,0.47,0.51,0.58,0.77,0.88,0.24,0.4,low,fragile,0.49,37,0,2.5,Excellent service under tough conditions,1,48.0
2dc94701,2025-12-12,33.883441,95.755481,16.230906,76.241645,India,Bengaluru,R7284,van,258,258,66.18,379.16,on-time,0.78,0.85,0.32,0.85,0.44,0.87,0.94,low,standard,0.73,51,0,2.6,Handled package carefully,1,65.0
3b93c40f,2025-12-14,13.270119,71.872444,20.842255,81.39364,India,Kolkata,R2044,van,79,79,23.37,144.63,on-time,0.64,0.47,0.69,0.53,0.61,0.78,0.01,medium,standard,0.83,16,0,3.0,Rude behavior by driver,1,50.0
886f4d12,2025-12-26,21.057321,79.450313,29.520884,85.321188,India,Pune,R6165,van,208,208,53.74,401.67,on-time,0.51,0.58,0.95,0.68,0.24,0.28,0.59,high,standard,0.41,13,1,3.6,Driver was polite and professional,1,32.0
db82a2f5,2025-12-30,30.981533,77.29447,29.395136,95.217143,India,Delhi,R5002,van,342,381,95.12,792.92,delayed,0.67,0.83,0.54,0.56,0.23,0.36,0.5,high,standard,0.58,36,1,2.6,Handled package carefully,1,35.0
df4a74e9,2025-12-18,13.243829,71.182207,30.670212,76.717473,India,Delhi,R5432,bike,299,299,94.82,614.25,on-time,0.44,0.72,0.47,0.56,0.74,0.27,0.87,high,fragile,0.5,15,0,2.9,Handled package carefully,1,54.0
8331cd0a,2025-11-16,12.237077,74.071986,36.290295,81.943759,India,Chennai,R7915,bike,302,302,104.24,676.62,on-time,0.72,0.34,0.5,0.49,0.53,0.49,0.08,medium,high_value,0.89,41,0,4.5,Rude behavior by driver,1,43.0
8dfa37e7,2025-12-26,19.633056,96.312296,33.826404,69.976079,India,Kolkata,R8827,scooter,421,421,106.99,915.23,on-time,0.55,0.39,0.29,0.76,0.39,0.12,0.68,medium,perishable,0.76,28,0,4.4,Excellent service under tough conditions,1,40.0
051c93d9,2026-01-04,20.762437,91.185167,27.28076,85.673778,India,Pune,R2645,van,228,239,69.83,518.36,delayed,0.84,0.3,0.86,0.86,0.34,0.64,0.68,low,fragile,0.83,11,0,4.5,Excellent service under tough conditions,1,52.0
15658d7d,2026-01-08,10.71711,80.769331,25.375285,77.695633,India,Kolkata,R4162,van,265,286,77.26,643.31,delayed,0.57,0.68,0.51,0.86,0.7,0.52,0.67,medium,high_value,0.3,12,0,4.8,Delivery delayed but driver communicated well,1,52.0
0e2592ba,2025-11-18,19.850043,72.093629,8.150514,75.688993,India,Hyderabad,R6768,van,379,379,117.97,905.84,on-time,0.65,0.57,0.49,0.4,0.2,0.82,0.94,low,perishable,0.72,37,0,2.8,Delivery delayed but driver communicated well,1,56.0
a896fd44,2025-12-08,10.956334,87.993674,14.246606,83.810176,India,Ahmedabad,R7494,scooter,200,200,64.06,563.18,on-time,0.41,0.38,0.69,0.82,0.8,0.23,0.82,medium,standard,0.31,29,0,2.9,Excellent service under tough conditions,1,51.0
5c08b009,2025-12-28,29.900136,80.642875,24.129876,93.594405,India,Chennai,R1189,bike,319,319,92.11,642.33,on-time,0.44,0.87,0.53,0.74,0.26,0.74,0.04,medium,perishable,0.27,5,0,3.3,Late delivery and poor communication,1,31.0
7a7c01d9,2025-12-08,21.417307,70.873486,35.182889,93.795628,India,Hyderabad,R6066,bike,353,353,91.65,630.55,on-time,0.62,0.62,0.69,0.45,0.34,0.73,0.47,low,perishable,0.86,7,0,4.8,Late delivery and poor communication,1,51.0
cf940f93,2026-01-05,17.213555,72.064012,11.813277,81.306238,India,Mumbai,R8715,bike,81,105,23.23,187.96,delayed,0.66,0.45,0.25,0.34,0.49,0.2,0.4,low,high_value,0.12,44,0,4.4,Handled package carefully,1,30.0
527253df,2025-11-11,11.011598,93.238437,33.524799,84.936222,India,Pune,R4113,van,354,354,105.31,934.41,on-time,0.73,0.6,0.81,0.46,0.56,0.42,0.31,low,perishable,0.87,32,0,3.3,Excellent service under tough conditions,1,47.0
1718ad4a,2025-12-12,25.449444,76.638838,29.527253,72.350361,India,Hyderabad,R4961,bike,220,220,86.69,776.6,on-time,0.56,0.71,0.91,0.85,0.47,0.24,0.45,low,standard,0.22,47,0,2.7,Delivery delayed but driver communicated well,1,32.0
10bdac60,2026-01-02,15.053087,82.408057,19.40329,78.299705,India,Pune,R3269,bike,190,190,53.85,429.77,on-time,0.78,0.35,0.69,0.68,0.44,0.3,0.38,low,fragile,0.76,37,0,4.0,Handled package carefully,1,40.0
ece0f84b,2025-12-13,18.50061,87.16554,18.527238,86.223217,India,Ahmedabad,R6723,scooter,163,163,42.52,328.17,on-time,0.87,0.46,0.92,0.73,0.92,0.31,0.43,low,fragile,0.32,50,1,3.1,Driver was polite and professional,1,49.0
354ca83a,2026-01-06,16.519118,77.786288,10.880328,87.224798,India,Pune,R5587,bike,325,325,88.67,788.9,on-time,0.83,0.78,0.31,0.45,0.68,0.54,0.98,low,high_value,0.38,5,0,3.8,Delivery delayed but driver communicated well,1,59.0
5f6140ef,2025-12-24,28.155789,94.03083,36.147564,91.421107,India,Chennai,R7066,bike,166,166,45.41,273.2,on-time,0.42,0.58,0.56,0.73,0.22,0.43,0.09,low,standard,0.27,42,0,4.9,Delivery delayed but driver communicated well,1,23.0
a100ff3e,2025-12-03,24.48099,69.198326,16.096829,91.14016,India,Mumbai,R3864,scooter,259,279,68.52,596.31,delayed,0.66,0.63,0.65,0.32,0.52,0.86,0.92,high,standard,0.57,57,0,3.9,Delivery delayed but driver communicated well,1,64.0
d373e6b4,2025-12-06,35.057771,83.910797,29.050205,77.532785,India,Kolkata,R1716,bike,275,275,72.2,468.79,on-time,0.46,0.56,0.64,0.53,0.86,0.2,0.48,low,perishable,0.38,31,1,4.8,Late delivery and poor communication,1,46.0
2984a7e6,2026-01-03,18.255753,87.177161,16.415006,81.567837,India,Delhi,R5994,bike,307,307,77.43,691.89,on-time,0.53,0.33,0.5,0.68,0.43,0.88,0.62,low,high_value,0.63,42,0,3.5,Rude behavior by driver,1,57.0
45cb78c2,2025-12-23,24.855874,77.169488,19.292945,69.221469,India,Pune,R7163,bike,204,204,59.23,520.05,on-time,0.94,0.4,0.45,0.39,0.27,0.28,0.83,medium,standard,0.11,39,1,4.1,Rude behavior by driver,1,33.0
a2a17bbf,2025-12-30,35.859563,84.458722,31.050714,85.10045,India,Pune,R8720,scooter,24,24,7.97,58.77,on-time,0.48,0.57,0.3,0.79,0.77,0.72,0.36,high,standard,0.15,14,0,4.7,Late delivery and poor communication,1,51.0
fdac3012,2025-12-01,23.06579,74.285806,17.003158,78.885289,India,Delhi,R3574,van,67,67,21.13,176.94,on-time,0.67,0.43,0.49,0.44,0.65,0.37,0.43,medium,standard,0.18,16,0,4.0,Excellent service under tough conditions,1,40.0
1a8948e2,2025-12-26,21.13699,80.891849,23.054113,92.655454,India,Chennai,R3976,van,396,396,105.15,822.6,on-time,0.74,0.33,0.32,0.69,0.63,0.21,0.41,low,fragile,0.44,14,0,4.0,Excellent service under tough conditions,1,39.0
8cdd6d91,2025-11-23,20.416605,87.599274,23.6759,74.994455,India,Delhi,R8838,scooter,237,237,78.88,450.68,on-time,0.79,0.81,0.75,0.54,0.24,0.79,0.37,medium,fragile,0.75,58,0,4.3,Late delivery and poor communication,1,46.0
7ea2c899,2025-12-19,11.629714,96.928222,30.337542,95.412748,India,Delhi,R8230,van,95,95,30.35,260.54,on-time,0.71,0.89,0.36,0.66,0.31,0.35,0.93,medium,fragile,0.81,38,0,4.7,Late delivery and poor communication,1,49.0
8c096cfe,2025-12-13,17.219738,81.218709,17.192878,85.425244,India,Ahmedabad,R5846,scooter,162,182,53.79,273.67,delayed,0.41,0.78,0.24,0.36,0.67,0.63,0.83,medium,perishable,0.3,28,0,2.7,Excellent service under tough conditions,1,57.0
ac01897a,2026-01-09,30.754039,78.502475,34.740429,84.951168,India,Pune,R5805,scooter,160,160,63.37,475.4,on-time,0.58,0.81,0.61,0.31,0.36,0.55,0.11,medium,perishable,0.56,32,1,3.3,Rude behavior by driver,1,35.0
c722ebe9,2025-12-08,28.491201,84.358001,22.324832,77.361786,India,Hyderabad,R8980,bike,257,268,87.51,645.98,delayed,0.68,0.45,0.65,0.85,0.58,0.48,0.11,high,perishable,0.71,26,0,3.5,Handled package carefully,1,42.0
67ae8ebe,2025-12-29,11.229015,84.750512,31.024906,84.718415,India,Delhi,R8496,van,215,215,55.3,359.26,on-time,0.45,0.88,0.85,0.46,0.61,0.5,0.43,high,standard,0.33,49,0,4.8,Late delivery and poor communication,1,44.0
22878644,2025-12-04,35.632524,82.62397,31.186487,76.329857,India,Hyderabad,R8181,van,347,369,116.83,941.31,delayed,0.59,0.42,0.63,0.79,0.41,0.69,0.1,medium,fragile,0.43,20,0,4.9,Handled package carefully,1,38.0
9639c1d8,2025-12-30,35.145411,86.498378,10.095855,75.979982,India,Bengaluru,R3821,van,175,175,53.17,323.96,on-time,0.42,0.87,0.46,0.9,0.91,0.17,0.62,medium,standard,0.52,17,0,2.8,Handled package carefully,1,52.0
cc0b9e7c,2025-11-21,24.792503,80.765531,18.895941,74.990353,India,Hyderabad,R3278,van,189,212,72.5,483.21,delayed,0.44,0.9,0.8,0.43,0.83,0.63,0.14,medium,standard,0.21,40,0,2.8,Driver was polite and professional,1,47.0
0e967859,2026-01-03,32.851997,77.934037,9.451649,75.738892,India,Kolkata,R7307,bike,149,149,50.46,452.33,on-time,0.62,0.73,0.61,0.46,0.74,0.82,0.52,high,high_value,0.12,40,0,4.8,Rude behavior by driver,1,55.0
ef0ccb7f,2026-01-02,31.569419,81.37405,28.993733,85.588819,India,Delhi,R9268,van,127,127,37.52,294.25,on-time,0.47,0.89,0.26,0.7,0.26,0.15,0.01,low,standard,0.22,47,0,3.2,Handled package carefully,1,15.0
110102b3,2025-11-21,31.404873,74.370692,25.503237,75.337153,India,Kolkata,R8303,scooter,55,55,20.58,162.65,on-time,0.71,0.64,0.62,0.88,0.28,0.21,0.32,high,perishable,0.6,27,0,3.1,Rude behavior by driver,1,29.0
39f88a24,2025-11-19,16.065866,89.938866,27.033368,81.179852,India,Delhi,R9464,van,346,364,117.41,614.38,delayed,0.78,0.46,0.88,0.85,0.57,0.67,0.68,low,fragile,0.16,18,0,2.6,Rude behavior by driver,1,50.0
bbb16c66,2025-12-24,12.656379,70.678884,32.776604,83.769713,India,Ahmedabad,R8445,bike,48,75,15.56,125.45,delayed,0.84,0.56,0.5,0.6,0.32,0.45,0.48,medium,fragile,0.25,36,0,3.2,Driver was polite and professional,1,34.0
0b05b781,2025-12-11,22.743293,71.548833,22.67353,95.902466,India,Chennai,R3610,bike,352,352,104.65,622.26,on-time,0.51,0.66,0.42,0.78,0.93,0.42,0.98,high,standard,0.37,7,0,4.2,Excellent service under tough conditions,1,64.0
37618306,2025-12-12,25.436197,79.297189,25.304943,68.040247,India,Chennai,R5095,bike,73,87,25.58,147.03,delayed,0.49,0.34,0.31,0.38,0.32,0.21,0.87,low,perishable,0.16,31,1,3.6,Rude behavior by driver,1,35.0
b621de15,2025-11-13,15.458949,93.936371,9.622518,80.505372,India,Bengaluru,R7317,bike,33,33,10.47,71.22,on-time,0.46,0.67,0.31,0.89,0.57,0.51,0.36,medium,perishable,0.25,23,1,3.8,Handled package carefully,1,41.0
0ae1b695,2025-12-01,29.293244,91.376409,25.051462,78.980519,India,Mumbai,R9390,van,281,281,82.89,479.09,on-time,0.75,0.89,0.52,0.88,0.47,0.2,0.05,low,perishable,0.83,26,0,4.8,Excellent service under tough conditions,1,33.0
c124b6cf,2025-11-27,9.069394,83.248861,21.167014,89.857238,India,Ahmedabad,R7272,van,379,379,111.38,787.42,on-time,0.79,0.41,0.65,0.4,0.68,0.48,0.85,low,fragile,0.12,5,0,2.8,Excellent service under tough conditions,1,51.0
9be75a55,2025-11-25,35.827537,86.775071,9.885691,73.576333,India,Kolkata,R7920,van,331,331,93.95,775.33,on-time,0.42,0.78,0.26,0.48,0.3,0.71,0.91,low,perishable,0.62,9,1,2.7,Delivery delayed but driver communicated well,1,54.0
826cd4b1,2026-01-01,24.157087,95.011432,15.946254,68.674763,India,Hyderabad,R5762,van,132,132,33.75,294.05,on-time,0.91,0.84,0.9,0.36,0.52,0.31,0.82,low,perishable,0.41,53,0,4.6,Handled package carefully,1,46.0
fcde1242,2025-11-15,35.604805,85.653187,34.025753,84.930151,India,Hyderabad,R7792,van,346,346,101.72,853.46,on-time,0.43,0.87,0.77,0.46,0.41,0.48,0.13,low,standard,0.64,37,0,4.4,Handled package carefully,1,36.0
8ce6f439,2025-11-17,13.323928,89.110572,9.832575,78.152399,India,Delhi,R8000,van,316,316,79.13,568.43,on-time,0.7,0.88,0.64,0.79,0.87,0.89,1.0,high,high_value,0.57,55,0,3.2,Rude behavior by driver,1,77.0
979a02aa,2025-12-18,26.121399,84.036531,36.631574,96.146095,India,Kolkata,R6498,van,182,182,50.37,431.49,on-time,0.79,0.61,0.82,0.53,0.23,0.65,0.26,high,perishable,0.28,23,1,3.3,Handled package carefully,1,33.0
e4da71c4,2025-12-08,17.329168,82.352041,12.876605,89.806808,India,Delhi,R5865,scooter,367,367,94.43,581.74,on-time,0.88,0.89,0.26,0.35,0.89,0.77,0.72,low,standard,0.78,40,0,3.3,Delivery delayed but driver communicated well,1,72.0
50443162,2026-01-09,16.065616,70.07926,10.462692,76.818647,India,Kolkata,R1310,bike,318,318,88.59,735.55,on-time,0.79,0.75,0.56,0.51,0.82,0.43,0.91,medium,standard,0.49,55,0,4.1,Rude behavior by driver,1,61.0
3294f802,2025-11-16,10.455215,92.343246,9.017941,73.068616,India,Pune,R9890,scooter,25,25,10.09,74.03,on-time,0.84,0.4,0.67,0.89,0.42,0.71,0.24,low,perishable,0.76,10,0,2.7,Late delivery and poor communication,1,47.0
63c52fc3,2025-12-30,26.758201,74.424855,35.434557,86.382507,India,Mumbai,R9927,bike,51,87,13.55,87.61,delayed,0.59,0.59,0.82,0.68,0.79,0.13,0.91,low,high_value,0.42,19,1,3.7,Handled package carefully,1,51.0
60017955,2025-12-10,34.286294,75.806404,29.082915,93.13105,India,Ahmedabad,R3463,scooter,156,156,43.91,305.91,on-time,0.85,0.73,0.79,0.55,0.22,0.2,0.31,low,fragile,0.89,40,0,2.8,Handled package carefully,1,31.0
5e9f91bd,2025-12-06,11.372336,72.16068,34.08794,84.519306,India,Pune,R9017,scooter,199,199,78.34,705.02,on-time,0.44,0.45,0.41,0.4,0.93,0.26,0.98,high,high_value,0.72,37,1,4.5,Driver was polite and professional,0,65.0
dc96ded0,2025-12-24,17.632548,89.019534,29.876905,72.931295,India,Kolkata,R5640,bike,120,120,33.01,207.39,on-time,0.89,0.68,0.91,0.89,0.59,0.42,0.28,high,perishable,0.87,28,1,3.5,Late delivery and poor communication,1,47.0
f919fe5c,2025-11-13,32.656951,68.253148,35.522848,84.026257,India,Kolkata,R5538,scooter,235,235,63.61,486.43,on-time,0.7,0.7,0.29,0.79,0.43,0.78,0.95,low,high_value,0.51,31,0,3.8,Late delivery and poor communication,1,59.0
ed996a86,2025-12-01,20.844733,69.806968,18.249981,73.370566,India,Chennai,R9216,scooter,374,374,95.66,555.84,on-time,0.85,0.4,0.86,0.47,0.47,0.38,0.05,low,standard,0.48,53,0,2.6,Delivery delayed but driver communicated well,1,32.0
5ba10b1b,2025-11-20,35.503525,94.019655,8.688503,78.361697,India,Mumbai,R2623,bike,190,190,59.62,488.7,on-time,0.65,0.64,0.93,0.34,0.25,0.62,0.71,low,standard,0.7,15,0,2.6,Late delivery and poor communication,1,48.0
7089f9b8,2025-11-19,36.510832,93.967006,14.971435,93.151576,India,Bengaluru,R5275,scooter,98,98,25.99,185.83,on-time,0.75,0.76,0.33,0.33,0.94,0.67,0.53,medium,high_value,0.8,53,1,4.2,Driver was polite and professional,1,68.0
9326bddd,2025-12-22,14.244404,93.238988,28.576538,73.557542,India,Hyderabad,R6621,bike,133,154,37.21,301.32,delayed,0.69,0.6,0.74,0.37,0.23,0.57,0.48,medium,fragile,0.87,27,0,4.4,Delivery delayed but driver communicated well,1,44.0
5c9bc9ae,2025-11-13,35.340189,78.624662,27.061049,68.578817,India,Mumbai,R3970,van,189,223,62.67,450.89,delayed,0.8,0.31,0.23,0.65,0.69,0.39,0.22,low,high_value,0.36,37,1,4.3,Late delivery and poor communication,1,40.0
5e075d44,2025-11-29,34.882248,95.288298,22.490842,96.957015,India,Hyderabad,R8316,van,43,66,13.96,113.06,delayed,0.44,0.31,0.5,0.86,0.53,0.56,0.71,high,perishable,0.74,45,0,4.3,Delivery delayed but driver communicated well,1,55.0
ef123b7e,2025-12-31,16.474932,80.678758,30.880464,94.037461,India,Bengaluru,R7736,van,126,126,48.96,266.3,on-time,0.43,0.51,0.59,0.6,0.91,0.37,0.19,low,fragile,0.27,50,0,2.8,Late delivery and poor communication,1,44.0
87fea877,2025-12-03,15.477272,69.381078,21.508873,90.436371,India,Delhi,R1717,van,37,37,10.43,60.93,on-time,0.54,0.86,0.64,0.81,0.38,0.17,0.55,high,high_value,0.54,51,0,4.2,Late delivery and poor communication,1,35.0
343dd1a5,2025-12-02,9.98966,72.794777,29.710173,79.841657,India,Bengaluru,R1101,bike,201,216,61.15,445.19,delayed,0.49,0.44,0.9,0.57,0.6,0.89,0.25,medium,high_value,0.24,33,0,3.0,Excellent service under tough conditions,1,49.0
74f16627,2025-11-25,32.369832,91.563994,34.954901,84.51934,India,Hyderabad,R6684,van,177,204,57.18,502.05,delayed,0.88,0.68,0.7,0.73,0.56,0.2,0.96,medium,fragile,0.38,35,1,2.7,Late delivery and poor communication,1,47.0
3f8a7429,2025-11-11,23.619635,76.844774,20.777437,83.152445,India,Ahmedabad,R4980,bike,337,351,85.45,604.32,delayed,0.52,0.43,0.56,0.74,0.73,0.16,0.03,high,high_value,0.85,5,0,4.4,Handled package carefully,1,39.0
c9104956,2025-11-24,31.961891,78.607941,20.402713,93.433018,India,Kolkata,R8424,scooter,208,208,78.22,391.4,on-time,0.94,0.49,0.81,0.4,0.25,0.8,0.2,high,perishable,0.22,38,0,4.7,Late delivery and poor communication,1,35.0
7f547254,2025-11-21,27.056866,79.366023,34.897842,70.685295,India,Delhi,R3180,bike,175,202,57.26,442.24,delayed,0.59,0.81,0.91,0.52,0.35,0.34,0.24,low,standard,0.61,22,0,4.3,Handled package carefully,1,33.0
65dae9e9,2025-12-12,19.947127,80.876466,18.844073,72.155498,India,Hyderabad,R1665,bike,381,381,106.3,877.3,on-time,0.5,0.74,0.22,0.68,0.36,0.62,0.41,low,perishable,0.57,22,0,4.5,Rude behavior by driver,1,43.0
83a46e57,2025-12-30,17.922144,73.077919,29.733019,76.277696,India,Mumbai,R4630,scooter,230,230,89.66,797.11,on-time,0.83,0.36,0.94,0.34,0.75,0.36,0.23,high,high_value,0.2,10,0,5.0,Excellent service under tough conditions,1,39.0
db975d51,2025-12-25,29.835874,79.244287,22.635847,68.293204,India,Hyderabad,R1750,bike,9,9,3.01,24.07,on-time,0.76,0.56,0.26,0.52,0.34,0.41,0.49,low,standard,0.36,56,0,2.8,Driver was polite and professional,1,36.0
a41e2383,2025-12-02,23.562728,94.352968,34.084118,93.121914,India,Hyderabad,R5879,van,183,183,58.56,458.75,on-time,0.67,0.32,0.81,0.62,0.63,0.31,0.87,low,fragile,0.55,44,1,4.9,Delivery delayed but driver communicated well,1,52.0
c389708f,2025-12-23,24.236418,78.567422,10.870732,89.34155,India,Pune,R7805,scooter,55,55,19.65,111.03,on-time,0.71,0.59,0.41,0.9,0.36,0.37,0.71,medium,perishable,0.25,5,0,4.0,Delivery delayed but driver communicated well,1,38.0
58fa5c63,2025-11-14,16.396288,82.535867,29.551379,94.408629,India,Ahmedabad,R4176,van,250,264,72.33,544.64,delayed,0.8,0.7,0.3,0.58,0.85,0.43,0.58,high,fragile,0.74,51,0,4.5,Rude behavior by driver,1,59.0
deb9c02a,2025-12-04,12.098161,81.124914,22.430886,95.75039,India,Delhi,R3930,van,100,126,36.5,280.72,delayed,0.53,0.37,0.53,0.79,0.91,0.68,0.09,high,standard,0.88,46,0,4.1,Late delivery and poor communication,1,59.0
6834db14,2025-12-29,26.765494,75.918998,15.31259,74.068246,India,Kolkata,R2073,bike,30,49,10.6,73.37,delayed,0.95,0.47,0.68,0.56,0.59,0.51,0.69,high,high_value,0.27,34,0,3.9,Driver was polite and professional,1,48.0
d5931840,2025-12-08,31.040742,96.746119,34.954013,90.665725,India,Delhi,R2777,scooter,375,375,108.19,746.35,on-time,0.94,0.54,0.49,0.78,0.46,0.85,0.17,medium,standard,0.25,8,0,4.3,Rude behavior by driver,1,42.0
8ed57a8f,2025-11-27,8.760482,90.099527,14.267935,94.764291,India,Bengaluru,R3331,scooter,274,311,79.38,647.46,delayed,0.76,0.85,0.24,0.66,0.38,0.13,0.79,low,standard,0.46,36,1,3.3,Rude behavior by driver,1,37.0
f2747756,2025-11-17,16.060592,85.249424,25.703508,75.292126,India,Bengaluru,R5707,scooter,150,150,48.21,284.38,on-time,0.51,0.9,0.65,0.83,0.24,0.5,0.25,medium,fragile,0.7,14,0,4.8,Delivery delayed but driver communicated well,1,35.0
1aa16f60,2025-11-13,25.904314,89.476776,17.701261,83.756816,India,Pune,R2941,scooter,157,157,55.12,486.02,on-time,0.77,0.33,0.88,0.55,0.4,0.57,0.42,high,perishable,0.33,47,0,2.8,Handled package carefully,1,40.0
56ff4df9,2025-12-28,17.337454,88.534598,14.150951,80.251722,India,Ahmedabad,R9073,van,219,219,78.06,556.98,on-time,0.44,0.76,0.49,0.66,0.69,0.84,0.35,low,standard,0.12,9,0,3.3,Handled package carefully,1,50.0
3df3913c,2025-12-08,14.405654,72.462395,8.790579,68.956501,India,Mumbai,R3837,scooter,288,288,73.81,398.8,on-time,0.42,0.52,0.36,0.68,0.6,0.14,0.86,low,high_value,0.53,13,0,2.6,Late delivery and poor communication,1,47.0
2fb04dce,2025-12-29,15.717111,77.375729,11.897985,80.491582,India,Pune,R6098,scooter,222,222,63.34,462.11,on-time,0.54,0.54,0.53,0.55,0.91,0.56,0.13,low,standard,0.87,9,1,3.2,Late delivery and poor communication,1,57.0
5d48872b,2025-11-27,21.833337,83.363486,9.702618,87.177693,India,Delhi,R3367,van,73,73,21.32,189.09,on-time,0.65,0.75,0.24,0.39,0.5,0.78,0.57,medium,fragile,0.41,15,0,3.0,Rude behavior by driver,1,52.0
f8a03d53,2025-12-13,15.622025,84.628832,16.926258,81.449511,India,Hyderabad,R3550,van,237,237,66.9,407.69,on-time,0.88,0.85,0.82,0.36,0.72,0.29,0.14,high,perishable,0.44,39,0,2.6,Late delivery and poor communication,1,38.0
37a46b52,2025-12-31,27.140059,88.084802,24.99263,87.983851,India,Delhi,R9621,scooter,298,298,118.92,698.06,on-time,0.8,0.87,0.82,0.31,0.57,0.8,0.7,medium,high_value,0.88,31,0,3.7,Handled package carefully,1,64.0
1f6c3fd9,2025-11-21,19.127792,68.125771,22.348604,70.718479,India,Hyderabad,R7546,van,42,42,11.23,74.81,on-time,0.81,0.65,0.64,0.82,0.58,0.12,0.91,high,fragile,0.66,8,1,3.7,Driver was polite and professional,1,48.0
5e871c49,2025-12-20,26.334194,80.154674,30.332885,96.937396,India,Pune,R4840,scooter,145,145,55.86,446.71,on-time,0.63,0.51,0.46,0.44,0.4,0.69,0.43,low,standard,0.68,14,1,2.7,Delivery delayed but driver communicated well,1,48.0
031db9da,2025-11-19,29.730725,92.715005,8.49559,88.985371,India,Delhi,R6700,bike,291,291,94.02,672.22,on-time,0.59,0.77,0.8,0.43,0.54,0.85,0.49,high,standard,0.55,43,0,3.2,Handled package carefully,1,56.0
bdf8ab90,2025-11-20,10.957341,73.585615,28.102221,71.350275,India,Delhi,R8394,bike,122,122,41.12,223.97,on-time,0.6,0.45,0.62,0.74,0.55,0.63,0.93,high,perishable,0.88,37,0,4.9,Excellent service under tough conditions,0,64.0
1b0012fe,2025-12-22,28.927869,68.083076,35.921413,81.299898,India,Kolkata,R3404,bike,362,362,93.08,702.92,on-time,0.94,0.64,0.82,0.49,0.73,0.45,0.52,low,fragile,0.65,42,1,2.8,Late delivery and poor communication,1,53.0
5a1e2482,2025-12-24,11.637608,72.141424,16.231758,74.096846,India,Pune,R9447,scooter,350,350,112.61,721.0,on-time,0.42,0.52,0.67,0.6,0.91,0.14,0.49,high,fragile,0.82,12,0,3.3,Delivery delayed but driver communicated well,0,53.0
956c4138,2025-12-20,8.360433,83.863138,15.945174,88.510984,India,Mumbai,R8359,bike,18,41,6.99,45.1,delayed,0.88,0.69,0.79,0.4,0.45,0.84,0.58,low,perishable,0.66,53,0,2.6,Excellent service under tough conditions,1,56.0
447c338c,2025-12-14,24.305286,87.084252,21.010409,79.034338,India,Pune,R7242,van,75,75,20.54,153.01,on-time,0.72,0.44,0.65,0.88,0.23,0.48,0.69,high,high_value,0.69,28,0,2.9,Delivery delayed but driver communicated well,1,43.0
3124a623,2025-11-26,10.538238,94.326202,30.900449,81.701855,India,Chennai,R8926,bike,55,55,18.85,112.37,on-time,0.64,0.41,0.51,0.81,0.57,0.12,0.11,high,fragile,0.33,43,1,4.2,Rude behavior by driver,1,27.0
985bd228,2025-11-16,34.226711,70.847073,25.90053,94.071908,India,Hyderabad,R5806,scooter,123,123,44.13,367.99,on-time,0.8,0.85,0.92,0.82,0.61,0.65,0.82,high,perishable,0.34,37,0,3.4,Late delivery and poor communication,1,56.0
72a845d4,2025-12-10,36.236094,95.574923,24.527955,96.328703,India,Bengaluru,R5402,scooter,289,289,94.12,757.13,on-time,0.67,0.36,0.61,0.54,0.33,0.49,0.44,medium,fragile,0.73,45,0,3.6,Rude behavior by driver,1,42.0
d878f938,2025-11-11,14.055781,83.941471,35.185953,80.847514,India,Chennai,R6970,scooter,302,312,87.55,787.51,delayed,0.88,0.6,0.65,0.76,0.77,0.2,0.07,low,perishable,0.34,47,1,2.9,Delivery delayed but driver communicated well,1,35.0
8449d900,2026-01-01,11.190797,84.054707,31.255609,88.578849,India,Ahmedabad,R8998,bike,151,151,48.95,251.15,on-time,0.9,0.43,0.37,0.39,0.94,0.27,0.79,medium,standard,0.55,23,0,4.2,Rude behavior by driver,0,59.0
539ebc95,2025-12-07,15.66031,78.150018,13.676971,74.638171,India,Chennai,R8822,scooter,308,308,100.08,776.88,on-time,0.63,0.32,0.67,0.31,0.91,0.15,0.38,low,standard,0.3,6,1,4.4,Late delivery and poor communication,1,43.0
b2b32695,2025-11-19,23.086381,94.035356,36.58371,83.46279,India,Ahmedabad,R5217,bike,49,49,17.39,127.63,on-time,0.55,0.32,0.63,0.31,0.35,0.56,0.1,high,fragile,0.75,59,0,3.0,Handled package carefully,1,38.0
b4069134,2025-12-06,13.041738,72.090676,27.911867,81.042076,India,Bengaluru,R1170,scooter,76,76,24.53,208.83,on-time,0.73,0.41,0.34,0.65,0.86,0.6,0.63,high,fragile,0.19,15,1,2.6,Driver was polite and professional,1,56.0
c504129a,2025-11-16,13.828391,72.462887,8.062905,83.711994,India,Kolkata,R6722,scooter,235,271,91.18,680.54,delayed,0.9,0.82,0.24,0.57,0.73,0.5,0.88,high,standard,0.76,39,0,2.7,Excellent service under tough conditions,1,63.0
7bf3c1d5,2025-12-10,26.586399,69.623286,28.968625,74.192335,India,Bengaluru,R2931,scooter,237,237,72.07,381.08,on-time,0.52,0.47,0.65,0.61,0.54,0.75,0.89,low,high_value,0.58,21,0,4.1,Handled package carefully,1,61.0
00289bb1,2025-12-27,12.429085,94.444351,22.35643,73.245537,India,Pune,R1014,van,147,147,41.85,326.42,on-time,0.74,0.87,0.77,0.3,0.61,0.79,0.96,high,perishable,0.25,46,0,2.8,Delivery delayed but driver communicated well,1,61.0
83fe0cf6,2026-01-08,16.404523,82.160388,9.749189,89.586872,India,Kolkata,R7451,van,290,290,72.65,650.13,on-time,0.75,0.65,0.59,0.55,0.84,0.59,0.87,high,high_value,0.53,7,0,3.7,Handled package carefully,1,65.0
38b6a30b,2026-01-04,30.168135,84.942611,20.452488,91.660189,India,Pune,R6701,bike,204,204,51.57,289.54,on-time,0.8,0.56,0.37,0.73,0.56,0.11,0.0,high,high_value,0.33,26,0,2.9,Rude behavior by driver,1,24.0
d0068368,2025-11-22,12.04627,89.054851,22.062688,72.772211,India,Chennai,R3498,bike,399,433,111.66,695.96,delayed,0.47,0.65,0.7,0.57,0.48,0.66,0.38,low,high_value,0.36,39,0,2.9,Late delivery and poor communication,1,44.0
77557194,2025-12-28,30.758259,70.533767,36.24026,74.968537,India,Chennai,R5776,bike,118,118,43.92,367.73,on-time,0.79,0.61,0.26,0.74,0.57,0.43,0.82,low,standard,0.38,25,0,2.5,Handled package carefully,1,50.0
a24514f7,2025-12-19,31.729386,85.451735,24.750323,82.933856,India,Bengaluru,R4411,scooter,281,281,76.8,439.99,on-time,0.9,0.76,0.53,0.44,0.63,0.55,0.37,low,fragile,0.15,29,0,3.3,Handled package carefully,1,42.0
f45f8db1,2025-11-24,13.37359,76.467502,8.936964,68.480433,India,Hyderabad,R8868,scooter,369,388,102.09,601.88,delayed,0.5,0.47,0.32,0.79,0.34,0.62,0.6,medium,high_value,0.89,43,0,2.7,Late delivery and poor communication,1,51.0
ab56bc80,2025-12-26,22.132798,84.066668,33.843988,82.021976,India,Pune,R7804,bike,309,332,106.33,849.42,delayed,0.53,0.51,0.34,0.65,0.88,0.38,0.61,medium,standard,0.13,6,0,3.5,Rude behavior by driver,1,50.0
38e48b3c,2026-01-03,21.185122,77.49003,19.212153,78.132257,India,Kolkata,R6794,scooter,293,293,98.04,715.06,on-time,0.93,0.84,0.35,0.43,0.71,0.83,0.37,high,perishable,0.63,5,0,4.0,Driver was polite and professional,1,59.0
4ce41c82,2026-01-03,9.783153,72.823488,28.315115,78.736694,India,Kolkata,R8882,scooter,85,85,21.37,153.81,on-time,0.5,0.87,0.49,0.44,0.67,0.21,0.9,low,fragile,0.4,11,1,3.4,Handled package carefully,1,49.0
99596116,2025-12-03,18.465959,72.30961,24.276656,92.56975,India,Mumbai,R1894,scooter,88,88,31.64,243.36,on-time,0.87,0.84,0.24,0.68,0.27,0.64,0.5,low,perishable,0.62,24,0,4.3,Excellent service under tough conditions,1,43.0
b312c688,2025-12-31,16.143919,68.245441,21.314189,68.22477,India,Hyderabad,R6352,van,39,39,10.94,66.22,on-time,0.67,0.55,0.5,0.8,0.65,0.1,0.46,medium,high_value,0.38,47,0,4.4,Delivery delayed but driver communicated well,1,37.0
836128ad,2025-11-13,30.575181,69.463001,34.909727,85.205676,India,Delhi,R9902,scooter,429,429,110.92,590.02,on-time,0.54,0.77,0.58,0.55,0.29,0.84,1.0,high,fragile,0.64,59,1,4.2,Rude behavior by driver,1,59.0
20574e32,2026-01-09,9.206141,77.179574,20.156006,93.046845,India,Chennai,R8968,bike,259,259,80.12,646.72,on-time,0.88,0.59,0.56,0.45,0.26,0.19,0.49,high,high_value,0.68,10,0,4.8,Rude behavior by driver,1,33.0
30c436d2,2025-11-26,9.801211,93.196835,27.429219,68.142027,India,Bengaluru,R5564,van,280,280,83.25,529.66,on-time,0.64,0.6,0.49,0.82,0.6,0.18,0.18,high,fragile,0.65,59,0,3.1,Handled package carefully,1,36.0
b6202fa5,2025-11-17,24.360545,76.617456,26.06173,86.880669,India,Pune,R8683,van,346,346,107.02,690.73,on-time,0.68,0.42,0.83,0.7,0.5,0.37,0.51,medium,high_value,0.19,40,0,3.0,Excellent service under tough conditions,1,37.0
88490e57,2025-12-27,18.264402,96.167542,14.041127,74.394997,India,Pune,R9347,scooter,109,147,35.05,215.8,delayed,0.6,0.65,0.31,0.57,0.64,0.4,0.81,medium,perishable,0.63,55,0,4.0,Late delivery and poor communication,1,55.0
f88354d1,2025-11-22,32.512294,70.95757,13.743501,88.120587,India,Chennai,R3909,bike,264,264,89.85,572.3,on-time,0.73,0.41,0.58,0.59,0.27,0.27,0.78,high,perishable,0.32,25,0,4.0,Handled package carefully,1,35.0
146bfa6d,2025-11-17,29.696625,69.584161,28.409452,95.718008,India,Ahmedabad,R2499,van,76,76,19.78,132.15,on-time,0.49,0.5,0.25,0.42,0.52,0.57,0.79,medium,high_value,0.12,55,0,3.8,Handled package carefully,1,47.0
316d2f9d,2025-11-22,36.98896,93.004838,11.115416,72.466433,India,Kolkata,R6241,bike,256,256,87.3,449.12,on-time,0.62,0.81,0.25,0.68,0.33,0.45,0.71,low,fragile,0.43,50,1,2.5,Late delivery and poor communication,1,42.0
565be59b,2025-12-05,10.893842,90.921856,10.021856,70.453266,India,Bengaluru,R9207,van,151,151,46.34,329.39,on-time,0.93,0.42,0.63,0.52,0.94,0.13,0.25,low,perishable,0.45,39,0,3.9,Delivery delayed but driver communicated well,1,43.0
d92d104b,2026-01-03,32.526179,69.16044,25.902848,95.007163,India,Pune,R9756,van,333,333,103.01,543.89,on-time,0.54,0.34,0.62,0.9,0.62,0.36,0.86,low,fragile,0.47,40,0,4.8,Late delivery and poor communication,1,52.0
2af7fcc8,2025-12-20,34.874755,94.980071,8.651508,90.514922,India,Bengaluru,R1572,bike,255,255,64.29,471.17,on-time,0.76,0.34,0.86,0.59,0.72,0.75,0.89,medium,fragile,0.66,12,1,3.3,Handled package carefully,0,68.0
eb803c66,2025-12-06,35.979646,68.019205,29.577812,72.578302,India,Pune,R6963,scooter,94,94,27.26,229.61,on-time,0.58,0.86,0.62,0.59,0.44,0.65,0.19,low,perishable,0.35,54,0,4.9,Driver was polite and professional,1,38.0
eb8f31d3,2026-01-03,15.737787,94.224083,8.069892,78.474528,India,Hyderabad,R6303,van,299,317,86.5,555.18,delayed,0.83,0.6,0.92,0.64,0.27,0.68,0.13,low,standard,0.35,8,1,3.4,Late delivery and poor communication,1,33.0
236ffc28,2025-12-22,16.136853,93.255377,11.301514,86.401796,India,Delhi,R4834,bike,63,63,18.63,162.53,on-time,0.47,0.55,0.24,0.85,0.93,0.66,0.98,low,standard,0.15,47,0,2.8,Delivery delayed but driver communicated well,1,66.0
6437704a,2025-11-11,25.699491,76.819766,9.361272,91.145344,India,Bengaluru,R5409,bike,333,333,113.29,682.45,on-time,0.93,0.79,0.27,0.78,0.41,0.35,0.87,medium,fragile,0.65,20,0,3.5,Late delivery and poor communication,1,48.0
71359655,2025-11-28,19.719328,69.637861,13.647315,95.601887,India,Chennai,R5689,van,265,265,79.53,712.08,on-time,0.65,0.8,0.23,0.57,0.52,0.18,0.89,low,perishable,0.55,7,0,3.7,Late delivery and poor communication,1,46.0
11681160,2025-11-30,15.860158,77.101561,28.692674,82.960755,India,Delhi,R3142,scooter,318,318,95.14,729.4,on-time,0.53,0.5,0.34,0.73,0.69,0.32,0.89,medium,standard,0.38,11,0,4.1,Rude behavior by driver,1,52.0
d8bae54f,2025-12-16,30.442394,85.318718,34.212663,68.779956,India,Kolkata,R6196,scooter,182,182,57.06,430.19,on-time,0.44,0.72,0.61,0.65,0.22,0.77,0.54,low,high_value,0.66,6,0,3.8,Rude behavior by driver,1,47.0
f6ecc574,2025-11-16,19.310973,82.876721,24.772066,88.622872,India,Bengaluru,R4691,scooter,170,170,43.7,389.51,on-time,0.49,0.76,0.68,0.6,0.81,0.88,0.65,low,fragile,0.53,5,0,3.8,Handled package carefully,1,67.0
b966929a,2025-12-18,20.736218,95.665781,19.022674,84.756559,India,Bengaluru,R2889,scooter,435,454,117.98,948.28,delayed,0.69,0.69,0.23,0.42,0.6,0.5,0.55,medium,standard,0.48,5,0,2.6,Handled package carefully,1,49.0
d6e2b91f,2026-01-03,34.153859,82.666987,36.019435,91.329244,India,Delhi,R7964,scooter,228,228,57.94,466.18,on-time,0.59,0.39,0.91,0.58,0.41,0.11,0.05,low,perishable,0.51,42,0,3.1,Late delivery and poor communication,1,24.0
a5bb510e,2025-12-30,22.90607,70.390771,20.725141,76.44557,India,Chennai,R7677,van,307,320,87.31,691.13,delayed,0.86,0.83,0.83,0.45,0.25,0.21,0.75,low,perishable,0.61,55,0,3.3,Driver was polite and professional,1,37.0
854adf4d,2026-01-03,10.781694,70.981996,10.439988,91.343581,India,Mumbai,R3414,van,166,166,53.64,423.29,on-time,0.64,0.62,0.42,0.85,0.32,0.36,0.51,low,fragile,0.63,11,0,5.0,Excellent service under tough conditions,1,38.0
7f3b6de8,2026-01-05,14.518333,95.733012,32.581875,75.546894,India,Kolkata,R8187,bike,369,401,100.78,856.25,delayed,0.54,0.47,0.26,0.5,0.87,0.56,0.65,high,perishable,0.33,28,0,3.2,Handled package carefully,1,58.0
87b1bdd4,2025-12-02,11.604534,84.776872,25.442831,85.986506,India,Chennai,R7560,scooter,328,328,85.96,705.89,on-time,0.74,0.56,0.33,0.87,0.71,0.16,0.5,medium,high_value,0.21,9,0,4.7,Late delivery and poor communication,1,38.0
37993772,2025-12-20,21.24303,80.354441,34.229253,77.512265,India,Chennai,R8042,bike,55,55,17.78,140.74,on-time,0.79,0.32,0.3,0.62,0.39,0.85,0.49,low,high_value,0.23,25,0,3.3,Late delivery and poor communication,1,46.0
4f290355,2025-12-13,13.690814,96.389328,26.514939,93.219814,India,Hyderabad,R7515,scooter,243,243,65.12,405.62,on-time,0.49,0.38,0.29,0.68,0.25,0.39,0.17,low,standard,0.61,32,0,2.7,Excellent service under tough conditions,1,30.0
dcf26693,2026-01-05,16.998869,77.160734,11.019879,71.598789,India,Bengaluru,R3817,van,276,276,82.09,453.69,on-time,0.49,0.76,0.59,0.63,0.72,0.83,0.28,high,perishable,0.8,22,0,3.1,Late delivery and poor communication,1,60.0
18dd6026,2025-12-07,34.844125,92.560787,16.993762,70.182333,India,Ahmedabad,R2442,van,52,52,18.38,109.28,on-time,0.42,0.3,0.38,0.38,0.63,0.72,0.16,medium,high_value,0.43,28,0,3.2,Excellent service under tough conditions,1,47.0
4ab4e202,2025-12-08,23.135301,87.356382,35.510423,76.115871,India,Hyderabad,R9256,scooter,305,305,87.49,519.84,on-time,0.81,0.55,0.47,0.53,0.5,0.7,0.2,medium,fragile,0.24,36,0,4.9,Excellent service under tough conditions,1,40.0
1ab20c7a,2026-01-06,24.366709,72.639968,8.348513,79.283239,India,Kolkata,R6702,bike,304,304,117.77,819.09,on-time,0.77,0.61,0.94,0.36,0.47,0.59,0.97,medium,perishable,0.71,49,1,4.2,Late delivery and poor communication,1,59.0
d36367bd,2025-12-11,33.093668,79.320321,22.326204,81.519992,India,Chennai,R3704,van,39,39,14.97,79.54,on-time,0.66,0.33,0.71,0.67,0.36,0.6,0.15,high,standard,0.77,37,0,4.8,Late delivery and poor communication,1,40.0
a303e478,2025-11-13,30.828789,86.008197,19.348988,87.41184,India,Kolkata,R6264,bike,330,330,89.96,558.63,on-time,0.86,0.88,0.91,0.57,0.7,0.61,0.27,high,fragile,0.8,14,0,4.6,Rude behavior by driver,1,54.0
ccf75ac4,2026-01-06,31.554541,70.619335,22.65027,69.496541,India,Chennai,R7932,van,453,453,114.15,843.72,on-time,0.84,0.44,0.31,0.77,0.93,0.6,0.59,medium,fragile,0.59,13,1,3.9,Excellent service under tough conditions,1,64.0
fa1389b9,2025-12-20,32.862481,76.51306,17.328879,81.991219,India,Ahmedabad,R7848,bike,254,254,69.9,518.24,on-time,0.72,0.48,0.49,0.43,0.33,0.54,0.61,medium,fragile,0.79,53,1,4.2,Delivery delayed but driver communicated well,1,47.0
543c544a,2025-12-01,24.729768,70.877054,13.586166,78.726977,India,Pune,R1562,van,283,283,106.73,911.26,on-time,0.88,0.48,0.62,0.4,0.65,0.89,0.15,low,high_value,0.11,37,1,4.1,Excellent service under tough conditions,1,46.0
ac001170,2025-11-28,14.873522,74.886232,24.336804,69.036285,India,Chennai,R3892,van,189,189,53.06,321.44,on-time,0.51,0.44,0.26,0.54,0.52,0.69,0.79,high,fragile,0.19,37,0,4.2,Delivery delayed but driver communicated well,1,52.0
988c5735,2025-11-27,23.528996,95.608099,29.091987,93.06453,India,Pune,R7167,scooter,39,79,12.85,88.38,delayed,0.46,0.3,0.2,0.86,0.54,0.72,0.79,medium,high_value,0.17,11,0,3.2,Late delivery and poor communication,1,53.0
2df2fb9f,2026-01-08,22.143793,78.828687,12.665691,91.167541,India,Mumbai,R1697,scooter,262,288,82.38,532.38,delayed,0.55,0.74,0.7,0.73,0.39,0.8,0.24,low,fragile,0.67,8,1,3.5,Handled package carefully,1,47.0
2cca38af,2025-12-23,36.222676,96.744625,21.926513,84.376141,India,Mumbai,R6870,bike,289,320,86.37,635.23,delayed,0.43,0.88,0.68,0.55,0.82,0.27,0.29,high,high_value,0.16,32,1,4.0,Driver was polite and professional,1,40.0
1fb4d574,2026-01-04,16.998243,69.849591,27.252857,73.784109,India,Kolkata,R2620,scooter,360,360,97.54,698.65,on-time,0.69,0.43,0.51,0.61,0.56,0.17,0.94,high,perishable,0.5,27,0,2.6,Late delivery and poor communication,1,47.0
a00d7071,2025-12-12,25.276386,95.306495,8.176596,74.030519,India,Pune,R2807,bike,409,409,119.81,755.37,on-time,0.92,0.7,0.57,0.35,0.61,0.49,0.83,high,high_value,0.48,57,0,3.7,Driver was polite and professional,1,54.0
ec023aef,2025-12-15,30.616299,68.641047,32.474913,75.589555,India,Chennai,R8639,van,234,234,76.4,457.68,on-time,0.42,0.75,0.51,0.89,0.43,0.51,0.7,high,high_value,0.35,36,1,4.6,Rude behavior by driver,1,45.0
0cf0544d,2025-12-25,28.506519,77.521455,36.92339,90.530089,India,Ahmedabad,R1064,scooter,69,69,23.27,136.74,on-time,0.47,0.81,0.22,0.7,0.34,0.76,0.08,high,perishable,0.8,48,0,3.7,Delivery delayed but driver communicated well,1,43.0
803896db,2025-11-22,23.168613,90.369173,32.055166,81.550666,India,Kolkata,R1844,bike,174,174,53.47,333.48,on-time,0.65,0.55,0.45,0.47,0.26,0.46,0.42,low,fragile,0.24,20,0,3.9,Rude behavior by driver,1,31.0
5500c2d1,2025-12-07,24.952651,91.38489,36.766508,92.141914,India,Delhi,R1650,scooter,16,16,6.61,45.48,on-time,0.91,0.48,0.33,0.65,0.74,0.56,0.56,high,perishable,0.38,50,0,3.0,Handled package carefully,1,53.0
e947de09,2025-11-27,30.963461,68.326832,8.661435,92.032205,India,Ahmedabad,R9896,scooter,137,167,36.56,188.92,delayed,0.57,0.5,0.27,0.37,0.35,0.52,0.19,high,fragile,0.72,59,0,4.5,Handled package carefully,1,38.0
b9832b8e,2025-12-25,18.612279,90.001579,18.61832,84.424219,India,Hyderabad,R7103,scooter,14,14,4.34,23.84,on-time,0.68,0.73,0.92,0.88,0.72,0.13,0.45,low,high_value,0.12,14,0,3.4,Excellent service under tough conditions,1,36.0
42c6a932,2025-11-23,10.479911,82.776425,29.324091,69.179111,India,Bengaluru,R6706,van,141,172,40.18,352.78,delayed,0.42,0.79,0.65,0.4,0.49,0.59,0.6,low,fragile,0.64,18,0,4.9,Late delivery and poor communication,1,51.0
3641552c,2025-11-11,32.519165,90.60406,35.481631,77.46627,India,Chennai,R2175,scooter,104,127,35.05,175.83,delayed,0.48,0.41,0.75,0.69,0.51,0.76,0.33,high,high_value,0.75,43,1,5.0,Excellent service under tough conditions,1,52.0
8bcb4fda,2026-01-04,30.230736,90.069492,17.297368,84.329025,India,Pune,R2699,bike,288,288,99.08,793.15,on-time,0.94,0.52,0.44,0.45,0.55,0.23,0.78,low,fragile,0.85,40,0,4.8,Handled package carefully,1,51.0
1df7c7a8,2025-12-11,10.30579,74.413975,21.048443,69.46332,India,Delhi,R1952,bike,328,328,94.23,687.43,on-time,0.93,0.84,0.49,0.73,0.48,0.58,0.84,high,high_value,0.8,38,0,2.7,Handled package carefully,1,58.0
42e973ee,2025-12-24,19.61615,70.205671,10.453716,73.712914,India,Chennai,R3669,van,116,116,33.1,242.83,on-time,0.4,0.78,0.38,0.77,0.28,0.57,0.32,low,high_value,0.36,28,1,3.3,Excellent service under tough conditions,1,34.0
ea0d51b6,2025-11-30,30.032433,71.104875,15.67504,70.835332,India,Pune,R9597,bike,372,382,104.97,938.92,delayed,0.92,0.89,0.27,0.7,0.43,0.23,0.84,low,standard,0.57,22,0,4.9,Rude behavior by driver,1,44.0
f73c9910,2025-12-26,9.137052,68.815731,13.814346,74.302807,India,Delhi,R8208,scooter,79,102,27.7,161.71,delayed,0.75,0.75,0.33,0.67,0.7,0.2,0.1,medium,fragile,0.16,20,0,4.5,Driver was polite and professional,1,30.0
d0a328e2,2025-12-12,32.256887,90.335423,22.06117,91.863976,India,Hyderabad,R6839,van,365,401,112.33,834.77,delayed,0.88,0.54,0.8,0.84,0.7,0.88,0.84,low,fragile,0.31,45,0,4.8,Delivery delayed but driver communicated well,1,64.0
4930591f,2025-12-20,9.080389,71.797457,18.697463,88.509583,India,Kolkata,R5669,bike,193,193,66.24,349.47,on-time,0.65,0.65,0.71,0.35,0.41,0.41,0.15,medium,standard,0.18,41,0,3.9,Handled package carefully,1,28.0
f43dfb15,2025-12-20,25.219112,90.448232,29.713604,88.554398,India,Mumbai,R9313,van,132,132,43.01,381.54,on-time,0.68,0.7,0.61,0.5,0.55,0.28,0.08,medium,high_value,0.35,45,0,3.7,Excellent service under tough conditions,1,30.0
31940d5e,2025-11-12,36.495425,84.21381,11.538314,90.674397,India,Mumbai,R9888,van,280,280,101.36,845.34,on-time,0.67,0.35,0.56,0.45,0.35,0.24,0.64,low,high_value,0.8,29,0,2.8,Handled package carefully,1,41.0
55327955,2025-11-24,9.051774,71.564212,22.357752,83.390809,India,Delhi,R2517,scooter,312,337,81.77,618.32,delayed,0.77,0.63,0.89,0.89,0.36,0.63,0.47,low,standard,0.38,12,1,4.6,Rude behavior by driver,1,42.0
601f77a9,2026-01-04,15.73439,81.08976,33.442735,69.007007,India,Mumbai,R7035,van,269,287,84.69,454.85,delayed,0.48,0.73,0.25,0.53,0.22,0.59,0.91,low,standard,0.55,28,0,4.4,Delivery delayed but driver communicated well,1,48.0
60809e5f,2025-11-22,8.152116,86.282648,31.64977,88.142017,India,Chennai,R2121,bike,199,222,77.82,411.15,delayed,0.42,0.4,0.41,0.74,0.87,0.61,0.36,low,perishable,0.45,24,0,2.6,Rude behavior by driver,1,55.0
28a23660,2025-12-26,32.844122,79.732582,34.691151,71.146121,India,Bengaluru,R6925,van,60,60,15.82,107.16,on-time,0.57,0.77,0.46,0.71,0.36,0.17,0.29,high,high_value,0.47,52,0,3.0,Driver was polite and professional,1,28.0
2dc2dff6,2025-12-07,25.242763,79.797584,12.08313,74.327559,India,Mumbai,R3344,scooter,129,129,39.71,298.73,on-time,0.79,0.65,0.79,0.43,0.37,0.81,0.5,medium,perishable,0.88,34,0,3.9,Rude behavior by driver,1,55.0
9982ca43,2025-11-15,32.546352,83.476713,16.576139,68.413798,India,Chennai,R9098,bike,107,125,27.5,239.47,delayed,0.51,0.87,0.94,0.44,0.41,0.41,0.46,low,fragile,0.34,24,0,4.2,Delivery delayed but driver communicated well,1,37.0
fdcd9875,2025-12-26,26.433801,84.781886,24.956014,69.790421,India,Delhi,R2034,bike,210,210,74.16,526.3,on-time,0.77,0.33,0.38,0.47,0.3,0.35,0.34,medium,perishable,0.6,22,0,2.8,Delivery delayed but driver communicated well,1,34.0
30a9f240,2025-11-13,9.924221,81.057304,21.80037,74.196297,India,Chennai,R6576,van,292,292,75.86,517.52,on-time,0.93,0.46,0.86,0.55,0.68,0.47,0.69,low,standard,0.44,8,1,3.1,Handled package carefully,1,53.0
9460983e,2025-12-12,22.003738,78.923275,25.663717,80.723747,India,Bengaluru,R1585,bike,434,434,113.39,701.88,on-time,0.45,0.66,0.82,0.44,0.26,0.41,0.76,low,standard,0.15,52,0,3.0,Driver was polite and professional,1,36.0
c9589bb1,2025-11-27,36.641827,69.346605,10.028891,95.186927,India,Kolkata,R9399,van,359,369,112.14,805.21,delayed,0.77,0.48,0.37,0.31,0.3,0.79,0.85,low,standard,0.49,40,0,3.0,Late delivery and poor communication,1,53.0
b4d56794,2025-11-19,19.492369,70.965368,29.245548,72.408993,India,Pune,R9918,van,128,128,45.05,398.13,on-time,0.64,0.73,0.5,0.83,0.68,0.84,0.97,high,standard,0.75,10,0,4.8,Handled package carefully,1,72.0
2f18f399,2026-01-09,34.973421,69.238902,33.132085,96.594987,India,Mumbai,R7746,bike,325,325,91.67,774.51,on-time,0.88,0.76,0.51,0.88,0.45,0.34,0.27,high,perishable,0.18,7,0,4.3,Excellent service under tough conditions,1,30.0
ef6a0517,2025-12-13,21.633774,68.311463,24.851237,90.485413,India,Delhi,R1823,scooter,13,13,5.06,38.02,on-time,0.5,0.36,0.93,0.5,0.73,0.79,0.72,high,perishable,0.16,22,0,4.3,Rude behavior by driver,1,58.0
46e0f26e,2026-01-01,12.582929,76.69648,13.782845,91.203326,India,Ahmedabad,R1159,bike,327,341,83.74,669.35,delayed,0.78,0.61,0.34,0.5,0.62,0.73,0.39,low,perishable,0.22,51,1,4.5,Rude behavior by driver,1,48.0
6fb9471d,2026-01-01,9.55969,83.417305,17.562605,91.669358,India,Chennai,R1188,scooter,308,308,101.72,806.28,on-time,0.86,0.61,0.8,0.3,0.39,0.84,0.68,low,standard,0.71,44,0,3.4,Delivery delayed but driver communicated well,1,57.0
3e33b5de,2025-12-28,14.061915,79.968482,12.856764,85.533663,India,Ahmedabad,R2203,scooter,97,97,36.59,234.12,on-time,0.92,0.52,0.45,0.71,0.69,0.3,0.48,medium,standard,0.68,22,0,4.4,Excellent service under tough conditions,1,48.0
0847a364,2025-11-24,18.012319,93.811654,23.934002,84.993493,India,Kolkata,R5526,van,92,92,33.2,280.43,on-time,0.78,0.86,0.75,0.8,0.29,0.56,0.99,medium,high_value,0.55,27,1,4.9,Delivery delayed but driver communicated well,1,51.0
2bad0d5e,2025-12-04,15.728439,73.348394,35.126854,74.983218,India,Chennai,R9975,bike,176,176,52.58,424.32,on-time,0.67,0.8,0.52,0.39,0.6,0.32,0.73,high,high_value,0.47,39,0,4.2,Excellent service under tough conditions,1,48.0
2c7c161c,2025-11-22,31.403274,77.846563,24.881952,88.857441,India,Delhi,R8661,bike,55,55,14.6,78.65,on-time,0.74,0.72,0.63,0.4,0.53,0.76,0.95,low,standard,0.81,10,1,3.5,Delivery delayed but driver communicated well,1,66.0
5cab378e,2025-12-18,28.073958,82.464305,8.209835,91.617238,India,Kolkata,R9147,van,96,96,27.39,245.33,on-time,0.88,0.73,0.82,0.77,0.4,0.1,0.83,low,high_value,0.71,58,0,4.3,Late delivery and poor communication,1,42.0
70b6c055,2025-12-24,13.110062,87.313647,9.275045,94.479639,India,Hyderabad,R9622,scooter,56,56,18.82,135.44,on-time,0.71,0.58,0.8,0.67,0.65,0.55,0.9,medium,fragile,0.75,30,0,4.8,Late delivery and poor communication,1,62.0
e14a19f2,2025-12-24,32.40312,78.142243,18.964748,79.80529,India,Pune,R2483,bike,39,39,10.29,66.41,on-time,0.42,0.85,0.85,0.33,0.85,0.37,0.81,high,fragile,0.75,25,0,2.8,Handled package carefully,1,62.0
36a085a9,2025-11-27,23.258188,77.081988,25.495336,82.772493,India,Kolkata,R2343,bike,58,58,21.79,144.5,on-time,0.91,0.72,0.24,0.67,0.95,0.36,0.46,high,standard,0.61,28,0,3.2,Late delivery and poor communication,1,56.0
0fecfb06,2025-11-14,10.688777,74.223654,10.300197,79.083482,India,Chennai,R8465,bike,31,44,10.39,86.32,delayed,0.78,0.74,0.72,0.49,0.66,0.62,0.25,medium,perishable,0.47,19,0,4.8,Excellent service under tough conditions,1,47.0
28528761,2026-01-09,33.413973,93.373448,11.843294,96.36159,India,Bengaluru,R4213,scooter,215,215,67.74,463.9,on-time,0.77,0.82,0.3,0.52,0.5,0.78,0.37,high,fragile,0.79,31,0,4.9,Delivery delayed but driver communicated well,1,54.0
03feef2a,2025-12-11,20.221848,82.142329,36.110428,83.483877,India,Hyderabad,R9019,scooter,163,163,49.75,296.58,on-time,0.52,0.46,0.51,0.76,0.37,0.59,0.02,medium,fragile,0.84,36,0,3.7,Excellent service under tough conditions,1,39.0
0de3f1b3,2025-11-30,15.447581,96.878582,16.619184,83.156868,India,Chennai,R9232,scooter,286,286,106.21,953.11,on-time,0.76,0.78,0.61,0.79,0.39,0.78,0.52,high,perishable,0.12,16,0,3.4,Handled package carefully,1,43.0
dc08a426,2025-11-19,16.37631,83.644292,25.603992,86.928815,India,Pune,R8440,bike,110,146,44.05,274.98,delayed,0.62,0.42,0.5,0.54,0.56,0.31,0.51,high,high_value,0.14,9,1,3.2,Handled package carefully,1,37.0
1cb51996,2025-12-01,8.341049,85.915364,10.744121,89.840119,India,Pune,R9412,bike,210,210,74.88,417.93,on-time,0.76,0.51,0.59,0.87,0.48,0.52,0.53,high,perishable,0.87,11,0,3.7,Driver was polite and professional,1,51.0
07994268,2026-01-04,9.565511,84.948643,25.416785,81.375567,India,Ahmedabad,R5729,bike,229,229,79.19,628.52,on-time,0.46,0.5,0.95,0.54,0.89,0.46,0.97,low,high_value,0.32,26,0,4.8,Late delivery and poor communication,1,62.0
e4ef8d5d,2026-01-02,32.716139,82.029396,8.761203,83.257565,India,Chennai,R8135,scooter,62,62,18.23,110.58,on-time,0.76,0.89,0.3,0.76,0.48,0.11,0.91,low,high_value,0.8,31,0,2.9,Rude behavior by driver,1,47.0
b962f93c,2025-12-13,29.697511,75.954376,13.799615,72.333128,India,Mumbai,R2192,scooter,106,106,33.38,268.22,on-time,0.95,0.81,0.71,0.59,0.48,0.55,0.16,medium,perishable,0.41,19,0,3.5,Rude behavior by driver,1,38.0
91839a64,2025-11-26,32.691552,78.372204,34.891176,72.304578,India,Pune,R6822,bike,12,28,4.56,40.5,delayed,0.43,0.72,0.5,0.84,0.49,0.63,0.37,medium,high_value,0.2,43,0,4.8,Driver was polite and professional,1,41.0
e79fb7a7,2025-12-13,10.122827,92.710883,22.983321,86.326171,India,Hyderabad,R8722,bike,36,36,14.12,110.83,on-time,0.94,0.74,0.3,0.84,0.83,0.57,0.42,high,fragile,0.16,49,0,3.4,Delivery delayed but driver communicated well,1,50.0
417d3e66,2026-01-06,14.550339,88.318609,17.958192,84.589207,India,Ahmedabad,R2583,bike,286,286,95.22,636.96,on-time,0.62,0.64,0.32,0.35,0.69,0.69,0.36,low,standard,0.23,39,1,4.4,Driver was polite and professional,1,49.0
caa565b0,2025-11-27,12.360276,85.29717,9.603754,83.576778,India,Delhi,R1833,van,400,400,101.77,556.12,on-time,0.88,0.87,0.91,0.86,0.66,0.56,0.8,low,high_value,0.3,30,0,3.5,Delivery delayed but driver communicated well,1,54.0
4622c7d7,2025-12-10,20.224701,82.807761,20.739909,81.91337,India,Hyderabad,R5059,bike,253,253,78.54,457.09,on-time,0.83,0.6,0.86,0.8,0.45,0.15,0.52,high,fragile,0.49,27,0,4.5,Late delivery and poor communication,1,35.0
c1c0bc37,2025-11-12,29.613448,70.623514,15.015574,95.870981,India,Bengaluru,R7325,van,140,140,42.03,342.09,on-time,0.71,0.53,0.88,0.77,0.81,0.19,0.57,low,perishable,0.66,17,1,5.0,Late delivery and poor communication,1,50.0
e518ab66,2025-12-26,12.040578,75.188854,11.009001,79.053243,India,Mumbai,R4962,scooter,19,19,5.77,34.2,on-time,0.81,0.4,0.94,0.42,0.23,0.58,0.85,low,high_value,0.89,30,1,3.5,Handled package carefully,1,52.0
5fc770d4,2025-12-25,25.693281,94.646484,32.838662,78.906242,India,Hyderabad,R1148,van,192,206,58.12,375.84,delayed,0.88,0.77,0.36,0.78,0.85,0.32,0.81,low,fragile,0.45,7,0,4.6,Handled package carefully,1,56.0
d2198012,2025-11-18,17.491776,80.836443,11.037314,71.284776,India,Hyderabad,R4242,van,243,243,95.68,622.76,on-time,0.62,0.74,0.47,0.81,0.58,0.16,0.13,medium,high_value,0.51,33,0,5.0,Handled package carefully,1,32.0
2d11579f,2025-11-29,29.679612,82.29766,35.63395,94.897106,India,Chennai,R9158,scooter,359,359,95.35,493.55,on-time,0.58,0.53,0.7,0.47,0.5,0.44,0.71,low,perishable,0.52,6,0,5.0,Handled package carefully,1,48.0
531ffce6,2025-11-15,25.507304,77.422286,25.199846,87.379313,India,Ahmedabad,R5518,van,176,176,44.82,396.56,on-time,0.77,0.32,0.56,0.87,0.57,0.54,0.44,high,standard,0.53,32,0,3.6,Rude behavior by driver,1,47.0
d4d81540,2025-12-26,30.013102,95.403813,11.2933,82.311987,India,Bengaluru,R4966,van,341,341,89.93,613.82,on-time,0.84,0.8,0.51,0.33,0.7,0.36,0.29,medium,high_value,0.51,27,1,3.7,Handled package carefully,1,43.0
e173007d,2025-12-14,24.667067,84.998481,16.531236,69.857808,India,Hyderabad,R7978,bike,61,61,24.16,190.34,on-time,0.82,0.31,0.47,0.39,0.21,0.68,0.05,high,standard,0.11,40,0,3.3,Handled package carefully,1,26.0
f4febcaa,2025-12-11,31.412873,74.910248,28.475378,82.343719,India,Ahmedabad,R3785,scooter,174,174,51.1,417.8,on-time,0.84,0.72,0.65,0.62,0.85,0.62,0.49,medium,high_value,0.1,53,0,3.3,Handled package carefully,1,52.0
c245f3c0,2025-12-03,17.609922,84.135675,26.73723,90.506716,India,Pune,R1987,bike,89,89,27.53,212.86,on-time,0.64,0.88,0.63,0.65,0.54,0.37,0.36,low,high_value,0.18,10,0,3.7,Delivery delayed but driver communicated well,1,35.0
0d1d53bd,2025-12-01,31.393985,84.298153,20.140295,95.266308,India,Hyderabad,R7021,scooter,79,79,20.23,111.21,on-time,0.85,0.56,0.32,0.69,0.46,0.7,0.25,low,perishable,0.18,15,0,3.0,Excellent service under tough conditions,1,39.0
1d9fa7bc,2025-12-21,21.599788,68.553718,36.697175,68.12705,India,Mumbai,R6232,bike,140,179,45.5,260.63,delayed,0.47,0.44,0.55,0.31,0.3,0.62,0.69,low,high_value,0.66,42,0,4.3,Handled package carefully,1,48.0
781832ee,2026-01-06,25.986664,71.964499,19.638077,75.622298,India,Mumbai,R9624,scooter,311,311,92.24,503.94,on-time,0.7,0.72,0.62,0.88,0.53,0.61,0.77,medium,fragile,0.26,58,0,3.8,Driver was polite and professional,1,50.0
80e31bb8,2025-12-04,29.960977,95.737761,13.629384,95.03398,India,Mumbai,R2369,van,209,209,60.06,493.65,on-time,0.4,0.79,0.63,0.33,0.57,0.54,0.24,low,fragile,0.82,38,0,4.7,Handled package carefully,1,48.0
ae36211d,2025-12-26,26.576387,68.726084,29.928438,74.736044,India,Delhi,R9510,bike,250,250,76.26,546.58,on-time,0.58,0.63,0.36,0.39,0.5,0.11,0.05,low,standard,0.84,21,0,4.5,Handled package carefully,1,31.0
8e85b87a,2025-12-11,13.621069,92.055522,27.007704,84.759692,India,Bengaluru,R5020,scooter,154,154,44.54,260.24,on-time,0.6,0.88,0.76,0.31,0.71,0.66,0.85,medium,standard,0.88,7,0,3.3,Rude behavior by driver,1,68.0
49726659,2025-12-05,28.816398,78.275098,25.007898,70.169406,India,Pune,R3015,scooter,178,199,67.93,362.94,delayed,0.62,0.33,0.22,0.64,0.52,0.4,0.01,low,fragile,0.85,48,0,3.8,Excellent service under tough conditions,1,39.0
f0ee5648,2026-01-09,17.710559,74.057716,8.095666,80.494349,India,Hyderabad,R9299,scooter,19,53,6.83,36.9,delayed,0.78,0.6,0.47,0.86,0.92,0.85,0.94,low,standard,0.32,50,0,4.4,Handled package carefully,1,72.0
b40c673b,2025-11-28,18.071662,68.827442,20.170833,83.895949,India,Mumbai,R6879,van,274,306,102.26,517.22,delayed,0.61,0.73,0.79,0.7,0.65,0.75,0.63,high,standard,0.51,38,0,3.0,Excellent service under tough conditions,1,58.0
9547441a,2025-11-26,21.398738,76.632543,17.050505,81.472499,India,Pune,R7757,van,242,242,81.48,647.03,on-time,0.65,0.82,0.62,0.79,0.81,0.57,0.32,high,fragile,0.24,26,1,2.6,Delivery delayed but driver communicated well,1,49.0
933209b2,2026-01-01,21.000581,80.07419,30.094649,88.489573,India,Mumbai,R1677,scooter,188,188,58.58,429.0,on-time,0.53,0.41,0.4,0.31,0.28,0.3,0.25,low,fragile,0.74,33,0,4.6,Late delivery and poor communication,1,32.0
5fbc354d,2025-12-11,23.427592,95.902329,9.510105,80.332484,India,Mumbai,R4468,bike,111,149,30.35,232.95,delayed,0.61,0.78,0.72,0.63,0.5,0.26,0.01,low,fragile,0.81,58,0,2.8,Excellent service under tough conditions,1,34.0
975b8003,2025-12-17,8.349052,90.401508,24.245615,72.64233,India,Delhi,R6558,bike,130,163,50.77,421.94,delayed,0.52,0.63,0.63,0.58,0.45,0.37,0.24,high,perishable,0.78,33,0,4.7,Excellent service under tough conditions,1,39.0
5cd9f348,2025-12-11,27.240729,86.744883,33.986775,91.727597,India,Hyderabad,R6842,van,63,63,21.88,173.31,on-time,0.44,0.54,0.8,0.6,0.63,0.48,0.14,low,perishable,0.45,9,0,4.8,Handled package carefully,1,40.0
ff2f6e44,2025-12-30,28.707109,68.528762,18.944644,84.381156,India,Pune,R1934,scooter,179,200,51.46,309.25,delayed,0.73,0.38,0.75,0.34,0.85,0.34,0.61,high,fragile,0.71,14,0,3.7,Handled package carefully,0,57.0
f808945d,2025-11-18,23.828019,79.575138,22.962692,86.757317,India,Hyderabad,R6547,van,248,248,75.31,631.41,on-time,0.77,0.82,0.66,0.71,0.26,0.51,0.17,low,high_value,0.18,14,0,4.5,Handled package carefully,1,27.0
569bfb51,2025-12-25,12.776985,81.98215,9.913867,88.348185,India,Mumbai,R7362,scooter,20,46,6.64,39.47,delayed,0.74,0.39,0.57,0.6,0.25,0.23,0.53,high,fragile,0.13,57,0,3.4,Rude behavior by driver,1,26.0
df53d5a8,2025-12-31,24.29485,87.44407,11.580151,93.878467,India,Delhi,R6715,bike,48,48,14.6,124.31,on-time,0.65,0.49,0.3,0.76,0.84,0.88,0.59,low,perishable,0.7,13,0,4.6,Late delivery and poor communication,1,70.0
c0f4a827,2026-01-05,32.944476,80.143244,17.91729,68.824496,India,Kolkata,R6635,scooter,51,51,13.54,91.88,on-time,0.61,0.47,0.4,0.59,0.36,0.19,0.3,high,standard,0.44,25,0,4.6,Rude behavior by driver,1,28.0
1ab338ad,2026-01-07,26.146325,84.591036,17.09021,96.861398,India,Chennai,R7925,bike,225,254,65.95,440.15,delayed,0.87,0.82,0.51,0.39,0.7,0.85,0.04,low,high_value,0.9,17,0,2.7,Rude behavior by driver,1,57.0
